{
   "temperature":     298.150000000000,
   "unit": "hartree",
   "energy":     -64.700025091434,
   "free energy":     -64.467477737170,
   "G(T)":       0.232547354264,
   "ZPVE":       0.288491457391,
   "number of imags":0,
   "point group": "c1",
   "gradient norm":       0.000081764424
}
