{
   "temperature":     298.150000000000,
   "unit": "hartree",
   "energy":     -64.702809148336,
   "free energy":     -64.469724689512,
   "G(T)":       0.233084458824,
   "ZPVE":       0.288465237510,
   "number of imags":0,
   "point group": "c1",
   "gradient norm":       0.000079441140
}
