{
   "temperature":     298.150000000000,
   "unit": "hartree",
   "energy":     -64.701671941793,
   "free energy":     -64.469064718470,
   "G(T)":       0.232607223323,
   "ZPVE":       0.288198667134,
   "number of imags":0,
   "point group": "c1",
   "gradient norm":       0.000087316423
}
