{
    "partname": "prescreening",
    "runtime": 25.58415960939601,
    "results": {
        "CONF1": {
            "xtb_gsolv": {
                "gsolv": 0.0004337165939993781,
                "energy_xtb_gas": -22.220960233456,
                "energy_xtb_solv": -22.220526516862
            },
            "sp": {
                "energy": -310.15962447364
            },
            "gtot": -310.159190757046,
            "bmw": 1.0
        }
    },
    "settings": {
        "threshold": 4.0,
        "func": "pbe-d4",
        "basis": "def2-sv(p)",
        "prog": "orca",
        "gfnv": "gfn2",
        "run": true,
        "template": false
    },
    "nconf_in": 1,
    "nconf_out": 1
}