{
   "temperature":     298.150000000000,
   "unit": "hartree",
   "energy":     -65.047938943743,
   "free energy":     -64.795349298157,
   "G(T)":       0.252589645586,
   "ZPVE":       0.312744246896,
   "number of imags":0,
   "point group": "c1",
   "gradient norm":       0.000034512925
}
