{
   "temperature":     298.150000000000,
   "unit": "hartree",
   "energy":     -65.048723885620,
   "free energy":     -64.795362745738,
   "G(T)":       0.253361139882,
   "ZPVE":       0.312962852469,
   "number of imags":0,
   "point group": "c1",
   "gradient norm":       0.000082923737
}
