{
   "temperature":     298.150000000000,
   "unit": "hartree",
   "energy":     -64.705613121336,
   "free energy":     -64.473226679566,
   "G(T)":       0.232386441770,
   "ZPVE":       0.288407791734,
   "number of imags":0,
   "point group": "c1",
   "gradient norm":       0.000025056448
}
