{
   "temperature":     298.150000000000,
   "unit": "hartree",
   "energy":     -65.056016734126,
   "free energy":     -64.802670222225,
   "G(T)":       0.253346511900,
   "ZPVE":       0.312824185222,
   "number of imags":0,
   "point group": "c1",
   "gradient norm":       0.000081451361
}
