{
   "temperature":     298.150000000000,
   "unit": "hartree",
   "energy":     -65.048940335171,
   "free energy":     -64.795808222960,
   "G(T)":       0.253132112211,
   "ZPVE":       0.313076667308,
   "number of imags":0,
   "point group": "c1",
   "gradient norm":       0.000057813622
}
