{
   "temperature":     298.150000000000,
   "unit": "hartree",
   "energy":     -65.047052131265,
   "free energy":     -64.794313943551,
   "G(T)":       0.252738187714,
   "ZPVE":       0.312963222115,
   "number of imags":0,
   "point group": "c1",
   "gradient norm":       0.000180210042
}
