{
   "temperature":     298.150000000000,
   "unit": "hartree",
   "energy":     -64.705737708442,
   "free energy":     -64.473529108683,
   "G(T)":       0.232208599759,
   "ZPVE":       0.288166895380,
   "number of imags":0,
   "point group": "c1",
   "gradient norm":       0.000128348791
}
