{
   "temperature":     298.150000000000,
   "unit": "hartree",
   "energy":     -65.057173867842,
   "free energy":     -64.803664810484,
   "G(T)":       0.253509057358,
   "ZPVE":       0.312924485205,
   "number of imags":0,
   "point group": "c1",
   "gradient norm":       0.000092847485
}
