{
   "temperature":     298.150000000000,
   "unit": "hartree",
   "energy":     -65.043824793107,
   "free energy":     -64.791057454576,
   "G(T)":       0.252767338531,
   "ZPVE":       0.313114166488,
   "number of imags":0,
   "point group": "c1",
   "gradient norm":       0.000096711069
}
