{
   "temperature":     298.150000000000,
   "unit": "hartree",
   "energy":     -65.043408228292,
   "free energy":     -64.790160571444,
   "G(T)":       0.253247656848,
   "ZPVE":       0.313073814204,
   "number of imags":0,
   "point group": "c1",
   "gradient norm":       0.000141514858
}
