{
   "temperature":     298.150000000000,
   "unit": "hartree",
   "energy":     -64.694901364587,
   "free energy":     -64.463357006332,
   "G(T)":       0.231544358254,
   "ZPVE":       0.288317731058,
   "number of imags":0,
   "point group": "c1",
   "gradient norm":       0.000057909846
}
