{
   "temperature":     298.150000000000,
   "unit": "hartree",
   "energy":     -65.046706871707,
   "free energy":     -64.794025868849,
   "G(T)":       0.252681002858,
   "ZPVE":       0.312912534082,
   "number of imags":0,
   "point group": "c1",
   "gradient norm":       0.000090385648
}
