{
   "temperature":     298.150000000000,
   "unit": "hartree",
   "energy":     -65.044875678347,
   "free energy":     -64.791644878898,
   "G(T)":       0.253230799449,
   "ZPVE":       0.312889618056,
   "number of imags":0,
   "point group": "c1",
   "gradient norm":       0.000071428281
}
