{
   "temperature":     298.150000000000,
   "unit": "hartree",
   "energy":     -14.952288427214,
   "free energy":     -14.927684085825,
   "G(T)":       0.024604341389,
   "ZPVE":       0.055056336812,
   "number of imags":0,
   "point group": "c1",
   "gradient norm":       0.000098646480
}
