{
   "temperature":     298.150000000000,
   "unit": "hartree",
   "energy":     -65.057071784890,
   "free energy":     -64.803625126614,
   "G(T)":       0.253446658276,
   "ZPVE":       0.312735652867,
   "number of imags":0,
   "point group": "c1",
   "gradient norm":       0.000062421059
}
