{
   "temperature":     298.150000000000,
   "unit": "hartree",
   "energy":     -65.026086433701,
   "free energy":     -64.778097486732,
   "G(T)":       0.247988946970,
   "ZPVE":       0.313196704293,
   "number of imags":0,
   "point group": "c1",
   "gradient norm":       0.000069957474
}
