{
   "temperature":     298.150000000000,
   "unit": "hartree",
   "energy":     -65.038802380621,
   "free energy":     -64.786148985643,
   "G(T)":       0.252653394978,
   "ZPVE":       0.313157291825,
   "number of imags":0,
   "point group": "c1",
   "gradient norm":       0.000060807101
}
