{
   "temperature":     298.150000000000,
   "unit": "hartree",
   "energy":     -65.059808201229,
   "free energy":     -64.806333114919,
   "G(T)":       0.253475086311,
   "ZPVE":       0.312619745458,
   "number of imags":0,
   "point group": "c1",
   "gradient norm":       0.000098470495
}
