{
   "temperature":     298.150000000000,
   "unit": "hartree",
   "energy":     -64.701767105232,
   "free energy":     -64.469401559176,
   "G(T)":       0.232365546056,
   "ZPVE":       0.288237433795,
   "number of imags":0,
   "point group": "c1",
   "gradient norm":       0.000056461515
}
