{
   "temperature":     298.150000000000,
   "unit": "hartree",
   "energy":     -65.050721295334,
   "free energy":     -64.797835868952,
   "G(T)":       0.252885426382,
   "ZPVE":       0.312932480197,
   "number of imags":0,
   "point group": "c1",
   "gradient norm":       0.000031359499
}
