{
    "partname": "prescreening",
    "runtime": 16.829392126761377,
    "results": {
        "CONF1": {
            "xtb_gsolv": {
                "gsolv": -0.00318256922600213,
                "energy_xtb_gas": -23.980526304309,
                "energy_xtb_solv": -23.983708873535
            },
            "sp": {
                "energy": -1150.283187455387
            },
            "gtot": -1150.286370024613,
            "bmw": 1.0
        }
    },
    "settings": {
        "threshold": 4.0,
        "func": "pbe-d4",
        "basis": "def2-sv(p)",
        "prog": "orca",
        "gfnv": "gfn2",
        "run": true,
        "template": false
    },
    "nconf_in": 1,
    "nconf_out": 1
}