{
   "temperature":     298.150000000000,
   "unit": "hartree",
   "energy":     -17.737868281953,
   "free energy":     -17.634442421293,
   "G(T)":       0.103425860659,
   "ZPVE":       0.132821099970,
   "number of imags":0,
   "point group": "cs",
   "gradient norm":       0.000027897619
}
