{
   "temperature":     298.150000000000,
   "unit": "hartree",
   "energy":     -65.041424235585,
   "free energy":     -64.789475036418,
   "G(T)":       0.251949199167,
   "ZPVE":       0.312877522112,
   "number of imags":0,
   "point group": "c1",
   "gradient norm":       0.000055766162
}
