{
   "temperature":     298.150000000000,
   "unit": "hartree",
   "energy":     -26.791605259383,
   "free energy":     -26.671342796054,
   "G(T)":       0.120262463329,
   "ZPVE":       0.153075411293,
   "number of imags":0,
   "point group": "cs",
   "gradient norm":       0.000016602573
}
