{
   "temperature":     298.150000000000,
   "unit": "hartree",
   "energy":     -65.049201786571,
   "free energy":     -64.795548097180,
   "G(T)":       0.253653689391,
   "ZPVE":       0.313147855146,
   "number of imags":0,
   "point group": "c1",
   "gradient norm":       0.000049017104
}
