{
   "temperature":     298.150000000000,
   "unit": "hartree",
   "energy":     -65.054891453692,
   "free energy":     -64.801885327018,
   "G(T)":       0.253006126673,
   "ZPVE":       0.312867414144,
   "number of imags":0,
   "point group": "c1",
   "gradient norm":       0.000078500273
}
