{
   "temperature":     298.150000000000,
   "unit": "hartree",
   "energy":     -65.063009453277,
   "free energy":     -64.809645208733,
   "G(T)":       0.253364244544,
   "ZPVE":       0.312698963370,
   "number of imags":0,
   "point group": "c1",
   "gradient norm":       0.000096146325
}
