{
   "temperature":     298.150000000000,
   "unit": "hartree",
   "energy":     -65.048303573124,
   "free energy":     -64.795590776756,
   "G(T)":       0.252712796369,
   "ZPVE":       0.312901545424,
   "number of imags":0,
   "point group": "c1",
   "gradient norm":       0.000038619172
}
