{
   "temperature":     298.150000000000,
   "unit": "hartree",
   "energy":     -64.695268011845,
   "free energy":     -64.462217125106,
   "G(T)":       0.233050886738,
   "ZPVE":       0.288821038879,
   "number of imags":0,
   "point group": "c1",
   "gradient norm":       0.000053703151
}
