{
   "temperature":     298.150000000000,
   "unit": "hartree",
   "energy":     -65.051887447678,
   "free energy":     -64.799044219981,
   "G(T)":       0.252843227698,
   "ZPVE":       0.312797907944,
   "number of imags":0,
   "point group": "c1",
   "gradient norm":       0.000061987999
}
