{
   "temperature":     298.150000000000,
   "unit": "hartree",
   "energy":     -64.700744432430,
   "free energy":     -64.467823001729,
   "G(T)":       0.232921430702,
   "ZPVE":       0.288500411817,
   "number of imags":0,
   "point group": "c1",
   "gradient norm":       0.000082169177
}
