{
   "temperature":     298.150000000000,
   "unit": "hartree",
   "energy":     -27.123899502084,
   "free energy":     -26.989952734737,
   "G(T)":       0.133946767347,
   "ZPVE":       0.170265088505,
   "number of imags":0,
   "point group": "c1",
   "gradient norm":       0.000031688052
}
