{
   "temperature":     298.150000000000,
   "unit": "hartree",
   "energy":      -7.336172169196,
   "free energy":      -7.283478321253,
   "G(T)":       0.052693847943,
   "ZPVE":       0.074098840784,
   "number of imags":0,
   "point group": "d3d",
   "gradient norm":       0.000052276342
}
