{
   "temperature":     298.150000000000,
   "unit": "hartree",
   "energy":     -17.626435659693,
   "free energy":     -17.572154144150,
   "G(T)":       0.054281515543,
   "ZPVE":       0.086191617959,
   "number of imags":0,
   "point group": "cs",
   "gradient norm":       0.000017710426
}
