{
   "temperature":     298.150000000000,
   "unit": "hartree",
   "energy":     -65.036866014890,
   "free energy":     -64.783829545701,
   "G(T)":       0.253036469190,
   "ZPVE":       0.313167664169,
   "number of imags":0,
   "point group": "c1",
   "gradient norm":       0.000163027353
}
