{
   "temperature":     298.150000000000,
   "unit": "hartree",
   "energy":     -65.061130943645,
   "free energy":     -64.807765407526,
   "G(T)":       0.253365536118,
   "ZPVE":       0.312788685335,
   "number of imags":0,
   "point group": "c1",
   "gradient norm":       0.000056590017
}
