{
   "temperature":     298.150000000000,
   "unit": "hartree",
   "energy":     -65.060116440971,
   "free energy":     -64.806814845408,
   "G(T)":       0.253301595562,
   "ZPVE":       0.312532430787,
   "number of imags":0,
   "point group": "c1",
   "gradient norm":       0.000086506691
}
