{
   "temperature":     298.150000000000,
   "unit": "hartree",
   "energy":     -65.041808549204,
   "free energy":     -64.789309981870,
   "G(T)":       0.252498567334,
   "ZPVE":       0.313145575170,
   "number of imags":0,
   "point group": "c1",
   "gradient norm":       0.000089214686
}
