{
   "temperature":     298.150000000000,
   "unit": "hartree",
   "energy":     -64.696571938589,
   "free energy":     -64.464051920182,
   "G(T)":       0.232520018407,
   "ZPVE":       0.288491739381,
   "number of imags":0,
   "point group": "c1",
   "gradient norm":       0.000105224549
}
