{
   "temperature":     298.150000000000,
   "unit": "hartree",
   "energy":     -64.696230455561,
   "free energy":     -64.463988322385,
   "G(T)":       0.232242133175,
   "ZPVE":       0.288486165581,
   "number of imags":0,
   "point group": "c1",
   "gradient norm":       0.000107446472
}
