{
   "temperature":     298.150000000000,
   "unit": "hartree",
   "energy":     -64.686813143903,
   "free energy":     -64.455033273705,
   "G(T)":       0.231779870197,
   "ZPVE":       0.288458321350,
   "number of imags":0,
   "point group": "c1",
   "gradient norm":       0.000050698968
}
