{
    "partname": "prescreening",
    "runtime": 4.750218661502004,
    "results": {
        "CONF1": {
            "xtb_gsolv": {
                "gsolv": -0.001109950230999246,
                "energy_xtb_gas": -14.369593052735,
                "energy_xtb_solv": -14.370703002966
            },
            "sp": {
                "energy": -996.94017426236
            },
            "gtot": -996.941284212591,
            "bmw": 1.0
        }
    },
    "settings": {
        "threshold": 4.0,
        "func": "pbe-d4",
        "basis": "def2-sv(p)",
        "prog": "orca",
        "gfnv": "gfn2",
        "run": true,
        "template": false
    },
    "nconf_in": 1,
    "nconf_out": 1
}