{
    "partname": "prescreening",
    "runtime": 4.880242517217994,
    "results": {
        "CONF1": {
            "xtb_gsolv": {
                "gsolv": 0.0011366595159998383,
                "energy_xtb_gas": -12.613493195605,
                "energy_xtb_solv": -12.612356536089
            },
            "sp": {
                "energy": -156.81973604662
            },
            "gtot": -156.818599387104,
            "bmw": 1.0
        }
    },
    "settings": {
        "threshold": 4.0,
        "func": "pbe-d4",
        "basis": "def2-sv(p)",
        "prog": "orca",
        "gfnv": "gfn2",
        "run": true,
        "template": false
    },
    "nconf_in": 1,
    "nconf_out": 1
}