{
   "temperature":     298.150000000000,
   "unit": "hartree",
   "energy":     -65.063956602691,
   "free energy":     -64.810080866138,
   "G(T)":       0.253875736553,
   "ZPVE":       0.312794227009,
   "number of imags":0,
   "point group": "c1",
   "gradient norm":       0.000050793933
}
