{
   "temperature":     298.150000000000,
   "unit": "hartree",
   "energy":     -65.053852544008,
   "free energy":     -64.800710744481,
   "G(T)":       0.253141799527,
   "ZPVE":       0.312905722921,
   "number of imags":0,
   "point group": "c1",
   "gradient norm":       0.000054655699
}
