{
   "temperature":     298.150000000000,
   "unit": "hartree",
   "energy":     -25.475929415268,
   "free energy":     -25.363386315627,
   "G(T)":       0.112543099640,
   "ZPVE":       0.142727037865,
   "number of imags":0,
   "point group": "d2h",
   "gradient norm":       0.000030011952
}
