{
   "temperature":     298.150000000000,
   "unit": "hartree",
   "energy":     -65.052227798238,
   "free energy":     -64.799002493762,
   "G(T)":       0.253225304477,
   "ZPVE":       0.312837185591,
   "number of imags":0,
   "point group": "c1",
   "gradient norm":       0.000060121452
}
