{
    "partname": "prescreening",
    "runtime": 8.430129438638687,
    "results": {
        "CONF1": {
            "xtb_gsolv": {
                "gsolv": -0.015256060016998418,
                "energy_xtb_gas": -28.186603694117,
                "energy_xtb_solv": -28.201859754134
            },
            "sp": {
                "energy": -2986.870739987572
            },
            "gtot": -2986.885996047589,
            "bmw": 1.0
        }
    },
    "settings": {
        "threshold": 4.0,
        "func": "pbe-d4",
        "basis": "def2-sv(p)",
        "prog": "orca",
        "gfnv": "gfn2",
        "run": true,
        "template": false
    },
    "nconf_in": 1,
    "nconf_out": 1
}