{
   "temperature":     298.150000000000,
   "unit": "hartree",
   "energy":     -65.051353519830,
   "free energy":     -64.798415793747,
   "G(T)":       0.252937726083,
   "ZPVE":       0.312903457393,
   "number of imags":0,
   "point group": "c1",
   "gradient norm":       0.000030092534
}
