{
    "partname": "refinement",
    "runtime": 1898.8084930856712,
    "results": {
        "CONF2199": {
            "gsolv": {
                "gsolv": -0.012576149714277562,
                "energy_gas": -2932.533629833834,
                "energy_solv": -2932.546205983548
            },
            "gtot": -2932.546205983548,
            "bmw": 0.019047395708566766
        },
        "CONF1699": {
            "gsolv": {
                "gsolv": -0.01158627957374847,
                "energy_gas": -2932.5389258331,
                "energy_solv": -2932.550512112674
            },
            "gtot": -2932.550512112674,
            "bmw": 0.047675485808940474
        },
        "CONF1531": {
            "gsolv": {
                "gsolv": -0.013493070767253812,
                "energy_gas": -2932.536517757526,
                "energy_solv": -2932.550010828293
            },
            "gtot": -2932.550010828293,
            "bmw": 0.028036272507047107
        },
        "CONF1646": {
            "gsolv": {
                "gsolv": -0.0134208163231051,
                "energy_gas": -2932.536956443472,
                "energy_solv": -2932.550377259795
            },
            "gtot": -2932.550377259795,
            "bmw": 0.04133016094232663
        },
        "CONF834": {
            "gsolv": {
                "gsolv": -0.013299482855018141,
                "energy_gas": -2932.536662571216,
                "energy_solv": -2932.549962054071
            },
            "gtot": -2932.549962054071,
            "bmw": 0.026624758874010068
        },
        "CONF1612": {
            "gsolv": {
                "gsolv": -0.01324576478691597,
                "energy_gas": -2932.536681807703,
                "energy_solv": -2932.54992757249
            },
            "gtot": -2932.54992757249,
            "bmw": 0.9809526042914332
        },
        "CONF621": {
            "gsolv": {
                "gsolv": -0.013117283975134342,
                "energy_gas": -2932.537466618302,
                "energy_solv": -2932.550583902277
            },
            "gtot": -2932.550583902277,
            "bmw": 0.05144178843096476
        },
        "CONF1651": {
            "gsolv": {
                "gsolv": -0.01451553846391107,
                "energy_gas": -2932.536599811113,
                "energy_solv": -2932.551115349577
            },
            "gtot": -2932.551115349577,
            "bmw": 0.09031604177577353
        },
        "CONF987": {
            "gsolv": {
                "gsolv": -0.013235882408025645,
                "energy_gas": -2932.538443695264,
                "energy_solv": -2932.551679577672
            },
            "gtot": -2932.551679577672,
            "bmw": 0.16416926542554738
        },
        "CONF2107": {
            "gsolv": {
                "gsolv": -0.015911035729914147,
                "energy_gas": -2932.534734648795,
                "energy_solv": -2932.550645684525
            },
            "gtot": -2932.550645684525,
            "bmw": 0.05492042961578536
        },
        "CONF815": {
            "gsolv": {
                "gsolv": -0.013155104970792308,
                "energy_gas": -2932.537931501521,
                "energy_solv": -2932.551086606492
            },
            "gtot": -2932.551086606492,
            "bmw": 0.08760804558289964
        },
        "CONF973": {
            "gsolv": {
                "gsolv": -0.013440556855130126,
                "energy_gas": -2932.536304812166,
                "energy_solv": -2932.549745369021
            },
            "gtot": -2932.549745369021,
            "bmw": 0.021164960360698207
        },
        "CONF1796": {
            "gsolv": {
                "gsolv": -0.01655659271455079,
                "energy_gas": -2932.532556856567,
                "energy_solv": -2932.549113449282
            },
            "gtot": -2932.549113449282,
            "bmw": 0.01083813357951067
        },
        "CONF1965": {
            "gsolv": {
                "gsolv": -0.016370588596146263,
                "energy_gas": -2932.533973872195,
                "energy_solv": -2932.550344460791
            },
            "gtot": -2932.550344460791,
            "bmw": 0.03991908692346318
        },
        "CONF1964": {
            "gsolv": {
                "gsolv": -0.016389318855090096,
                "energy_gas": -2932.53398023435,
                "energy_solv": -2932.550369553205
            },
            "gtot": -2932.550369553205,
            "bmw": 0.040994190085712555
        },
        "CONF1243": {
            "gsolv": {
                "gsolv": -0.01455331283113992,
                "energy_gas": -2932.537591788501,
                "energy_solv": -2932.552145101332
            },
            "gtot": -2932.552145101332,
            "bmw": 0.268792976479504
        }
    },
    "settings": {
        "threshold": 0.95,
        "func": "wb97x-v",
        "basis": "def2-tzvp",
        "prog": "orca",
        "sm": "smd",
        "gfnv": "gfn2",
        "run": true,
        "implicit": false,
        "template": false
    },
    "nconf_in": 16,
    "nconf_out": 2
}