{
   "temperature":     298.150000000000,
   "unit": "hartree",
   "energy":     -65.053305207174,
   "free energy":     -64.800109132148,
   "G(T)":       0.253196075026,
   "ZPVE":       0.312889049820,
   "number of imags":0,
   "point group": "c1",
   "gradient norm":       0.000102127340
}
