{
   "temperature":     298.150000000000,
   "unit": "hartree",
   "energy":     -65.044545255920,
   "free energy":     -64.791432680537,
   "G(T)":       0.253112575384,
   "ZPVE":       0.312960588434,
   "number of imags":0,
   "point group": "c1",
   "gradient norm":       0.000035263551
}
