{
   "temperature":     298.150000000000,
   "unit": "hartree",
   "energy":     -65.043409446622,
   "free energy":     -64.790977733228,
   "G(T)":       0.252431713394,
   "ZPVE":       0.312721835578,
   "number of imags":0,
   "point group": "c1",
   "gradient norm":       0.000156788922
}
