{
   "temperature":     298.150000000000,
   "unit": "hartree",
   "energy":     -25.841666221621,
   "free energy":     -25.675820670193,
   "G(T)":       0.165845551428,
   "ZPVE":       0.197405353658,
   "number of imags":0,
   "point group": "c2h",
   "gradient norm":       0.000014636450
}
