{
   "temperature":     298.150000000000,
   "unit": "hartree",
   "energy":     -11.381306292480,
   "free energy":     -11.342657183551,
   "G(T)":       0.038649108930,
   "ZPVE":       0.064965736746,
   "number of imags":0,
   "point group": "cs",
   "gradient norm":       0.000119892734
}
