{
   "temperature":     298.150000000000,
   "unit": "hartree",
   "energy":     -22.023902753208,
   "free energy":     -21.906097490343,
   "G(T)":       0.117805262866,
   "ZPVE":       0.148348916627,
   "number of imags":0,
   "point group": "cs",
   "gradient norm":       0.000033202803
}
