{
   "temperature":     298.150000000000,
   "unit": "hartree",
   "energy":     -15.794452535124,
   "free energy":     -15.763509810643,
   "G(T)":       0.030942724481,
   "ZPVE":       0.057871154542,
   "number of imags":0,
   "point group": "cs",
   "gradient norm":       0.000009673456
}
