{
   "temperature":     298.150000000000,
   "unit": "hartree",
   "energy":     -65.049693679306,
   "free energy":     -64.796078457612,
   "G(T)":       0.253615221694,
   "ZPVE":       0.313237449256,
   "number of imags":0,
   "point group": "c1",
   "gradient norm":       0.000093770776
}
