{
   "temperature":     298.150000000000,
   "unit": "hartree",
   "energy":     -36.159186530218,
   "free energy":     -36.038579225731,
   "G(T)":       0.120607304487,
   "ZPVE":       0.155401886856,
   "number of imags":0,
   "point group": "c1",
   "gradient norm":       0.000118418258
}
