{
    "partname": "prescreening",
    "runtime": 4.307990144006908,
    "results": {
        "CONF1": {
            "xtb_gsolv": {
                "gsolv": 0.0013873699339992385,
                "energy_xtb_gas": -9.442262877648,
                "energy_xtb_solv": -9.440875507714
            },
            "sp": {
                "energy": -117.600594119256
            },
            "gtot": -117.59920674932201,
            "bmw": 1.0
        }
    },
    "settings": {
        "threshold": 4.0,
        "func": "pbe-d4",
        "basis": "def2-sv(p)",
        "prog": "orca",
        "gfnv": "gfn2",
        "run": true,
        "template": false
    },
    "nconf_in": 1,
    "nconf_out": 1
}