{
   "temperature":     298.150000000000,
   "unit": "hartree",
   "energy":     -19.327026671822,
   "free energy":     -19.244770520530,
   "G(T)":       0.082256151291,
   "ZPVE":       0.112613587903,
   "number of imags":0,
   "point group": "cs",
   "gradient norm":       0.000053090437
}
