{
   "temperature":     298.150000000000,
   "unit": "hartree",
   "energy":     -65.048314809970,
   "free energy":     -64.795157196265,
   "G(T)":       0.253157613704,
   "ZPVE":       0.313033901956,
   "number of imags":0,
   "point group": "c1",
   "gradient norm":       0.000157621772
}
