{
   "temperature":     298.150000000000,
   "unit": "hartree",
   "energy":     -65.052359271902,
   "free energy":     -64.798703569242,
   "G(T)":       0.253655702660,
   "ZPVE":       0.312872223138,
   "number of imags":0,
   "point group": "c1",
   "gradient norm":       0.000043786767
}
