{
   "temperature":     298.150000000000,
   "unit": "hartree",
   "energy":     -65.060543482447,
   "free energy":     -64.807144209945,
   "G(T)":       0.253399272503,
   "ZPVE":       0.312697643758,
   "number of imags":0,
   "point group": "c1",
   "gradient norm":       0.000081216342
}
