{
   "temperature":     298.150000000000,
   "unit": "hartree",
   "energy":     -25.392901740074,
   "free energy":     -25.249107864954,
   "G(T)":       0.143793875120,
   "ZPVE":       0.179486883864,
   "number of imags":0,
   "point group": "c1",
   "gradient norm":       0.000087097815
}
