{
   "temperature":     298.150000000000,
   "unit": "hartree",
   "energy":     -64.672948666049,
   "free energy":     -64.442773712855,
   "G(T)":       0.230174953194,
   "ZPVE":       0.288788036073,
   "number of imags":0,
   "point group": "c1",
   "gradient norm":       0.000045629400
}
