{
   "temperature":     298.150000000000,
   "unit": "hartree",
   "energy":     -49.713001274510,
   "free energy":     -49.561166163797,
   "G(T)":       0.151835110713,
   "ZPVE":       0.192224131510,
   "number of imags":0,
   "point group": "cs",
   "gradient norm":       0.000070735597
}
