{
   "temperature":     298.150000000000,
   "unit": "hartree",
   "energy":     -65.049441581411,
   "free energy":     -64.795824401456,
   "G(T)":       0.253617179955,
   "ZPVE":       0.313243203965,
   "number of imags":0,
   "point group": "c1",
   "gradient norm":       0.000059514768
}
