{
   "temperature":     298.150000000000,
   "unit": "hartree",
   "energy":     -65.056060754455,
   "free energy":     -64.802726276027,
   "G(T)":       0.253334478428,
   "ZPVE":       0.312970369617,
   "number of imags":0,
   "point group": "c1",
   "gradient norm":       0.000029335396
}
