{
   "temperature":     298.150000000000,
   "unit": "hartree",
   "energy":     -26.297917761832,
   "free energy":     -26.175747665472,
   "G(T)":       0.122170096360,
   "ZPVE":       0.155744582344,
   "number of imags":0,
   "point group": "cs",
   "gradient norm":       0.000025732029
}
