{
   "temperature":     298.150000000000,
   "unit": "hartree",
   "energy":     -65.057224699691,
   "free energy":     -64.804103943940,
   "G(T)":       0.253120755751,
   "ZPVE":       0.312617081655,
   "number of imags":0,
   "point group": "c1",
   "gradient norm":       0.000064987615
}
