{
   "temperature":     298.150000000000,
   "unit": "hartree",
   "energy":     -65.033755533138,
   "free energy":     -64.781919873799,
   "G(T)":       0.251835659339,
   "ZPVE":       0.312921001901,
   "number of imags":0,
   "point group": "c1",
   "gradient norm":       0.000058640172
}
