{
   "temperature":     298.150000000000,
   "unit": "hartree",
   "energy":     -64.702015620655,
   "free energy":     -64.469926260651,
   "G(T)":       0.232089360005,
   "ZPVE":       0.288274156975,
   "number of imags":0,
   "point group": "c1",
   "gradient norm":       0.000070181912
}
