{
   "temperature":     298.150000000000,
   "unit": "hartree",
   "energy":     -65.059691452999,
   "free energy":     -64.806749723661,
   "G(T)":       0.252941729338,
   "ZPVE":       0.312578302341,
   "number of imags":0,
   "point group": "c1",
   "gradient norm":       0.000152004719
}
