{
    "partname": "prescreening",
    "runtime": 8.372315763961524,
    "results": {
        "CONF1": {
            "xtb_gsolv": {
                "gsolv": -0.0010008972999990817,
                "energy_xtb_gas": -17.188283722063,
                "energy_xtb_solv": -17.189284619363
            },
            "sp": {
                "energy": -248.917374634228
            },
            "gtot": -248.918375531528,
            "bmw": 1.0
        }
    },
    "settings": {
        "threshold": 4.0,
        "func": "pbe-d4",
        "basis": "def2-sv(p)",
        "prog": "orca",
        "gfnv": "gfn2",
        "run": true,
        "template": false
    },
    "nconf_in": 1,
    "nconf_out": 1
}