{
   "temperature":     298.150000000000,
   "unit": "hartree",
   "energy":     -64.696476195853,
   "free energy":     -64.463340598069,
   "G(T)":       0.233135597784,
   "ZPVE":       0.288743142603,
   "number of imags":0,
   "point group": "c1",
   "gradient norm":       0.000109215520
}
