{
   "temperature":     298.150000000000,
   "unit": "hartree",
   "energy":     -12.614170327018,
   "free energy":     -12.535355033531,
   "G(T)":       0.078815293486,
   "ZPVE":       0.105969955607,
   "number of imags":0,
   "point group": "c2v",
   "gradient norm":       0.000027843456
}
