{
   "temperature":     298.150000000000,
   "unit": "hartree",
   "energy":     -11.550446627862,
   "free energy":     -11.494094344121,
   "G(T)":       0.056352283742,
   "ZPVE":       0.082692952345,
   "number of imags":0,
   "point group": "c2",
   "gradient norm":       0.000086437850
}
