{
   "temperature":     298.150000000000,
   "unit": "hartree",
   "energy":     -27.186258489316,
   "free energy":     -27.101162685688,
   "G(T)":       0.085095803628,
   "ZPVE":       0.118730448876,
   "number of imags":0,
   "point group": "cs",
   "gradient norm":       0.000040234490
}
