{
   "temperature":     298.150000000000,
   "unit": "hartree",
   "energy":     -65.053163590495,
   "free energy":     -64.800171667302,
   "G(T)":       0.252991923193,
   "ZPVE":       0.312919838855,
   "number of imags":0,
   "point group": "c1",
   "gradient norm":       0.000036374678
}
