{
   "temperature":     298.150000000000,
   "unit": "hartree",
   "energy":     -54.102426948778,
   "free energy":     -54.022941527431,
   "G(T)":       0.079485421347,
   "ZPVE":       0.123839149608,
   "number of imags":0,
   "point group": "cs",
   "gradient norm":       0.000012522125
}
