{
   "temperature":     298.150000000000,
   "unit": "hartree",
   "energy":     -65.062121310310,
   "free energy":     -64.808732060778,
   "G(T)":       0.253389249533,
   "ZPVE":       0.312674129818,
   "number of imags":0,
   "point group": "c1",
   "gradient norm":       0.000091517103
}
