{
   "temperature":     298.150000000000,
   "unit": "hartree",
   "energy":     -65.044208036338,
   "free energy":     -64.792078069349,
   "G(T)":       0.252129966989,
   "ZPVE":       0.312874981902,
   "number of imags":0,
   "point group": "c1",
   "gradient norm":       0.000057763130
}
