{
   "temperature":     298.150000000000,
   "unit": "hartree",
   "energy":     -64.690919407778,
   "free energy":     -64.459587518521,
   "G(T)":       0.231331889257,
   "ZPVE":       0.288246309866,
   "number of imags":0,
   "point group": "c1",
   "gradient norm":       0.000049367464
}
