{
   "temperature":     298.150000000000,
   "unit": "hartree",
   "energy":     -13.539817654307,
   "free energy":     -13.485065413388,
   "G(T)":       0.054752240919,
   "ZPVE":       0.082040633255,
   "number of imags":0,
   "point group": "c2",
   "gradient norm":       0.000018818091
}
