{
   "temperature":     298.150000000000,
   "unit": "hartree",
   "energy":     -14.485077517013,
   "free energy":     -14.461235484032,
   "G(T)":       0.023842032981,
   "ZPVE":       0.054711631268,
   "number of imags":0,
   "point group": "c2h",
   "gradient norm":       0.000024126058
}
