{
    "partname": "prescreening",
    "runtime": 44.14137223735452,
    "results": {
        "CONF1": {
            "xtb_gsolv": {
                "gsolv": -0.003978139715997031,
                "energy_xtb_gas": -62.181729405481,
                "energy_xtb_solv": -62.185707545197
            },
            "sp": {
                "energy": -3366.941055599766
            },
            "gtot": -3366.945033739482,
            "bmw": 1.0
        }
    },
    "settings": {
        "threshold": 4.0,
        "func": "pbe-d4",
        "basis": "def2-sv(p)",
        "prog": "orca",
        "gfnv": "gfn2",
        "run": true,
        "template": false
    },
    "nconf_in": 1,
    "nconf_out": 1
}