{
   "temperature":     298.150000000000,
   "unit": "hartree",
   "energy":     -65.051944447777,
   "free energy":     -64.798285051116,
   "G(T)":       0.253659396661,
   "ZPVE":       0.312982067485,
   "number of imags":0,
   "point group": "c1",
   "gradient norm":       0.000066328183
}
