{
   "temperature":     298.150000000000,
   "unit": "hartree",
   "energy":     -65.052242026084,
   "free energy":     -64.798318327796,
   "G(T)":       0.253923698289,
   "ZPVE":       0.313175712793,
   "number of imags":0,
   "point group": "c1",
   "gradient norm":       0.000082895941
}
