{
   "temperature":     298.150000000000,
   "unit": "hartree",
   "energy":     -64.672554267018,
   "free energy":     -64.444151176410,
   "G(T)":       0.228403090608,
   "ZPVE":       0.288574149376,
   "number of imags":0,
   "point group": "c1",
   "gradient norm":       0.000058298933
}
