{
   "temperature":     298.150000000000,
   "unit": "hartree",
   "energy":     -36.158238375441,
   "free energy":     -36.038108759534,
   "G(T)":       0.120129615907,
   "ZPVE":       0.155085774936,
   "number of imags":0,
   "point group": "c1",
   "gradient norm":       0.000057852617
}
