{
   "temperature":     298.150000000000,
   "unit": "hartree",
   "energy":     -65.039398421717,
   "free energy":     -64.786937867033,
   "G(T)":       0.252460554684,
   "ZPVE":       0.313100384932,
   "number of imags":0,
   "point group": "c1",
   "gradient norm":       0.000093518512
}
