{
   "temperature":     298.150000000000,
   "unit": "hartree",
   "energy":     -64.700147588104,
   "free energy":     -64.467917372080,
   "G(T)":       0.232230216024,
   "ZPVE":       0.288552103681,
   "number of imags":0,
   "point group": "c1",
   "gradient norm":       0.000062443298
}
