{
   "temperature":     298.150000000000,
   "unit": "hartree",
   "energy":     -36.159403042332,
   "free energy":     -36.038767967769,
   "G(T)":       0.120635074562,
   "ZPVE":       0.155408509319,
   "number of imags":0,
   "point group": "c1",
   "gradient norm":       0.000069545107
}
