{
   "temperature":     298.150000000000,
   "unit": "hartree",
   "energy":     -65.025755444383,
   "free energy":     -64.780103781331,
   "G(T)":       0.245651663052,
   "ZPVE":       0.313082244193,
   "number of imags":0,
   "point group": "c1",
   "gradient norm":       0.000165848309
}
