{
   "temperature":     298.150000000000,
   "unit": "hartree",
   "energy":     -64.702350082233,
   "free energy":     -64.469477582536,
   "G(T)":       0.232872499698,
   "ZPVE":       0.288423033614,
   "number of imags":0,
   "point group": "c1",
   "gradient norm":       0.000068642011
}
