{
   "temperature":     298.150000000000,
   "unit": "hartree",
   "energy":     -32.104070085527,
   "free energy":     -32.118317540774,
   "G(T)":      -0.014247455247,
   "ZPVE":       0.020732615004,
   "number of imags":0,
   "point group": "cs",
   "gradient norm":       0.000037085794
}
