{
    "partname": "prescreening",
    "runtime": 9.491637842729688,
    "results": {
        "CONF2": {
            "xtb_gsolv": {
                "gsolv": -0.005501163373999418,
                "energy_xtb_gas": -26.294086031174,
                "energy_xtb_solv": -26.299587194548
            },
            "sp": {
                "energy": -385.23983298621
            },
            "gtot": -385.245334149584,
            "bmw": 0.12661923628659863
        },
        "CONF3": {
            "xtb_gsolv": {
                "gsolv": -0.004220565552000011,
                "energy_xtb_gas": -26.294162647011,
                "energy_xtb_solv": -26.298383212563
            },
            "sp": {
                "energy": -385.240647261412
            },
            "gtot": -385.24486782696397,
            "bmw": 0.07726914948841752
        },
        "CONF1": {
            "xtb_gsolv": {
                "gsolv": -0.005514952103997217,
                "energy_xtb_gas": -26.29453630037,
                "energy_xtb_solv": -26.300051252474
            },
            "sp": {
                "energy": -385.241555131265
            },
            "gtot": -385.247070083369,
            "bmw": 0.7961116142249838
        }
    },
    "settings": {
        "threshold": 4.0,
        "func": "pbe-d4",
        "basis": "def2-sv(p)",
        "prog": "orca",
        "gfnv": "gfn2",
        "run": true,
        "template": false
    },
    "nconf_in": 3,
    "nconf_out": 3
}