{
    "partname": "screening",
    "runtime": 69.67064375523478,
    "results": {
        "CONF1": {
            "gsolv": {
                "gsolv": -0.008006697582004563,
                "energy_gas": -386.005981650747,
                "energy_solv": -386.013988348329
            },
            "gtot": -386.013988348329,
            "bmw": 0.5817485685676052
        },
        "CONF3": {
            "gsolv": {
                "gsolv": -0.007934920546006197,
                "energy_gas": -386.005606395936,
                "energy_solv": -386.013541316482
            },
            "gtot": -386.013541316482,
            "bmw": 0.36233885445187464
        },
        "CONF2": {
            "gsolv": {
                "gsolv": -0.007591001915045581,
                "energy_gas": -386.004185832876,
                "energy_solv": -386.011776834791
            },
            "gtot": -386.011776834791,
            "bmw": 0.055912576980520205
        }
    },
    "settings": {
        "threshold": 3.5,
        "func": "r2scan-3c",
        "basis": "def2-tzvp",
        "prog": "orca",
        "sm": "smd",
        "gfnv": "gfn2",
        "run": true,
        "implicit": false,
        "template": false
    },
    "nconf_in": 3,
    "nconf_out": 3
}