{
    "partname": "refinement",
    "runtime": 456.8471358185634,
    "results": {
        "CONF1": {
            "gsolv": {
                "gsolv": -0.00816910837801288,
                "energy_gas": -386.123282679821,
                "energy_solv": -386.131451788199
            },
            "gtot": -386.131451788199,
            "bmw": 0.40905193906031095
        },
        "CONF3": {
            "gsolv": {
                "gsolv": -0.008206435718989269,
                "energy_gas": -386.122528046732,
                "energy_solv": -386.130734482451
            },
            "gtot": -386.130734482451,
            "bmw": 0.19135536818607937
        },
        "CONF2": {
            "gsolv": {
                "gsolv": -0.00813571335800134,
                "energy_gas": -386.12329398436,
                "energy_solv": -386.131429697718
            },
            "gtot": -386.131429697718,
            "bmw": 0.39959269275360976
        }
    },
    "settings": {
        "threshold": 0.95,
        "func": "wb97x-v",
        "basis": "def2-tzvp",
        "prog": "orca",
        "sm": "smd",
        "gfnv": "gfn2",
        "run": true,
        "implicit": false,
        "template": false
    },
    "nconf_in": 3,
    "nconf_out": 3
}