{
   "temperature":     298.150000000000,
   "unit": "hartree",
   "energy":     -65.039989521313,
   "free energy":     -64.787544035844,
   "G(T)":       0.252445485469,
   "ZPVE":       0.312965274599,
   "number of imags":0,
   "point group": "c1",
   "gradient norm":       0.000082324426
}
