{
   "temperature":     298.150000000000,
   "unit": "hartree",
   "energy":     -16.997352862402,
   "free energy":     -16.928311216025,
   "G(T)":       0.069041646378,
   "ZPVE":       0.099007223480,
   "number of imags":0,
   "point group": "cs",
   "gradient norm":       0.000074991509
}
