{
   "temperature":     298.150000000000,
   "unit": "hartree",
   "energy":     -22.669757304161,
   "free energy":     -22.529276997269,
   "G(T)":       0.140480306893,
   "ZPVE":       0.170819983105,
   "number of imags":0,
   "point group": "cs",
   "gradient norm":       0.000062686615
}
