{
   "temperature":     298.150000000000,
   "unit": "hartree",
   "energy":     -26.297916973927,
   "free energy":     -26.175885408681,
   "G(T)":       0.122031565246,
   "ZPVE":       0.155710792447,
   "number of imags":0,
   "point group": "c1",
   "gradient norm":       0.000025278871
}
