{
   "temperature":     298.150000000000,
   "unit": "hartree",
   "energy":     -18.986820584165,
   "free energy":     -18.845681263232,
   "G(T)":       0.141139320933,
   "ZPVE":       0.168195568814,
   "number of imags":0,
   "point group": "d3d",
   "gradient norm":       0.000012313009
}
