{
   "temperature":     298.150000000000,
   "unit": "hartree",
   "energy":     -65.057358678599,
   "free energy":     -64.804072516584,
   "G(T)":       0.253286162015,
   "ZPVE":       0.312889715611,
   "number of imags":0,
   "point group": "c1",
   "gradient norm":       0.000111673183
}
