{
   "temperature":     298.150000000000,
   "unit": "hartree",
   "energy":     -65.040153482428,
   "free energy":     -64.787578741297,
   "G(T)":       0.252574741131,
   "ZPVE":       0.313095583695,
   "number of imags":0,
   "point group": "c1",
   "gradient norm":       0.000063594869
}
