{
    "partname": "prescreening",
    "runtime": 6.4256370002403855,
    "results": {
        "CONF1": {
            "xtb_gsolv": {
                "gsolv": -0.0007214201920007213,
                "energy_xtb_gas": -27.52824125654,
                "energy_xtb_solv": -27.528962676732
            },
            "sp": {
                "energy": -2375.963864633771
            },
            "gtot": -2375.964586053963,
            "bmw": 1.0
        }
    },
    "settings": {
        "threshold": 4.0,
        "func": "pbe-d4",
        "basis": "def2-sv(p)",
        "prog": "orca",
        "gfnv": "gfn2",
        "run": true,
        "template": false
    },
    "nconf_in": 1,
    "nconf_out": 1
}