{
   "temperature":     298.150000000000,
   "unit": "hartree",
   "energy":     -65.058642168693,
   "free energy":     -64.804923958243,
   "G(T)":       0.253718210449,
   "ZPVE":       0.312816582477,
   "number of imags":0,
   "point group": "c1",
   "gradient norm":       0.000129207391
}
