{
    "partname": "prescreening",
    "runtime": 7.661762620322406,
    "results": {
        "CONF1": {
            "xtb_gsolv": {
                "gsolv": 0.001708272957998247,
                "energy_xtb_gas": -18.986714993714,
                "energy_xtb_solv": -18.985006720756
            },
            "sp": {
                "energy": -235.277049711797
            },
            "gtot": -235.275341438839,
            "bmw": 0.9999756308582955
        },
        "CONF2": {
            "xtb_gsolv": {
                "gsolv": 0.0016961067300016452,
                "energy_xtb_gas": -18.978132089237,
                "energy_xtb_solv": -18.976435982507
            },
            "sp": {
                "energy": -235.267008266201
            },
            "gtot": -235.265312159471,
            "bmw": 2.436914170440918e-05
        }
    },
    "settings": {
        "threshold": 4.0,
        "func": "pbe-d4",
        "basis": "def2-sv(p)",
        "prog": "orca",
        "gfnv": "gfn2",
        "run": true,
        "template": false
    },
    "nconf_in": 2,
    "nconf_out": 1
}