{
   "temperature":     298.150000000000,
   "unit": "hartree",
   "energy":     -65.054898889571,
   "free energy":     -64.802243816509,
   "G(T)":       0.252655073062,
   "ZPVE":       0.312620329816,
   "number of imags":0,
   "point group": "c1",
   "gradient norm":       0.000027822598
}
