{
   "temperature":     298.150000000000,
   "unit": "hartree",
   "energy":     -64.695262351519,
   "free energy":     -64.462780375845,
   "G(T)":       0.232481975674,
   "ZPVE":       0.288495392909,
   "number of imags":0,
   "point group": "c1",
   "gradient norm":       0.000164955655
}
