{
   "temperature":     298.150000000000,
   "unit": "hartree",
   "energy":     -65.039705336404,
   "free energy":     -64.787267959652,
   "G(T)":       0.252437376752,
   "ZPVE":       0.313048057947,
   "number of imags":0,
   "point group": "c1",
   "gradient norm":       0.000052730080
}
