{
   "temperature":     298.150000000000,
   "unit": "hartree",
   "energy":     -65.054350560339,
   "free energy":     -64.800426002211,
   "G(T)":       0.253924558128,
   "ZPVE":       0.313158281422,
   "number of imags":0,
   "point group": "c1",
   "gradient norm":       0.000057877286
}
