{
   "temperature":     298.150000000000,
   "unit": "hartree",
   "energy":     -65.036471046905,
   "free energy":     -64.783963593546,
   "G(T)":       0.252507453358,
   "ZPVE":       0.313240847364,
   "number of imags":0,
   "point group": "c1",
   "gradient norm":       0.000065976816
}
