{
    "partname": "prescreening",
    "runtime": 33.015371337533,
    "results": {
        "CONF1": {
            "xtb_gsolv": {
                "gsolv": -0.0005740711959987266,
                "energy_xtb_gas": -36.100141631645,
                "energy_xtb_solv": -36.100715702841
            },
            "sp": {
                "energy": -539.550899271552
            },
            "gtot": -539.551473342748,
            "bmw": 1.0
        }
    },
    "settings": {
        "threshold": 4.0,
        "func": "pbe-d4",
        "basis": "def2-sv(p)",
        "prog": "orca",
        "gfnv": "gfn2",
        "run": true,
        "template": false
    },
    "nconf_in": 1,
    "nconf_out": 1
}