{
   "temperature":     298.150000000000,
   "unit": "hartree",
   "energy":     -65.043367807558,
   "free energy":     -64.790890652771,
   "G(T)":       0.252477154787,
   "ZPVE":       0.312943590093,
   "number of imags":0,
   "point group": "c1",
   "gradient norm":       0.000077593716
}
