{
   "temperature":     298.150000000000,
   "unit": "hartree",
   "energy":     -65.050063600383,
   "free energy":     -64.796812685572,
   "G(T)":       0.253250914811,
   "ZPVE":       0.312990922818,
   "number of imags":0,
   "point group": "c1",
   "gradient norm":       0.000058512768
}
