{
   "temperature":     298.150000000000,
   "unit": "hartree",
   "energy":     -65.051519839154,
   "free energy":     -64.798034100584,
   "G(T)":       0.253485738570,
   "ZPVE":       0.313083263348,
   "number of imags":0,
   "point group": "c1",
   "gradient norm":       0.000077802643
}
