{
   "temperature":     298.150000000000,
   "unit": "hartree",
   "energy":     -65.062835458627,
   "free energy":     -64.809675528993,
   "G(T)":       0.253159929634,
   "ZPVE":       0.312626255094,
   "number of imags":0,
   "point group": "c1",
   "gradient norm":       0.000076770303
}
