{
   "temperature":     298.150000000000,
   "unit": "hartree",
   "energy":     -65.042977578168,
   "free energy":     -64.790265845023,
   "G(T)":       0.252711733146,
   "ZPVE":       0.312898049086,
   "number of imags":0,
   "point group": "c1",
   "gradient norm":       0.000073464854
}
