{
    "partname": "prescreening",
    "runtime": 7.995695183984935,
    "results": {
        "CONF1": {
            "xtb_gsolv": {
                "gsolv": -0.014214626082001303,
                "energy_xtb_gas": -24.475179049809,
                "energy_xtb_solv": -24.489393675891
            },
            "sp": {
                "energy": -398.884576729554
            },
            "gtot": -398.898791355636,
            "bmw": 1.0
        }
    },
    "settings": {
        "threshold": 4.0,
        "func": "pbe-d4",
        "basis": "def2-sv(p)",
        "prog": "orca",
        "gfnv": "gfn2",
        "run": true,
        "template": false
    },
    "nconf_in": 1,
    "nconf_out": 1
}