{
   "temperature":     298.150000000000,
   "unit": "hartree",
   "energy":     -65.050512943613,
   "free energy":     -64.797154463533,
   "G(T)":       0.253358480080,
   "ZPVE":       0.313078930533,
   "number of imags":0,
   "point group": "c1",
   "gradient norm":       0.000100669913
}
