{
   "temperature":     298.150000000000,
   "unit": "hartree",
   "energy":     -65.040617710795,
   "free energy":     -64.787889402585,
   "G(T)":       0.252728308211,
   "ZPVE":       0.313147303086,
   "number of imags":0,
   "point group": "c1",
   "gradient norm":       0.000057518962
}
