{
   "temperature":     298.150000000000,
   "unit": "hartree",
   "energy":     -64.721434655071,
   "free energy":     -64.488007883856,
   "G(T)":       0.233426771215,
   "ZPVE":       0.288185449334,
   "number of imags":0,
   "point group": "c1",
   "gradient norm":       0.000050697358
}
