{
   "temperature":     298.150000000000,
   "unit": "hartree",
   "energy":     -65.056803774926,
   "free energy":     -64.802815857529,
   "G(T)":       0.253987917397,
   "ZPVE":       0.312927656861,
   "number of imags":0,
   "point group": "c2",
   "gradient norm":       0.000092836823
}
