{
   "temperature":     298.150000000000,
   "unit": "hartree",
   "energy":     -65.027582861251,
   "free energy":     -64.778578091084,
   "G(T)":       0.249004770167,
   "ZPVE":       0.313226348159,
   "number of imags":0,
   "point group": "c1",
   "gradient norm":       0.000158012604
}
