{
    "partname": "prescreening",
    "runtime": 4.0542387226596475,
    "results": {
        "CONF1": {
            "xtb_gsolv": {
                "gsolv": -0.0006348365279968959,
                "energy_xtb_gas": -16.283030160228,
                "energy_xtb_solv": -16.283664996756
            },
            "sp": {
                "energy": -1418.201352040697
            },
            "gtot": -1418.201986877225,
            "bmw": 1.0
        }
    },
    "settings": {
        "threshold": 4.0,
        "func": "pbe-d4",
        "basis": "def2-sv(p)",
        "prog": "orca",
        "gfnv": "gfn2",
        "run": true,
        "template": false
    },
    "nconf_in": 1,
    "nconf_out": 1
}