{
   "temperature":     298.150000000000,
   "unit": "hartree",
   "energy":     -65.047434253485,
   "free energy":     -64.794235523669,
   "G(T)":       0.253198729816,
   "ZPVE":       0.313060572483,
   "number of imags":0,
   "point group": "c1",
   "gradient norm":       0.000107603692
}
