{
    "partname": "prescreening",
    "runtime": 11.926240070722997,
    "results": {
        "CONF2": {
            "xtb_gsolv": {
                "gsolv": -0.0025263725709994134,
                "energy_xtb_gas": -15.416148508108,
                "energy_xtb_solv": -15.418674880679
            },
            "sp": {
                "energy": -998.147789122308
            },
            "gtot": -998.150315494879,
            "bmw": 0.3418152731008911
        },
        "CONF1": {
            "xtb_gsolv": {
                "gsolv": -0.0048810804809988895,
                "energy_xtb_gas": -15.413819231107,
                "energy_xtb_solv": -15.418700311588
            },
            "sp": {
                "energy": -998.146053057949
            },
            "gtot": -998.15093413843,
            "bmw": 0.6581847268991089
        }
    },
    "settings": {
        "threshold": 4.0,
        "func": "pbe-d4",
        "basis": "def2-sv(p)",
        "prog": "orca",
        "gfnv": "gfn2",
        "run": true,
        "template": false
    },
    "nconf_in": 2,
    "nconf_out": 2
}