{
    "partname": "screening",
    "runtime": 76.41341459006071,
    "results": {
        "CONF2": {
            "gsolv": {
                "gsolv": -0.0042698143059851645,
                "energy_gas": -998.948779571713,
                "energy_solv": -998.953049386019
            },
            "gtot": -998.953049386019,
            "bmw": 0.4594613959475929
        },
        "CONF1": {
            "gsolv": {
                "gsolv": -0.006978687462037669,
                "energy_gas": -998.946224138934,
                "energy_solv": -998.953202826396
            },
            "gtot": -998.953202826396,
            "bmw": 0.5405386040524071
        }
    },
    "settings": {
        "threshold": 3.5,
        "func": "r2scan-3c",
        "basis": "def2-tzvp",
        "prog": "orca",
        "sm": "smd",
        "gfnv": "gfn2",
        "run": true,
        "implicit": false,
        "template": false
    },
    "nconf_in": 2,
    "nconf_out": 2
}