{
    "partname": "refinement",
    "runtime": 161.95609909202904,
    "results": {
        "CONF2": {
            "gsolv": {
                "gsolv": -0.004649210856996433,
                "energy_gas": -998.915438103096,
                "energy_solv": -998.920087313953
            },
            "gtot": -998.920087313953,
            "bmw": 0.3735115510392751
        },
        "CONF1": {
            "gsolv": {
                "gsolv": -0.007192350956984228,
                "energy_gas": -998.913383277297,
                "energy_solv": -998.920575628254
            },
            "gtot": -998.920575628254,
            "bmw": 0.6264884489607249
        }
    },
    "settings": {
        "threshold": 0.95,
        "func": "wb97x-v",
        "basis": "def2-tzvp",
        "prog": "orca",
        "sm": "smd",
        "gfnv": "gfn2",
        "run": true,
        "implicit": false,
        "template": false
    },
    "nconf_in": 2,
    "nconf_out": 2
}