{
   "temperature":     298.150000000000,
   "unit": "hartree",
   "energy":     -36.162919583817,
   "free energy":     -36.041906524476,
   "G(T)":       0.121013059342,
   "ZPVE":       0.155711573173,
   "number of imags":0,
   "point group": "c1",
   "gradient norm":       0.000096293878
}
