{
   "temperature":     298.150000000000,
   "unit": "hartree",
   "energy":     -65.043677898262,
   "free energy":     -64.790895719329,
   "G(T)":       0.252782178933,
   "ZPVE":       0.312967379886,
   "number of imags":0,
   "point group": "c1",
   "gradient norm":       0.000049236001
}
