{
    "partname": "prescreening",
    "runtime": 13.920547525398433,
    "results": {
        "CONF1": {
            "xtb_gsolv": {
                "gsolv": -0.015871573880001932,
                "energy_xtb_gas": -27.916363869862,
                "energy_xtb_solv": -27.932235443742
            },
            "sp": {
                "energy": -711.100511410452
            },
            "gtot": -711.116382984332,
            "bmw": 1.0
        }
    },
    "settings": {
        "threshold": 4.0,
        "func": "pbe-d4",
        "basis": "def2-sv(p)",
        "prog": "orca",
        "gfnv": "gfn2",
        "run": true,
        "template": false
    },
    "nconf_in": 1,
    "nconf_out": 1
}