{
   "temperature":     298.150000000000,
   "unit": "hartree",
   "energy":     -65.046507537015,
   "free energy":     -64.793073219855,
   "G(T)":       0.253434317161,
   "ZPVE":       0.313066460653,
   "number of imags":0,
   "point group": "c1",
   "gradient norm":       0.000056113573
}
