{
   "temperature":     298.150000000000,
   "unit": "hartree",
   "energy":     -65.046369665293,
   "free energy":     -64.792727331260,
   "G(T)":       0.253642334033,
   "ZPVE":       0.313201116498,
   "number of imags":0,
   "point group": "c1",
   "gradient norm":       0.000077132356
}
