{
   "temperature":     298.150000000000,
   "unit": "hartree",
   "energy":     -54.106269921033,
   "free energy":     -54.025533320051,
   "G(T)":       0.080736600982,
   "ZPVE":       0.123803072498,
   "number of imags":0,
   "point group": "d2h",
   "gradient norm":       0.000031909753
}
