{
    "partname": "prescreening",
    "runtime": 8.210681430064142,
    "results": {
        "CONF2": {
            "xtb_gsolv": {
                "gsolv": -0.013554488892999927,
                "energy_xtb_gas": -14.449616113031,
                "energy_xtb_solv": -14.463170601924
            },
            "sp": {
                "energy": -228.598144763738
            },
            "gtot": -228.61169925263098,
            "bmw": 0.002810691994911709
        },
        "CONF1": {
            "xtb_gsolv": {
                "gsolv": -0.010794476410000087,
                "energy_xtb_gas": -14.45942494953,
                "energy_xtb_solv": -14.47021942594
            },
            "sp": {
                "energy": -228.606448560715
            },
            "gtot": -228.617243037125,
            "bmw": 0.9971893080050884
        }
    },
    "settings": {
        "threshold": 4.0,
        "func": "pbe-d4",
        "basis": "def2-sv(p)",
        "prog": "orca",
        "gfnv": "gfn2",
        "run": true,
        "template": false
    },
    "nconf_in": 2,
    "nconf_out": 2
}