{
    "partname": "screening",
    "runtime": 43.02345219720155,
    "results": {
        "CONF2": {
            "gsolv": {
                "gsolv": -0.016809678476988665,
                "energy_gas": -229.042948658016,
                "energy_solv": -229.059758336493
            },
            "gtot": -229.059758336493,
            "bmw": 0.264380018827783
        },
        "CONF1": {
            "gsolv": {
                "gsolv": -0.010709166358992661,
                "energy_gas": -229.050015378072,
                "energy_solv": -229.060724544431
            },
            "gtot": -229.060724544431,
            "bmw": 0.735619981172217
        }
    },
    "settings": {
        "threshold": 3.5,
        "func": "r2scan-3c",
        "basis": "def2-tzvp",
        "prog": "orca",
        "sm": "smd",
        "gfnv": "gfn2",
        "run": true,
        "implicit": false,
        "template": false
    },
    "nconf_in": 2,
    "nconf_out": 2
}