{
    "partname": "refinement",
    "runtime": 98.73145549651235,
    "results": {
        "CONF1": {
            "gsolv": {
                "gsolv": -0.010459693256990477,
                "energy_gas": -229.105314582863,
                "energy_solv": -229.11577427612
            },
            "gtot": -229.11577427612,
            "bmw": 0.8391233669507678
        },
        "CONF2": {
            "gsolv": {
                "gsolv": -0.01814135037798792,
                "energy_gas": -229.096073398566,
                "energy_solv": -229.114214748944
            },
            "gtot": -229.114214748944,
            "bmw": 0.16087663304923225
        }
    },
    "settings": {
        "threshold": 0.95,
        "func": "wb97x-v",
        "basis": "def2-tzvp",
        "prog": "orca",
        "sm": "smd",
        "gfnv": "gfn2",
        "run": true,
        "implicit": false,
        "template": false
    },
    "nconf_in": 2,
    "nconf_out": 2
}