{
   "temperature":     298.150000000000,
   "unit": "hartree",
   "energy":     -13.539817695611,
   "free energy":     -13.485124556902,
   "G(T)":       0.054693138709,
   "ZPVE":       0.082029273093,
   "number of imags":0,
   "point group": "c2",
   "gradient norm":       0.000069807034
}
