{
   "temperature":     298.150000000000,
   "unit": "hartree",
   "energy":     -65.043522347122,
   "free energy":     -64.791261578754,
   "G(T)":       0.252260768368,
   "ZPVE":       0.312835992526,
   "number of imags":0,
   "point group": "c1",
   "gradient norm":       0.000082521778
}
