{
    "partname": "prescreening",
    "runtime": 16.517420763149858,
    "results": {
        "CONF1": {
            "xtb_gsolv": {
                "gsolv": -0.004332208076995414,
                "energy_xtb_gas": -54.096280927686,
                "energy_xtb_solv": -54.100613135763
            },
            "sp": {
                "energy": -2448.390116329303
            },
            "gtot": -2448.39444853738,
            "bmw": 1.0
        }
    },
    "settings": {
        "threshold": 4.0,
        "func": "pbe-d4",
        "basis": "def2-sv(p)",
        "prog": "orca",
        "gfnv": "gfn2",
        "run": true,
        "template": false
    },
    "nconf_in": 1,
    "nconf_out": 1
}