{
   "temperature":     298.150000000000,
   "unit": "hartree",
   "energy":      -8.233383710553,
   "free energy":      -8.206801585563,
   "G(T)":       0.026582124990,
   "ZPVE":       0.049277427113,
   "number of imags":0,
   "point group": "cs",
   "gradient norm":       0.000010734410
}
