{
   "temperature":     298.150000000000,
   "unit": "hartree",
   "energy":     -24.489514729526,
   "free energy":     -24.422098627585,
   "G(T)":       0.067416101941,
   "ZPVE":       0.099406285616,
   "number of imags":0,
   "point group": "cs",
   "gradient norm":       0.000044018615
}
