{
   "temperature":     298.150000000000,
   "unit": "hartree",
   "energy":     -65.046918028983,
   "free energy":     -64.793632157027,
   "G(T)":       0.253285871956,
   "ZPVE":       0.313025675258,
   "number of imags":0,
   "point group": "c1",
   "gradient norm":       0.000051053360
}
