{
    "partname": "prescreening",
    "runtime": 9.104249762371182,
    "results": {
        "CONF1": {
            "xtb_gsolv": {
                "gsolv": -0.0077399842299996635,
                "energy_xtb_gas": -23.535119656148,
                "energy_xtb_solv": -23.542859640378
            },
            "sp": {
                "energy": -2879.673093334859
            },
            "gtot": -2879.680833319089,
            "bmw": 1.0
        }
    },
    "settings": {
        "threshold": 4.0,
        "func": "pbe-d4",
        "basis": "def2-sv(p)",
        "prog": "orca",
        "gfnv": "gfn2",
        "run": true,
        "template": false
    },
    "nconf_in": 1,
    "nconf_out": 1
}