{
   "temperature":     298.150000000000,
   "unit": "hartree",
   "energy":     -65.053363986137,
   "free energy":     -64.800640779094,
   "G(T)":       0.252723207043,
   "ZPVE":       0.312625544766,
   "number of imags":0,
   "point group": "c1",
   "gradient norm":       0.000114494420
}
