{
   "temperature":     298.150000000000,
   "unit": "hartree",
   "energy":     -65.064780226061,
   "free energy":     -64.811487427855,
   "G(T)":       0.253292798206,
   "ZPVE":       0.312628695602,
   "number of imags":0,
   "point group": "c1",
   "gradient norm":       0.000112472746
}
