{
   "temperature":     298.150000000000,
   "unit": "hartree",
   "energy":     -65.057066576529,
   "free energy":     -64.803052722124,
   "G(T)":       0.254013854405,
   "ZPVE":       0.313110286749,
   "number of imags":0,
   "point group": "c1",
   "gradient norm":       0.000072567178
}
