{
   "temperature":     298.150000000000,
   "unit": "hartree",
   "energy":     -65.059938128765,
   "free energy":     -64.806315067741,
   "G(T)":       0.253623061024,
   "ZPVE":       0.312842617931,
   "number of imags":0,
   "point group": "c1",
   "gradient norm":       0.000060656973
}
