{
   "temperature":     298.150000000000,
   "unit": "hartree",
   "energy":     -65.049714081537,
   "free energy":     -64.796056190608,
   "G(T)":       0.253657890929,
   "ZPVE":       0.313245104296,
   "number of imags":0,
   "point group": "c1",
   "gradient norm":       0.000104173850
}
