{
   "temperature":     298.150000000000,
   "unit": "hartree",
   "energy":     -65.059474239573,
   "free energy":     -64.806387853800,
   "G(T)":       0.253086385773,
   "ZPVE":       0.312686792249,
   "number of imags":0,
   "point group": "c1",
   "gradient norm":       0.000129245164
}
