{
   "temperature":     298.150000000000,
   "unit": "hartree",
   "energy":     -65.042833261686,
   "free energy":     -64.789622854183,
   "G(T)":       0.253210407503,
   "ZPVE":       0.313191724276,
   "number of imags":0,
   "point group": "c1",
   "gradient norm":       0.000046467120
}
