{
   "temperature":     298.150000000000,
   "unit": "hartree",
   "energy":     -65.055582506577,
   "free energy":     -64.802631020735,
   "G(T)":       0.252951485841,
   "ZPVE":       0.312730818751,
   "number of imags":0,
   "point group": "c1",
   "gradient norm":       0.000049706230
}
