{
    "partname": "prescreening",
    "runtime": 6.641512085683644,
    "results": {
        "CONF1": {
            "xtb_gsolv": {
                "gsolv": -0.0022621802560003346,
                "energy_xtb_gas": -19.322950627936,
                "energy_xtb_solv": -19.325212808192
            },
            "sp": {
                "energy": -286.966325185525
            },
            "gtot": -286.96858736578105,
            "bmw": 1.0
        }
    },
    "settings": {
        "threshold": 4.0,
        "func": "pbe-d4",
        "basis": "def2-sv(p)",
        "prog": "orca",
        "gfnv": "gfn2",
        "run": true,
        "template": false
    },
    "nconf_in": 1,
    "nconf_out": 1
}