{
   "temperature":     298.150000000000,
   "unit": "hartree",
   "energy":     -26.300197023944,
   "free energy":     -26.180530280947,
   "G(T)":       0.119666742997,
   "ZPVE":       0.155348751449,
   "number of imags":0,
   "point group": "c1",
   "gradient norm":       0.000027768452
}
