{
   "temperature":     298.150000000000,
   "unit": "hartree",
   "energy":     -65.058200681006,
   "free energy":     -64.804686251928,
   "G(T)":       0.253514429078,
   "ZPVE":       0.312878951161,
   "number of imags":0,
   "point group": "c1",
   "gradient norm":       0.000099720019
}
