{
   "temperature":     298.150000000000,
   "unit": "hartree",
   "energy":     -65.057143543778,
   "free energy":     -64.803904268840,
   "G(T)":       0.253239274939,
   "ZPVE":       0.312697075017,
   "number of imags":0,
   "point group": "c1",
   "gradient norm":       0.000069339948
}
