{
    "partname": "prescreening",
    "runtime": 9.60624915221706,
    "results": {
        "CONF2": {
            "xtb_gsolv": {
                "gsolv": -0.004045082792998755,
                "energy_xtb_gas": -23.123557727091,
                "energy_xtb_solv": -23.127602809884
            },
            "sp": {
                "energy": -346.022693038226
            },
            "gtot": -346.026738121019,
            "bmw": 0.08819994814771814
        },
        "CONF1": {
            "xtb_gsolv": {
                "gsolv": -0.0052271197689996995,
                "energy_xtb_gas": -23.124069854075,
                "energy_xtb_solv": -23.129296973844
            },
            "sp": {
                "energy": -346.023716439299
            },
            "gtot": -346.028943559068,
            "bmw": 0.911800051852282
        }
    },
    "settings": {
        "threshold": 4.0,
        "func": "pbe-d4",
        "basis": "def2-sv(p)",
        "prog": "orca",
        "gfnv": "gfn2",
        "run": true,
        "template": false
    },
    "nconf_in": 2,
    "nconf_out": 2
}