{
    "partname": "screening",
    "runtime": 54.579011561814696,
    "results": {
        "CONF2": {
            "gsolv": {
                "gsolv": -0.00854176506601334,
                "energy_gas": -346.702794334633,
                "energy_solv": -346.711336099699
            },
            "gtot": -346.711336099699,
            "bmw": 0.40657531480135023
        },
        "CONF1": {
            "gsolv": {
                "gsolv": -0.008463071774997388,
                "energy_gas": -346.703230062639,
                "energy_solv": -346.711693134414
            },
            "gtot": -346.711693134414,
            "bmw": 0.5934246851986498
        }
    },
    "settings": {
        "threshold": 3.5,
        "func": "r2scan-3c",
        "basis": "def2-tzvp",
        "prog": "orca",
        "sm": "smd",
        "gfnv": "gfn2",
        "run": true,
        "implicit": false,
        "template": false
    },
    "nconf_in": 2,
    "nconf_out": 2
}