{
    "partname": "refinement",
    "runtime": 287.2454356700182,
    "results": {
        "CONF1": {
            "gsolv": {
                "gsolv": -0.008691237420975995,
                "energy_gas": -346.804940807001,
                "energy_solv": -346.813632044422
            },
            "gtot": -346.813632044422,
            "bmw": 0.6631859820430933
        },
        "CONF2": {
            "gsolv": {
                "gsolv": -0.008848954461996072,
                "energy_gas": -346.804143382248,
                "energy_solv": -346.81299233671
            },
            "gtot": -346.81299233671,
            "bmw": 0.3368140179569067
        }
    },
    "settings": {
        "threshold": 0.95,
        "func": "wb97x-v",
        "basis": "def2-tzvp",
        "prog": "orca",
        "sm": "smd",
        "gfnv": "gfn2",
        "run": true,
        "implicit": false,
        "template": false
    },
    "nconf_in": 2,
    "nconf_out": 2
}