{
   "temperature":     298.150000000000,
   "unit": "hartree",
   "energy":     -65.048301069411,
   "free energy":     -64.795711004957,
   "G(T)":       0.252590064454,
   "ZPVE":       0.312753985158,
   "number of imags":0,
   "point group": "c1",
   "gradient norm":       0.000079030863
}
