{
   "temperature":     298.150000000000,
   "unit": "hartree",
   "energy":     -26.301864893848,
   "free energy":     -26.181847774276,
   "G(T)":       0.120017119572,
   "ZPVE":       0.155297002372,
   "number of imags":0,
   "point group": "cs",
   "gradient norm":       0.000051951095
}
