{
   "temperature":     298.150000000000,
   "unit": "hartree",
   "energy":     -65.041152777540,
   "free energy":     -64.787709958222,
   "G(T)":       0.253442819317,
   "ZPVE":       0.313318233581,
   "number of imags":0,
   "point group": "c1",
   "gradient norm":       0.000071415007
}
