{
   "temperature":     298.150000000000,
   "unit": "hartree",
   "energy":     -65.052751716181,
   "free energy":     -64.799183810397,
   "G(T)":       0.253567905784,
   "ZPVE":       0.313026632888,
   "number of imags":0,
   "point group": "c1",
   "gradient norm":       0.000075674489
}
