{
   "temperature":     298.150000000000,
   "unit": "hartree",
   "energy":     -65.025535284101,
   "free energy":     -64.777374762444,
   "G(T)":       0.248160521658,
   "ZPVE":       0.313083944746,
   "number of imags":0,
   "point group": "c1",
   "gradient norm":       0.000054323772
}
