{
   "temperature":     298.150000000000,
   "unit": "hartree",
   "energy":     -65.040115723803,
   "free energy":     -64.787600357406,
   "G(T)":       0.252515366397,
   "ZPVE":       0.313081448674,
   "number of imags":0,
   "point group": "c1",
   "gradient norm":       0.000047177005
}
