{
   "temperature":     298.150000000000,
   "unit": "hartree",
   "energy":     -64.694953669836,
   "free energy":     -64.462977198900,
   "G(T)":       0.231976470936,
   "ZPVE":       0.288401614834,
   "number of imags":0,
   "point group": "c1",
   "gradient norm":       0.000080903047
}
