{
   "temperature":     298.150000000000,
   "unit": "hartree",
   "energy":     -65.047925392542,
   "free energy":     -64.794793595936,
   "G(T)":       0.253131796606,
   "ZPVE":       0.313185781922,
   "number of imags":0,
   "point group": "c1",
   "gradient norm":       0.000091234132
}
