{
   "temperature":     298.150000000000,
   "unit": "hartree",
   "energy":     -65.049883552668,
   "free energy":     -64.797258704844,
   "G(T)":       0.252624847824,
   "ZPVE":       0.312630361835,
   "number of imags":0,
   "point group": "c1",
   "gradient norm":       0.000079109887
}
