{
   "temperature":     298.150000000000,
   "unit": "hartree",
   "energy":     -65.064337121601,
   "free energy":     -64.810533116071,
   "G(T)":       0.253804005530,
   "ZPVE":       0.312692609226,
   "number of imags":0,
   "point group": "c1",
   "gradient norm":       0.000040321383
}
