{
    "partname": "prescreening",
    "runtime": 28.290417658165097,
    "results": {
        "CONF1": {
            "xtb_gsolv": {
                "gsolv": -0.019924261104002028,
                "energy_xtb_gas": -49.055219487085,
                "energy_xtb_solv": -49.075143748189
            },
            "sp": {
                "energy": -797.8813375819
            },
            "gtot": -797.901261843004,
            "bmw": 1.0
        }
    },
    "settings": {
        "threshold": 4.0,
        "func": "pbe-d4",
        "basis": "def2-sv(p)",
        "prog": "orca",
        "gfnv": "gfn2",
        "run": true,
        "template": false
    },
    "nconf_in": 1,
    "nconf_out": 1
}