{
   "temperature":     298.150000000000,
   "unit": "hartree",
   "energy":     -65.042894365690,
   "free energy":     -64.789367378811,
   "G(T)":       0.253526986879,
   "ZPVE":       0.313283090314,
   "number of imags":0,
   "point group": "c1",
   "gradient norm":       0.000063944050
}
