{
   "temperature":     298.150000000000,
   "unit": "hartree",
   "energy":     -65.058446421517,
   "free energy":     -64.805258283362,
   "G(T)":       0.253188138155,
   "ZPVE":       0.312729866997,
   "number of imags":0,
   "point group": "c1",
   "gradient norm":       0.000088535458
}
