{
   "temperature":     298.150000000000,
   "unit": "hartree",
   "energy":     -64.706741316172,
   "free energy":     -64.473844360269,
   "G(T)":       0.232896955903,
   "ZPVE":       0.288141846302,
   "number of imags":0,
   "point group": "c1",
   "gradient norm":       0.000086336321
}
