{
   "temperature":     298.150000000000,
   "unit": "hartree",
   "energy":     -47.582662146927,
   "free energy":     -47.521832182545,
   "G(T)":       0.060829964382,
   "ZPVE":       0.103572825986,
   "number of imags":0,
   "point group": "c1",
   "gradient norm":       0.000051006083
}
