{
   "temperature":     298.150000000000,
   "unit": "hartree",
   "energy":     -15.463330242858,
   "free energy":     -15.409000565641,
   "G(T)":       0.054329677217,
   "ZPVE":       0.081293075778,
   "number of imags":0,
   "point group": "c2",
   "gradient norm":       0.000063234082
}
