{
   "temperature":     298.150000000000,
   "unit": "hartree",
   "energy":     -65.046863350694,
   "free energy":     -64.793736685914,
   "G(T)":       0.253126664779,
   "ZPVE":       0.313101185296,
   "number of imags":0,
   "point group": "c1",
   "gradient norm":       0.000064294596
}
