{
   "temperature":     298.150000000000,
   "unit": "hartree",
   "energy":     -65.038104409794,
   "free energy":     -64.785135916905,
   "G(T)":       0.252968492890,
   "ZPVE":       0.313297742460,
   "number of imags":0,
   "point group": "c1",
   "gradient norm":       0.000090788549
}
