{
   "temperature":     298.150000000000,
   "unit": "hartree",
   "energy":     -65.043322252141,
   "free energy":     -64.790412462669,
   "G(T)":       0.252909789472,
   "ZPVE":       0.313047098437,
   "number of imags":0,
   "point group": "c1",
   "gradient norm":       0.000090734666
}
