{
    "partname": "prescreening",
    "runtime": 8.11617599055171,
    "results": {
        "CONF1": {
            "xtb_gsolv": {
                "gsolv": -0.0019487036240022348,
                "energy_xtb_gas": -28.030973438672,
                "energy_xtb_solv": -28.032922142296
            },
            "sp": {
                "energy": -1609.563655418586
            },
            "gtot": -1609.56560412221,
            "bmw": 1.0
        }
    },
    "settings": {
        "threshold": 4.0,
        "func": "pbe-d4",
        "basis": "def2-sv(p)",
        "prog": "orca",
        "gfnv": "gfn2",
        "run": true,
        "template": false
    },
    "nconf_in": 1,
    "nconf_out": 1
}