{
   "temperature":     298.150000000000,
   "unit": "hartree",
   "energy":     -65.050431762923,
   "free energy":     -64.797754524259,
   "G(T)":       0.252677238664,
   "ZPVE":       0.312846568948,
   "number of imags":0,
   "point group": "c1",
   "gradient norm":       0.000083811954
}
