{
   "temperature":     298.150000000000,
   "unit": "hartree",
   "energy":     -65.059689879934,
   "free energy":     -64.806438160198,
   "G(T)":       0.253251719737,
   "ZPVE":       0.312733713339,
   "number of imags":0,
   "point group": "c1",
   "gradient norm":       0.000050351990
}
