{
   "temperature":     298.150000000000,
   "unit": "hartree",
   "energy":     -65.040249758453,
   "free energy":     -64.787741961378,
   "G(T)":       0.252507797075,
   "ZPVE":       0.313004156576,
   "number of imags":0,
   "point group": "c1",
   "gradient norm":       0.000049108109
}
