{
   "temperature":     298.150000000000,
   "unit": "hartree",
   "energy":     -10.360729054095,
   "free energy":     -10.331676074463,
   "G(T)":       0.029052979632,
   "ZPVE":       0.053997164991,
   "number of imags":0,
   "point group": "cs",
   "gradient norm":       0.000018703666
}
