{
   "temperature":     298.150000000000,
   "unit": "hartree",
   "energy":     -65.063583547195,
   "free energy":     -64.810196030756,
   "G(T)":       0.253387516439,
   "ZPVE":       0.312729831681,
   "number of imags":0,
   "point group": "c1",
   "gradient norm":       0.000061609208
}
