{
   "temperature":     298.150000000000,
   "unit": "hartree",
   "energy":     -65.033380775858,
   "free energy":     -64.780823044303,
   "G(T)":       0.252557731555,
   "ZPVE":       0.313349832825,
   "number of imags":0,
   "point group": "c1",
   "gradient norm":       0.000031588045
}
