{
   "temperature":     298.150000000000,
   "unit": "hartree",
   "energy":     -65.058667500442,
   "free energy":     -64.805356215336,
   "G(T)":       0.253311285106,
   "ZPVE":       0.312805544417,
   "number of imags":0,
   "point group": "c1",
   "gradient norm":       0.000102347217
}
