{
   "temperature":     298.150000000000,
   "unit": "hartree",
   "energy":     -65.048519144334,
   "free energy":     -64.795333850024,
   "G(T)":       0.253185294310,
   "ZPVE":       0.313165762945,
   "number of imags":0,
   "point group": "c1",
   "gradient norm":       0.000047164845
}
