{
   "temperature":     298.150000000000,
   "unit": "hartree",
   "energy":     -44.511618433891,
   "free energy":     -44.343489826016,
   "G(T)":       0.168128607875,
   "ZPVE":       0.211256935452,
   "number of imags":0,
   "point group": "c1",
   "gradient norm":       0.000097460476
}
