{
   "temperature":     298.150000000000,
   "unit": "hartree",
   "energy":     -65.047534137568,
   "free energy":     -64.794370603504,
   "G(T)":       0.253163534063,
   "ZPVE":       0.313073638939,
   "number of imags":0,
   "point group": "c1",
   "gradient norm":       0.000041806441
}
