{
   "temperature":     298.150000000000,
   "unit": "hartree",
   "energy":     -65.051342011204,
   "free energy":     -64.798437622967,
   "G(T)":       0.252904388237,
   "ZPVE":       0.312917220551,
   "number of imags":0,
   "point group": "c1",
   "gradient norm":       0.000062584365
}
