{
   "temperature":     298.150000000000,
   "unit": "hartree",
   "energy":     -17.797963561378,
   "free energy":     -17.750472690279,
   "G(T)":       0.047490871099,
   "ZPVE":       0.076443875242,
   "number of imags":0,
   "point group": "cs",
   "gradient norm":       0.000056593653
}
