{
    "partname": "prescreening",
    "runtime": 4.889015079941601,
    "results": {
        "CONF1": {
            "xtb_gsolv": {
                "gsolv": -0.002788604852000276,
                "energy_xtb_gas": -15.419436256311,
                "energy_xtb_solv": -15.422224861163
            },
            "sp": {
                "energy": -998.149860767213
            },
            "gtot": -998.152649372065,
            "bmw": 1.0
        }
    },
    "settings": {
        "threshold": 4.0,
        "func": "pbe-d4",
        "basis": "def2-sv(p)",
        "prog": "orca",
        "gfnv": "gfn2",
        "run": true,
        "template": false
    },
    "nconf_in": 1,
    "nconf_out": 1
}