{
    "partname": "prescreening",
    "runtime": 6.147461552172899,
    "results": {
        "CONF1": {
            "xtb_gsolv": {
                "gsolv": 0.0006429655890016761,
                "energy_xtb_gas": -26.718319986276,
                "energy_xtb_solv": -26.717677020687
            },
            "sp": {
                "energy": -1622.348281944604
            },
            "gtot": -1622.347638979015,
            "bmw": 1.0
        }
    },
    "settings": {
        "threshold": 4.0,
        "func": "pbe-d4",
        "basis": "def2-sv(p)",
        "prog": "orca",
        "gfnv": "gfn2",
        "run": true,
        "template": false
    },
    "nconf_in": 1,
    "nconf_out": 1
}