{
    "partname": "prescreening",
    "runtime": 21.086813205853105,
    "results": {
        "CONF1": {
            "xtb_gsolv": {
                "gsolv": -0.0006703251760029616,
                "energy_xtb_gas": -39.379137142496,
                "energy_xtb_solv": -39.379807467672
            },
            "sp": {
                "energy": -614.474995730829
            },
            "gtot": -614.475666056005,
            "bmw": 1.0
        }
    },
    "settings": {
        "threshold": 4.0,
        "func": "pbe-d4",
        "basis": "def2-sv(p)",
        "prog": "orca",
        "gfnv": "gfn2",
        "run": true,
        "template": false
    },
    "nconf_in": 1,
    "nconf_out": 1
}