{
   "temperature":     298.150000000000,
   "unit": "hartree",
   "energy":     -26.299200820915,
   "free energy":     -26.177152490572,
   "G(T)":       0.122048330343,
   "ZPVE":       0.155571117172,
   "number of imags":0,
   "point group": "c1",
   "gradient norm":       0.000045402832
}
