{
   "temperature":     298.150000000000,
   "unit": "hartree",
   "energy":     -15.462020974082,
   "free energy":     -15.408249432643,
   "G(T)":       0.053771541439,
   "ZPVE":       0.080945726742,
   "number of imags":0,
   "point group": "c2h",
   "gradient norm":       0.000019208836
}
