{
   "temperature":     298.150000000000,
   "unit": "hartree",
   "energy":     -64.721233108537,
   "free energy":     -64.487707735223,
   "G(T)":       0.233525373314,
   "ZPVE":       0.288207159472,
   "number of imags":0,
   "point group": "c1",
   "gradient norm":       0.000040127536
}
