{
   "temperature":     298.150000000000,
   "unit": "hartree",
   "energy":     -65.048432575374,
   "free energy":     -64.795339866852,
   "G(T)":       0.253092708522,
   "ZPVE":       0.312961900627,
   "number of imags":0,
   "point group": "c1",
   "gradient norm":       0.000040919544
}
