{
    "partname": "prescreening",
    "runtime": 7.610997690819204,
    "results": {
        "CONF1": {
            "xtb_gsolv": {
                "gsolv": -0.002600674766000566,
                "energy_xtb_gas": -23.492821078829,
                "energy_xtb_solv": -23.495421753595
            },
            "sp": {
                "energy": -1916.693173081147
            },
            "gtot": -1916.695773755913,
            "bmw": 1.0
        }
    },
    "settings": {
        "threshold": 4.0,
        "func": "pbe-d4",
        "basis": "def2-sv(p)",
        "prog": "orca",
        "gfnv": "gfn2",
        "run": true,
        "template": false
    },
    "nconf_in": 1,
    "nconf_out": 1
}