{
   "temperature":     298.150000000000,
   "unit": "hartree",
   "energy":     -20.113482022857,
   "free energy":     -20.052545991353,
   "G(T)":       0.060936031504,
   "ZPVE":       0.089267873572,
   "number of imags":0,
   "point group": "c2v",
   "gradient norm":       0.000100979420
}
