{
   "temperature":     298.150000000000,
   "unit": "hartree",
   "energy":     -65.051097583466,
   "free energy":     -64.798136435018,
   "G(T)":       0.252961148448,
   "ZPVE":       0.312808905889,
   "number of imags":0,
   "point group": "c1",
   "gradient norm":       0.000031489864
}
