{
    "partname": "prescreening",
    "runtime": 29.49240316916257,
    "results": {
        "CONF1": {
            "xtb_gsolv": {
                "gsolv": 0.000670036672001828,
                "energy_xtb_gas": -19.050402880119,
                "energy_xtb_solv": -19.049732843447
            },
            "sp": {
                "energy": -270.941907226923
            },
            "gtot": -270.941237190251,
            "bmw": 1.0
        }
    },
    "settings": {
        "threshold": 4.0,
        "func": "pbe-d4",
        "basis": "def2-sv(p)",
        "prog": "orca",
        "gfnv": "gfn2",
        "run": true,
        "template": false
    },
    "nconf_in": 1,
    "nconf_out": 1
}