{
   "temperature":     298.150000000000,
   "unit": "hartree",
   "energy":     -65.059799280646,
   "free energy":     -64.806712927924,
   "G(T)":       0.253086352721,
   "ZPVE":       0.312579523666,
   "number of imags":0,
   "point group": "c1",
   "gradient norm":       0.000050008681
}
