{
   "temperature":     298.150000000000,
   "unit": "hartree",
   "energy":     -65.050514606198,
   "free energy":     -64.797162755557,
   "G(T)":       0.253351850641,
   "ZPVE":       0.313077986220,
   "number of imags":0,
   "point group": "c1",
   "gradient norm":       0.000108270049
}
