{
   "temperature":     298.150000000000,
   "unit": "hartree",
   "energy":     -65.040295007489,
   "free energy":     -64.787427504691,
   "G(T)":       0.252867502798,
   "ZPVE":       0.313103000855,
   "number of imags":0,
   "point group": "c1",
   "gradient norm":       0.000044325105
}
