{
   "temperature":     298.150000000000,
   "unit": "hartree",
   "energy":     -23.377291215197,
   "free energy":     -23.305151275819,
   "G(T)":       0.072139939378,
   "ZPVE":       0.103665093269,
   "number of imags":0,
   "point group": "c1",
   "gradient norm":       0.000075580510
}
