{
   "temperature":     298.150000000000,
   "unit": "hartree",
   "energy":     -23.986758860335,
   "free energy":     -23.939905928158,
   "G(T)":       0.046852932177,
   "ZPVE":       0.078485656342,
   "number of imags":0,
   "point group": "c2v",
   "gradient norm":       0.000016953166
}
