{
   "temperature":     298.150000000000,
   "unit": "hartree",
   "energy":     -13.502754445116,
   "free energy":     -13.448541992051,
   "G(T)":       0.054212453065,
   "ZPVE":       0.081522296219,
   "number of imags":0,
   "point group": "cs",
   "gradient norm":       0.000012910014
}
