{
   "temperature":     298.150000000000,
   "unit": "hartree",
   "energy":     -64.704316999048,
   "free energy":     -64.471701243837,
   "G(T)":       0.232615755211,
   "ZPVE":       0.288206473738,
   "number of imags":0,
   "point group": "c1",
   "gradient norm":       0.000074896626
}
