{
   "temperature":     298.150000000000,
   "unit": "hartree",
   "energy":     -65.055939257410,
   "free energy":     -64.802976886167,
   "G(T)":       0.252962371242,
   "ZPVE":       0.312673051582,
   "number of imags":0,
   "point group": "c1",
   "gradient norm":       0.000053708680
}
