{
   "temperature":     298.150000000000,
   "unit": "hartree",
   "energy":     -65.057049775183,
   "free energy":     -64.803716745924,
   "G(T)":       0.253333029260,
   "ZPVE":       0.312859447979,
   "number of imags":0,
   "point group": "c1",
   "gradient norm":       0.000048011197
}
