{
    "partname": "prescreening",
    "runtime": 6.157733717933297,
    "results": {
        "CONF1": {
            "xtb_gsolv": {
                "gsolv": -0.0022465153399977567,
                "energy_xtb_gas": -16.150088009225,
                "energy_xtb_solv": -16.152334524565
            },
            "sp": {
                "energy": -247.745468384834
            },
            "gtot": -247.747714900174,
            "bmw": 1.0
        }
    },
    "settings": {
        "threshold": 4.0,
        "func": "pbe-d4",
        "basis": "def2-sv(p)",
        "prog": "orca",
        "gfnv": "gfn2",
        "run": true,
        "template": false
    },
    "nconf_in": 1,
    "nconf_out": 1
}