{
   "temperature":     298.150000000000,
   "unit": "hartree",
   "energy":     -65.046508589686,
   "free energy":     -64.793066422855,
   "G(T)":       0.253442166832,
   "ZPVE":       0.313068146067,
   "number of imags":0,
   "point group": "c1",
   "gradient norm":       0.000056602362
}
