{
   "temperature":     298.150000000000,
   "unit": "hartree",
   "energy":     -65.053118208482,
   "free energy":     -64.799980843574,
   "G(T)":       0.253137364908,
   "ZPVE":       0.312844630042,
   "number of imags":0,
   "point group": "c1",
   "gradient norm":       0.000059125775
}
