{
   "temperature":     298.150000000000,
   "unit": "hartree",
   "energy":     -65.050056482092,
   "free energy":     -64.796823953798,
   "G(T)":       0.253232528294,
   "ZPVE":       0.312993625250,
   "number of imags":0,
   "point group": "c1",
   "gradient norm":       0.000070256363
}
