{
   "temperature":     298.150000000000,
   "unit": "hartree",
   "energy":     -36.159010869224,
   "free energy":     -36.038320748216,
   "G(T)":       0.120690121008,
   "ZPVE":       0.155337688274,
   "number of imags":0,
   "point group": "c1",
   "gradient norm":       0.000129012940
}
