{
   "temperature":     298.150000000000,
   "unit": "hartree",
   "energy":     -65.048473139712,
   "free energy":     -64.795606239008,
   "G(T)":       0.252866900704,
   "ZPVE":       0.312866693487,
   "number of imags":0,
   "point group": "c1",
   "gradient norm":       0.000066804144
}
