{
   "temperature":     298.150000000000,
   "unit": "hartree",
   "energy":     -65.057365886328,
   "free energy":     -64.804593739207,
   "G(T)":       0.252772147121,
   "ZPVE":       0.312630449690,
   "number of imags":0,
   "point group": "c1",
   "gradient norm":       0.000085078773
}
