{
   "temperature":     298.150000000000,
   "unit": "hartree",
   "energy":     -65.042221749079,
   "free energy":     -64.789706605958,
   "G(T)":       0.252515143120,
   "ZPVE":       0.312757192488,
   "number of imags":0,
   "point group": "c1",
   "gradient norm":       0.000040443672
}
