{
   "temperature":     298.150000000000,
   "unit": "hartree",
   "energy":     -65.061599916963,
   "free energy":     -64.808365641322,
   "G(T)":       0.253234275641,
   "ZPVE":       0.312575977684,
   "number of imags":0,
   "point group": "c1",
   "gradient norm":       0.000073565249
}
