{
   "temperature":     298.150000000000,
   "unit": "hartree",
   "energy":     -64.701599413398,
   "free energy":     -64.469134794522,
   "G(T)":       0.232464618876,
   "ZPVE":       0.288368719715,
   "number of imags":0,
   "point group": "c1",
   "gradient norm":       0.000079876047
}
