{
   "temperature":     298.150000000000,
   "unit": "hartree",
   "energy":     -65.046069439287,
   "free energy":     -64.793322694304,
   "G(T)":       0.252746744984,
   "ZPVE":       0.312742932075,
   "number of imags":0,
   "point group": "c1",
   "gradient norm":       0.000134028564
}
