{
   "temperature":     298.150000000000,
   "unit": "hartree",
   "energy":     -13.816841896010,
   "free energy":     -13.778614507478,
   "G(T)":       0.038227388532,
   "ZPVE":       0.064842534275,
   "number of imags":0,
   "point group": "c2v",
   "gradient norm":       0.000049222031
}
