{
   "temperature":     298.150000000000,
   "unit": "hartree",
   "energy":     -64.697471974233,
   "free energy":     -64.465037008433,
   "G(T)":       0.232434965800,
   "ZPVE":       0.288277651724,
   "number of imags":0,
   "point group": "c1",
   "gradient norm":       0.000093404949
}
