{
   "temperature":     298.150000000000,
   "unit": "hartree",
   "energy":     -24.080667600025,
   "free energy":     -24.057728802666,
   "G(T)":       0.022938797359,
   "ZPVE":       0.053205713031,
   "number of imags":0,
   "point group": "c1",
   "gradient norm":       0.000077478200
}
