{
   "temperature":     298.150000000000,
   "unit": "hartree",
   "energy":     -64.696225042204,
   "free energy":     -64.463985382924,
   "G(T)":       0.232239659280,
   "ZPVE":       0.288486383349,
   "number of imags":0,
   "point group": "c1",
   "gradient norm":       0.000142384072
}
