{
   "temperature":     298.150000000000,
   "unit": "hartree",
   "energy":     -10.577225932338,
   "free energy":     -10.531506033680,
   "G(T)":       0.045719898658,
   "ZPVE":       0.072742873355,
   "number of imags":0,
   "point group": "cs",
   "gradient norm":       0.000113447430
}
