{
   "temperature":     298.150000000000,
   "unit": "hartree",
   "energy":     -65.054811037145,
   "free energy":     -64.801846467926,
   "G(T)":       0.252964569219,
   "ZPVE":       0.312797586483,
   "number of imags":0,
   "point group": "c1",
   "gradient norm":       0.000082188271
}
