{
    "partname": "prescreening",
    "runtime": 10.037247083615512,
    "results": {
        "CONF1": {
            "xtb_gsolv": {
                "gsolv": -0.0016524564529998287,
                "energy_xtb_gas": -7.473338107801,
                "energy_xtb_solv": -7.474990564254
            },
            "sp": {
                "energy": -337.477101685182
            },
            "gtot": -337.47875414163497,
            "bmw": 1.0
        }
    },
    "settings": {
        "threshold": 4.0,
        "func": "pbe-d4",
        "basis": "def2-sv(p)",
        "prog": "orca",
        "gfnv": "gfn2",
        "run": true,
        "template": false
    },
    "nconf_in": 1,
    "nconf_out": 1
}