{
   "temperature":     298.150000000000,
   "unit": "hartree",
   "energy":     -65.047620895875,
   "free energy":     -64.794055243059,
   "G(T)":       0.253565652816,
   "ZPVE":       0.313096643650,
   "number of imags":0,
   "point group": "c1",
   "gradient norm":       0.000107904347
}
