{
   "temperature":     298.150000000000,
   "unit": "hartree",
   "energy":     -64.700396338826,
   "free energy":     -64.468401412363,
   "G(T)":       0.231994926463,
   "ZPVE":       0.288291400350,
   "number of imags":0,
   "point group": "c1",
   "gradient norm":       0.000149726342
}
