{
   "temperature":     298.150000000000,
   "unit": "hartree",
   "energy":     -64.700766318633,
   "free energy":     -64.468207813521,
   "G(T)":       0.232558505112,
   "ZPVE":       0.288252676251,
   "number of imags":0,
   "point group": "c1",
   "gradient norm":       0.000081854477
}
