{
   "temperature":     298.150000000000,
   "unit": "hartree",
   "energy":     -65.045885923826,
   "free energy":     -64.793031869872,
   "G(T)":       0.252854053954,
   "ZPVE":       0.313106613516,
   "number of imags":0,
   "point group": "c1",
   "gradient norm":       0.000057331597
}
