{
   "temperature":     298.150000000000,
   "unit": "hartree",
   "energy":     -65.055710131722,
   "free energy":     -64.802365270735,
   "G(T)":       0.253344860987,
   "ZPVE":       0.312846918892,
   "number of imags":0,
   "point group": "c1",
   "gradient norm":       0.000050239223
}
