{
   "temperature":     298.150000000000,
   "unit": "hartree",
   "energy":     -36.157004444357,
   "free energy":     -36.036709297781,
   "G(T)":       0.120295146576,
   "ZPVE":       0.155162513049,
   "number of imags":0,
   "point group": "c1",
   "gradient norm":       0.000174236569
}
