{
   "temperature":     298.150000000000,
   "unit": "hartree",
   "energy":     -65.045431550753,
   "free energy":     -64.792284268072,
   "G(T)":       0.253147282681,
   "ZPVE":       0.313261506624,
   "number of imags":0,
   "point group": "c1",
   "gradient norm":       0.000112980617
}
