{
    "partname": "prescreening",
    "runtime": 9.046280041337013,
    "results": {
        "CONF1": {
            "xtb_gsolv": {
                "gsolv": 0.0002684598729985055,
                "energy_xtb_gas": -25.474384037327,
                "energy_xtb_solv": -25.474115577454
            },
            "sp": {
                "energy": -385.05167699534
            },
            "gtot": -385.05140853546703,
            "bmw": 1.0
        }
    },
    "settings": {
        "threshold": 4.0,
        "func": "pbe-d4",
        "basis": "def2-sv(p)",
        "prog": "orca",
        "gfnv": "gfn2",
        "run": true,
        "template": false
    },
    "nconf_in": 1,
    "nconf_out": 1
}