{
    "partname": "prescreening",
    "runtime": 33.93082845071331,
    "results": {
        "CONF1": {
            "xtb_gsolv": {
                "gsolv": -0.0047125702519998924,
                "energy_xtb_gas": -28.911750228927,
                "energy_xtb_solv": -28.916462799179
            },
            "sp": {
                "energy": -440.291709678385
            },
            "gtot": -440.29642224863704,
            "bmw": 1.0
        }
    },
    "settings": {
        "threshold": 4.0,
        "func": "pbe-d4",
        "basis": "def2-sv(p)",
        "prog": "orca",
        "gfnv": "gfn2",
        "run": true,
        "template": false
    },
    "nconf_in": 1,
    "nconf_out": 1
}