{
   "temperature":     298.150000000000,
   "unit": "hartree",
   "energy":     -64.701095638911,
   "free energy":     -64.468696586671,
   "G(T)":       0.232399052239,
   "ZPVE":       0.288227070030,
   "number of imags":0,
   "point group": "c1",
   "gradient norm":       0.000079617632
}
