{
   "temperature":     298.150000000000,
   "unit": "hartree",
   "energy":     -14.953538990994,
   "free energy":     -14.928778432277,
   "G(T)":       0.024760558716,
   "ZPVE":       0.055158623925,
   "number of imags":0,
   "point group": "cs",
   "gradient norm":       0.000089586379
}
