{
   "temperature":     298.150000000000,
   "unit": "hartree",
   "energy":     -65.041481116248,
   "free energy":     -64.789019976116,
   "G(T)":       0.252461140132,
   "ZPVE":       0.312981196883,
   "number of imags":0,
   "point group": "c1",
   "gradient norm":       0.000096153586
}
