{
   "temperature":     298.150000000000,
   "unit": "hartree",
   "energy":     -65.039296858551,
   "free energy":     -64.786867986057,
   "G(T)":       0.252428872494,
   "ZPVE":       0.313065857656,
   "number of imags":0,
   "point group": "c1",
   "gradient norm":       0.000042559631
}
