{
   "temperature":     298.150000000000,
   "unit": "hartree",
   "energy":     -36.156686293914,
   "free energy":     -36.035890443231,
   "G(T)":       0.120795850683,
   "ZPVE":       0.155406845045,
   "number of imags":0,
   "point group": "c1",
   "gradient norm":       0.000087447451
}
