{
   "temperature":     298.150000000000,
   "unit": "hartree",
   "energy":     -26.301151369467,
   "free energy":     -26.178460395695,
   "G(T)":       0.122690973772,
   "ZPVE":       0.155846513928,
   "number of imags":0,
   "point group": "cs",
   "gradient norm":       0.000022870837
}
