{
   "temperature":     298.150000000000,
   "unit": "hartree",
   "energy":     -14.464984421927,
   "free energy":     -14.433068760832,
   "G(T)":       0.031915661095,
   "ZPVE":       0.058802465097,
   "number of imags":0,
   "point group": "cs",
   "gradient norm":       0.000062807972
}
