{
    "partname": "screening",
    "runtime": 185.44425645563751,
    "results": {
        "CONF11": {
            "gsolv": {
                "gsolv": -0.02513662844398823,
                "energy_gas": -572.562426543715,
                "energy_solv": -572.587563172159
            },
            "gtot": -572.587563172159,
            "bmw": 0.001606214378105913
        },
        "CONF19": {
            "gsolv": {
                "gsolv": -0.028730646846042873,
                "energy_gas": -572.561556008803,
                "energy_solv": -572.590286655649
            },
            "gtot": -572.590286655649,
            "bmw": 0.028742146625432206
        },
        "CONF9": {
            "gsolv": {
                "gsolv": -0.030527673508004227,
                "energy_gas": -572.561296164124,
                "energy_solv": -572.591823837632
            },
            "gtot": -572.591823837632,
            "bmw": 0.1464110886197996
        },
        "CONF5": {
            "gsolv": {
                "gsolv": -0.028975187466016905,
                "energy_gas": -572.561276778265,
                "energy_solv": -572.590251965731
            },
            "gtot": -572.590251965731,
            "bmw": 0.027705305461020423
        },
        "CONF26": {
            "gsolv": {
                "gsolv": -0.02695317420500487,
                "energy_gas": -572.56245871007,
                "energy_solv": -572.589411884275
            },
            "gtot": -572.589411884275,
            "bmw": 0.0113802609536554
        },
        "CONF8": {
            "gsolv": {
                "gsolv": -0.028773073055958776,
                "energy_gas": -572.561217590263,
                "energy_solv": -572.589990663319
            },
            "gtot": -572.589990663319,
            "bmw": 0.021007392651415952
        },
        "CONF6": {
            "gsolv": {
                "gsolv": -0.025190938959894993,
                "energy_gas": -572.562583973362,
                "energy_solv": -572.587774912322
            },
            "gtot": -572.587774912322,
            "bmw": 0.002010005484710937
        },
        "CONF7": {
            "gsolv": {
                "gsolv": -0.03014424223408696,
                "energy_gas": -572.561409676374,
                "energy_solv": -572.591553918608
            },
            "gtot": -572.591553918608,
            "bmw": 0.11000687122948315
        },
        "CONF3": {
            "gsolv": {
                "gsolv": -0.029315969544995824,
                "energy_gas": -572.562491248784,
                "energy_solv": -572.591807218329
            },
            "gtot": -572.591807218329,
            "bmw": 0.14385654298328884
        },
        "CONF12": {
            "gsolv": {
                "gsolv": -0.029727604067034008,
                "energy_gas": -572.561816617207,
                "energy_solv": -572.591544221274
            },
            "gtot": -572.591544221274,
            "bmw": 0.10888281689984489
        },
        "CONF13": {
            "gsolv": {
                "gsolv": -0.02497274513098091,
                "energy_gas": -572.561551319716,
                "energy_solv": -572.586524064847
            },
            "gtot": -572.586524064847,
            "bmw": 0.0005343763512369019
        },
        "CONF15": {
            "gsolv": {
                "gsolv": -0.02832290654305325,
                "energy_gas": -572.562002002078,
                "energy_solv": -572.590324908621
            },
            "gtot": -572.590324908621,
            "bmw": 0.029930526035842446
        },
        "CONF2": {
            "gsolv": {
                "gsolv": -0.028323501663066963,
                "energy_gas": -572.563096669471,
                "energy_solv": -572.591420171134
            },
            "gtot": -572.591420171134,
            "bmw": 0.09547732288808067
        },
        "CONF28": {
            "gsolv": {
                "gsolv": -0.028424272606002887,
                "energy_gas": -572.561200608399,
                "energy_solv": -572.589624881005
            },
            "gtot": -572.589624881005,
            "bmw": 0.01426014477885165
        },
        "CONF1": {
            "gsolv": {
                "gsolv": -0.024595749660988986,
                "energy_gas": -572.567032045835,
                "energy_solv": -572.591627795496
            },
            "gtot": -572.591627795496,
            "bmw": 0.11895996537668102
        },
        "CONF10": {
            "gsolv": {
                "gsolv": -0.02508673386000737,
                "energy_gas": -572.563397759307,
                "energy_solv": -572.588484493167
            },
            "gtot": -572.588484493167,
            "bmw": 0.004261689834383098
        },
        "CONF35": {
            "gsolv": {
                "gsolv": -0.029208743083017907,
                "energy_gas": -572.560547619779,
                "energy_solv": -572.589756362862
            },
            "gtot": -572.589756362862,
            "bmw": 0.016390847238608616
        },
        "CONF23": {
            "gsolv": {
                "gsolv": -0.026768632543962667,
                "energy_gas": -572.562335281229,
                "energy_solv": -572.589103913773
            },
            "gtot": -572.589103913773,
            "bmw": 0.008212882232496598
        },
        "CONF21": {
            "gsolv": {
                "gsolv": -0.02850724985398756,
                "energy_gas": -572.559917177691,
                "energy_solv": -572.588424427545
            },
            "gtot": -572.588424427545,
            "bmw": 0.003999019896491009
        },
        "CONF16": {
            "gsolv": {
                "gsolv": -0.029553556153928184,
                "energy_gas": -572.56068378189,
                "energy_solv": -572.590237338044
            },
            "gtot": -572.590237338044,
            "bmw": 0.027279391113286092
        },
        "CONF41": {
            "gsolv": {
                "gsolv": -0.03376243974298632,
                "energy_gas": -572.556167965195,
                "energy_solv": -572.589930404938
            },
            "gtot": -572.589930404938,
            "bmw": 0.019708574631985568
        },
        "CONF47": {
            "gsolv": {
                "gsolv": -0.03446261378201143,
                "energy_gas": -572.555507486445,
                "energy_solv": -572.589970100227
            },
            "gtot": -572.589970100227,
            "bmw": 0.020554825081876872
        },
        "CONF70": {
            "gsolv": {
                "gsolv": -0.03155135865506509,
                "energy_gas": -572.557366862313,
                "energy_solv": -572.588918220968
            },
            "gtot": -572.588918220968,
            "bmw": 0.006746566685301697
        },
        "CONF48": {
            "gsolv": {
                "gsolv": -0.027749389014047665,
                "energy_gas": -572.560261268457,
                "energy_solv": -572.588010657471
            },
            "gtot": -572.588010657471,
            "bmw": 0.002580076036482533
        },
        "CONF30": {
            "gsolv": {
                "gsolv": -0.02878524199604726,
                "energy_gas": -572.559284640832,
                "energy_solv": -572.588069882828
            },
            "gtot": -572.588069882828,
            "bmw": 0.002747098827755726
        },
        "CONF32": {
            "gsolv": {
                "gsolv": -0.03012018874903788,
                "energy_gas": -572.560098577176,
                "energy_solv": -572.590218765925
            },
            "gtot": -572.590218765925,
            "bmw": 0.026748047703882095
        }
    },
    "settings": {
        "threshold": 3.5,
        "func": "r2scan-3c",
        "basis": "def2-tzvp",
        "prog": "orca",
        "sm": "smd",
        "gfnv": "gfn2",
        "run": true,
        "implicit": false,
        "template": false
    },
    "nconf_in": 26,
    "nconf_out": 26
}