{
    "partname": "refinement",
    "runtime": 498.9492599433288,
    "results": {
        "CONF3": {
            "gsolv": {
                "gsolv": -0.033567246942993734,
                "energy_gas": -572.704109709261,
                "energy_solv": -572.737676956204
            },
            "gtot": -572.737676956204,
            "bmw": 0.13025974531100665
        },
        "CONF12": {
            "gsolv": {
                "gsolv": -0.0334953657600181,
                "energy_gas": -572.703895197901,
                "energy_solv": -572.737390563661
            },
            "gtot": -572.737390563661,
            "bmw": 0.09617867139734511
        },
        "CONF9": {
            "gsolv": {
                "gsolv": -0.0342107737429842,
                "energy_gas": -572.703368287525,
                "energy_solv": -572.737579061268
            },
            "gtot": -572.737579061268,
            "bmw": 0.11743070576309
        },
        "CONF7": {
            "gsolv": {
                "gsolv": -0.033079458757015345,
                "energy_gas": -572.704230386959,
                "energy_solv": -572.737309845716
            },
            "gtot": -572.737309845716,
            "bmw": 0.08829804515707346
        },
        "CONF2": {
            "gsolv": {
                "gsolv": -0.03270662820102643,
                "energy_gas": -572.70470462302,
                "energy_solv": -572.737411251221
            },
            "gtot": -572.737411251221,
            "bmw": 0.09830925215108781
        },
        "CONF15": {
            "gsolv": {
                "gsolv": -0.030848260107063652,
                "energy_gas": -572.705520162128,
                "energy_solv": -572.736368422235
            },
            "gtot": -572.736368422235,
            "bmw": 0.032578138243692316
        },
        "CONF19": {
            "gsolv": {
                "gsolv": -0.03168470691196035,
                "energy_gas": -572.704545384899,
                "energy_solv": -572.736230091811
            },
            "gtot": -572.736230091811,
            "bmw": 0.02813835283991123
        },
        "CONF28": {
            "gsolv": {
                "gsolv": -0.03241635862696057,
                "energy_gas": -572.704259115771,
                "energy_solv": -572.736675474398
            },
            "gtot": -572.736675474398,
            "bmw": 0.04509833210947448
        },
        "CONF35": {
            "gsolv": {
                "gsolv": -0.03346603492605027,
                "energy_gas": -572.703062091847,
                "energy_solv": -572.736528126773
            },
            "gtot": -572.736528126773,
            "bmw": 0.03858204688442521
        },
        "CONF47": {
            "gsolv": {
                "gsolv": -0.03766170332494312,
                "energy_gas": -572.698196546963,
                "energy_solv": -572.735858250288
            },
            "gtot": -572.735858250288,
            "bmw": 0.018978566667142222
        },
        "CONF8": {
            "gsolv": {
                "gsolv": -0.03225713506299144,
                "energy_gas": -572.70414341919,
                "energy_solv": -572.736400554253
            },
            "gtot": -572.736400554253,
            "bmw": 0.03370590303510246
        },
        "CONF5": {
            "gsolv": {
                "gsolv": -0.03329083655796694,
                "energy_gas": -572.703376971048,
                "energy_solv": -572.736667807606
            },
            "gtot": -572.736667807606,
            "bmw": 0.04473361547119138
        },
        "CONF41": {
            "gsolv": {
                "gsolv": -0.03731174954100425,
                "energy_gas": -572.698685325315,
                "energy_solv": -572.735997074856
            },
            "gtot": -572.735997074856,
            "bmw": 0.021984585964560995
        },
        "CONF1": {
            "gsolv": {
                "gsolv": -0.0283333492420752,
                "energy_gas": -572.709385779265,
                "energy_solv": -572.737719128507
            },
            "gtot": -572.737719128507,
            "bmw": 0.1362097329051148
        },
        "CONF16": {
            "gsolv": {
                "gsolv": -0.03452961702600987,
                "energy_gas": -572.702017637998,
                "energy_solv": -572.736547255024
            },
            "gtot": -572.736547255024,
            "bmw": 0.03937165318543379
        },
        "CONF32": {
            "gsolv": {
                "gsolv": -0.033331980260982164,
                "energy_gas": -572.702963078659,
                "energy_solv": -572.73629505892
            },
            "gtot": -572.73629505892,
            "bmw": 0.030142652914347905
        }
    },
    "settings": {
        "threshold": 0.95,
        "func": "wb97x-v",
        "basis": "def2-tzvp",
        "prog": "orca",
        "sm": "smd",
        "gfnv": "gfn2",
        "run": true,
        "implicit": false,
        "template": false
    },
    "nconf_in": 16,
    "nconf_out": 16
}