{
   "temperature":     298.150000000000,
   "unit": "hartree",
   "energy":     -22.671431573205,
   "free energy":     -22.531390916415,
   "G(T)":       0.140040656789,
   "ZPVE":       0.170451081901,
   "number of imags":0,
   "point group": "cs",
   "gradient norm":       0.000041304192
}
