{
   "temperature":     298.150000000000,
   "unit": "hartree",
   "energy":     -65.042268402091,
   "free energy":     -64.789415985311,
   "G(T)":       0.252852416780,
   "ZPVE":       0.313046104666,
   "number of imags":0,
   "point group": "c1",
   "gradient norm":       0.000047738445
}
