{
   "temperature":     298.150000000000,
   "unit": "hartree",
   "energy":     -65.045941551835,
   "free energy":     -64.792451655798,
   "G(T)":       0.253489896037,
   "ZPVE":       0.313121759043,
   "number of imags":0,
   "point group": "c1",
   "gradient norm":       0.000062244399
}
