{
   "temperature":     298.150000000000,
   "unit": "hartree",
   "energy":     -26.301150241332,
   "free energy":     -26.178514103734,
   "G(T)":       0.122636137598,
   "ZPVE":       0.155811766822,
   "number of imags":0,
   "point group": "cs",
   "gradient norm":       0.000029033078
}
