{
   "temperature":     298.150000000000,
   "unit": "hartree",
   "energy":     -65.039950758392,
   "free energy":     -64.786535110751,
   "G(T)":       0.253415647641,
   "ZPVE":       0.313318043647,
   "number of imags":0,
   "point group": "c1",
   "gradient norm":       0.000058323979
}
