{
   "temperature":     298.150000000000,
   "unit": "hartree",
   "energy":     -65.045649638353,
   "free energy":     -64.792618364300,
   "G(T)":       0.253031274054,
   "ZPVE":       0.312927316479,
   "number of imags":0,
   "point group": "c1",
   "gradient norm":       0.000083348785
}
