{
   "temperature":     298.150000000000,
   "unit": "hartree",
   "energy":     -65.041976855858,
   "free energy":     -64.789368928651,
   "G(T)":       0.252607927206,
   "ZPVE":       0.312969620772,
   "number of imags":0,
   "point group": "c1",
   "gradient norm":       0.000040483607
}
