{
   "temperature":     298.150000000000,
   "unit": "hartree",
   "energy":     -65.065300497445,
   "free energy":     -64.811493529239,
   "G(T)":       0.253806968206,
   "ZPVE":       0.312770822317,
   "number of imags":0,
   "point group": "c1",
   "gradient norm":       0.000142783226
}
