{
   "temperature":     298.150000000000,
   "unit": "hartree",
   "energy":     -65.050384409247,
   "free energy":     -64.796981599874,
   "G(T)":       0.253402809373,
   "ZPVE":       0.313092195633,
   "number of imags":0,
   "point group": "c1",
   "gradient norm":       0.000130001636
}
