{
   "temperature":     298.150000000000,
   "unit": "hartree",
   "energy":     -26.305697739066,
   "free energy":     -26.185230080230,
   "G(T)":       0.120467658836,
   "ZPVE":       0.155095064240,
   "number of imags":0,
   "point group": "c1",
   "gradient norm":       0.000063823701
}
