{
   "temperature":     298.150000000000,
   "unit": "hartree",
   "energy":     -64.697245743784,
   "free energy":     -64.465022249418,
   "G(T)":       0.232223494367,
   "ZPVE":       0.288404105236,
   "number of imags":0,
   "point group": "c1",
   "gradient norm":       0.000119142487
}
