{
   "temperature":     298.150000000000,
   "unit": "hartree",
   "energy":     -65.049716983534,
   "free energy":     -64.796154472545,
   "G(T)":       0.253562510990,
   "ZPVE":       0.313224129945,
   "number of imags":0,
   "point group": "c1",
   "gradient norm":       0.000071794503
}
