{
   "temperature":     298.150000000000,
   "unit": "hartree",
   "energy":     -65.048180155816,
   "free energy":     -64.795018276816,
   "G(T)":       0.253161879001,
   "ZPVE":       0.313132808502,
   "number of imags":0,
   "point group": "c1",
   "gradient norm":       0.000067334227
}
