{
   "temperature":     298.150000000000,
   "unit": "hartree",
   "energy":     -65.047439789847,
   "free energy":     -64.794606989162,
   "G(T)":       0.252832800685,
   "ZPVE":       0.312809527644,
   "number of imags":0,
   "point group": "c1",
   "gradient norm":       0.000113346154
}
