{
   "temperature":     298.150000000000,
   "unit": "hartree",
   "energy":     -17.191098386924,
   "free energy":     -17.113403103651,
   "G(T)":       0.077695283273,
   "ZPVE":       0.107596278429,
   "number of imags":0,
   "point group": "cs",
   "gradient norm":       0.000106965553
}
