{
   "temperature":     298.150000000000,
   "unit": "hartree",
   "energy":     -65.047241939135,
   "free energy":     -64.794243726478,
   "G(T)":       0.252998212657,
   "ZPVE":       0.313063427148,
   "number of imags":0,
   "point group": "c1",
   "gradient norm":       0.000172061072
}
