{
   "temperature":     298.150000000000,
   "unit": "hartree",
   "energy":     -65.049732326756,
   "free energy":     -64.796506634696,
   "G(T)":       0.253225692059,
   "ZPVE":       0.312874064174,
   "number of imags":0,
   "point group": "c1",
   "gradient norm":       0.000052020009
}
