{
   "temperature":     298.150000000000,
   "unit": "hartree",
   "energy":     -32.078098298962,
   "free energy":     -32.054921462277,
   "G(T)":       0.023176836685,
   "ZPVE":       0.059132535163,
   "number of imags":0,
   "point group": "c2v",
   "gradient norm":       0.000073193280
}
