{
   "temperature":     298.150000000000,
   "unit": "hartree",
   "energy":     -65.050168567443,
   "free energy":     -64.796788973985,
   "G(T)":       0.253379593459,
   "ZPVE":       0.313067148948,
   "number of imags":0,
   "point group": "c1",
   "gradient norm":       0.000032427324
}
