{
   "temperature":     298.150000000000,
   "unit": "hartree",
   "energy":     -25.392892388126,
   "free energy":     -25.248798322456,
   "G(T)":       0.144094065670,
   "ZPVE":       0.179496530468,
   "number of imags":0,
   "point group": "c1",
   "gradient norm":       0.000070922392
}
