{
    "partname": "prescreening",
    "runtime": 4.773036316968501,
    "results": {
        "CONF3": {
            "xtb_gsolv": {
                "gsolv": -0.005107232465000777,
                "energy_xtb_gas": -13.497306237978,
                "energy_xtb_solv": -13.502413470443
            },
            "sp": {
                "energy": -192.660810710375
            },
            "gtot": -192.66591794284,
            "bmw": 0.015463607135670457
        },
        "CONF1": {
            "xtb_gsolv": {
                "gsolv": -0.005216705620998852,
                "energy_xtb_gas": -13.497751180428,
                "energy_xtb_solv": -13.502967886049
            },
            "sp": {
                "energy": -192.663575177447
            },
            "gtot": -192.668791883068,
            "bmw": 0.3245127822824879
        },
        "CONF2": {
            "xtb_gsolv": {
                "gsolv": -0.0045514446099996775,
                "energy_xtb_gas": -13.498182046343,
                "energy_xtb_solv": -13.502733490953
            },
            "sp": {
                "energy": -192.664487000608
            },
            "gtot": -192.669038445218,
            "bmw": 0.42134956178544436
        },
        "CONF4": {
            "xtb_gsolv": {
                "gsolv": -0.005925625829998893,
                "energy_xtb_gas": -13.495119591649,
                "energy_xtb_solv": -13.501045217479
            },
            "sp": {
                "energy": -192.660477339919
            },
            "gtot": -192.666402965749,
            "bmw": 0.025846747662326003
        },
        "CONF5": {
            "xtb_gsolv": {
                "gsolv": -0.006005869661001029,
                "energy_xtb_gas": -13.494934591695,
                "energy_xtb_solv": -13.500940461356
            },
            "sp": {
                "energy": -192.662387715251
            },
            "gtot": -192.668393584912,
            "bmw": 0.21282730113407125
        }
    },
    "settings": {
        "threshold": 4.0,
        "func": "pbe-d4",
        "basis": "def2-sv(p)",
        "prog": "orca",
        "gfnv": "gfn2",
        "run": true,
        "template": false
    },
    "nconf_in": 5,
    "nconf_out": 5
}