{
    "partname": "screening",
    "runtime": 16.675011250190437,
    "results": {
        "CONF4": {
            "gsolv": {
                "gsolv": -0.007620807232996185,
                "energy_gas": -193.065676755901,
                "energy_solv": -193.073297563134
            },
            "gtot": -193.073297563134,
            "bmw": 0.04005536256118966
        },
        "CONF1": {
            "gsolv": {
                "gsolv": -0.006629418181006486,
                "energy_gas": -193.068164335598,
                "energy_solv": -193.074793753779
            },
            "gtot": -193.074793753779,
            "bmw": 0.19537128187472788
        },
        "CONF3": {
            "gsolv": {
                "gsolv": -0.008182171294009777,
                "energy_gas": -193.065718911988,
                "energy_solv": -193.073901083282
            },
            "gtot": -193.073901083282,
            "bmw": 0.07590331077108677
        },
        "CONF2": {
            "gsolv": {
                "gsolv": -0.0071204961899979935,
                "energy_gas": -193.068563863835,
                "energy_solv": -193.075684360025
            },
            "gtot": -193.075684360025,
            "bmw": 0.5017775686564799
        },
        "CONF5": {
            "gsolv": {
                "gsolv": -0.007689662551001675,
                "energy_gas": -193.067062199398,
                "energy_solv": -193.074751861949
            },
            "gtot": -193.074751861949,
            "bmw": 0.18689247613651572
        }
    },
    "settings": {
        "threshold": 3.5,
        "func": "r2scan-3c",
        "basis": "def2-tzvp",
        "prog": "orca",
        "sm": "smd",
        "gfnv": "gfn2",
        "run": true,
        "implicit": false,
        "template": false
    },
    "nconf_in": 5,
    "nconf_out": 5
}