{
    "partname": "refinement",
    "runtime": 59.776358757168055,
    "results": {
        "CONF3": {
            "gsolv": {
                "gsolv": -0.008947736778026183,
                "energy_gas": -193.123702902966,
                "energy_solv": -193.132650639744
            },
            "gtot": -193.132650639744,
            "bmw": 0.10019831586948216
        },
        "CONF1": {
            "gsolv": {
                "gsolv": -0.007287595863999741,
                "energy_gas": -193.126093138037,
                "energy_solv": -193.133380733901
            },
            "gtot": -193.133380733901,
            "bmw": 0.2171103304905991
        },
        "CONF4": {
            "gsolv": {
                "gsolv": -0.008385654653011443,
                "energy_gas": -193.124007034318,
                "energy_solv": -193.132392688971
            },
            "gtot": -193.132392688971,
            "bmw": 0.07624498431152502
        },
        "CONF5": {
            "gsolv": {
                "gsolv": -0.008270565446991895,
                "energy_gas": -193.124814055238,
                "energy_solv": -193.133084620685
            },
            "gtot": -193.133084620685,
            "bmw": 0.15866379478054282
        },
        "CONF2": {
            "gsolv": {
                "gsolv": -0.008087748356018665,
                "energy_gas": -193.125976482203,
                "energy_solv": -193.134064230559
            },
            "gtot": -193.134064230559,
            "bmw": 0.4477825745478508
        }
    },
    "settings": {
        "threshold": 0.95,
        "func": "wb97x-v",
        "basis": "def2-tzvp",
        "prog": "orca",
        "sm": "smd",
        "gfnv": "gfn2",
        "run": true,
        "implicit": false,
        "template": false
    },
    "nconf_in": 5,
    "nconf_out": 5
}