{
   "temperature":     298.150000000000,
   "unit": "hartree",
   "energy":     -65.056800037151,
   "free energy":     -64.802808176038,
   "G(T)":       0.253991861113,
   "ZPVE":       0.312933733188,
   "number of imags":0,
   "point group": "c2",
   "gradient norm":       0.000074080543
}
