{
   "temperature":     298.150000000000,
   "unit": "hartree",
   "energy":     -18.857841843165,
   "free energy":     -18.767153055857,
   "G(T)":       0.090688787309,
   "ZPVE":       0.119059468992,
   "number of imags":0,
   "point group": "c2",
   "gradient norm":       0.000067488717
}
