{
   "temperature":     298.150000000000,
   "unit": "hartree",
   "energy":     -65.040616735277,
   "free energy":     -64.787291202969,
   "G(T)":       0.253325532308,
   "ZPVE":       0.313182553399,
   "number of imags":0,
   "point group": "c1",
   "gradient norm":       0.000065051183
}
