{
   "temperature":     298.150000000000,
   "unit": "hartree",
   "energy":     -65.053157441454,
   "free energy":     -64.800094804016,
   "G(T)":       0.253062637438,
   "ZPVE":       0.312860645097,
   "number of imags":0,
   "point group": "c1",
   "gradient norm":       0.000119071355
}
