{
    "partname": "prescreening",
    "runtime": 5.92228914052248,
    "results": {
        "CONF1": {
            "xtb_gsolv": {
                "gsolv": 0.002568207336999251,
                "energy_xtb_gas": -27.611630532714,
                "energy_xtb_solv": -27.609062325377
            },
            "sp": {
                "energy": -3408.963034590897
            },
            "gtot": -3408.9604663835603,
            "bmw": 1.0
        }
    },
    "settings": {
        "threshold": 4.0,
        "func": "pbe-d4",
        "basis": "def2-sv(p)",
        "prog": "orca",
        "gfnv": "gfn2",
        "run": true,
        "template": false
    },
    "nconf_in": 1,
    "nconf_out": 1
}