{
    "partname": "prescreening",
    "runtime": 13.278665237128735,
    "results": {
        "CONF1": {
            "xtb_gsolv": {
                "gsolv": -0.0035272480300037046,
                "energy_xtb_gas": -32.072030769379,
                "energy_xtb_solv": -32.075558017409
            },
            "sp": {
                "energy": -2068.837634382411
            },
            "gtot": -2068.841161630441,
            "bmw": 1.0
        }
    },
    "settings": {
        "threshold": 4.0,
        "func": "pbe-d4",
        "basis": "def2-sv(p)",
        "prog": "orca",
        "gfnv": "gfn2",
        "run": true,
        "template": false
    },
    "nconf_in": 1,
    "nconf_out": 1
}