{
   "temperature":     298.150000000000,
   "unit": "hartree",
   "energy":     -64.701738133255,
   "free energy":     -64.469392772599,
   "G(T)":       0.232345360657,
   "ZPVE":       0.288206535245,
   "number of imags":0,
   "point group": "c1",
   "gradient norm":       0.000053030516
}
