{
   "temperature":     298.150000000000,
   "unit": "hartree",
   "energy":     -44.511617140769,
   "free energy":     -44.343570174260,
   "G(T)":       0.168046966509,
   "ZPVE":       0.211237236898,
   "number of imags":0,
   "point group": "c1",
   "gradient norm":       0.000080607128
}
