{
   "temperature":     298.150000000000,
   "unit": "hartree",
   "energy":     -65.050120005416,
   "free energy":     -64.796780498686,
   "G(T)":       0.253339506730,
   "ZPVE":       0.313104526197,
   "number of imags":0,
   "point group": "c1",
   "gradient norm":       0.000098931474
}
