{
   "temperature":     298.150000000000,
   "unit": "hartree",
   "energy":     -64.694639154599,
   "free energy":     -64.462201815147,
   "G(T)":       0.232437339452,
   "ZPVE":       0.288465510922,
   "number of imags":0,
   "point group": "c1",
   "gradient norm":       0.000093076851
}
