{
   "temperature":     298.150000000000,
   "unit": "hartree",
   "energy":     -65.060347550773,
   "free energy":     -64.806891956868,
   "G(T)":       0.253455593906,
   "ZPVE":       0.312847483127,
   "number of imags":0,
   "point group": "c1",
   "gradient norm":       0.000083720703
}
