{
   "temperature":     298.150000000000,
   "unit": "hartree",
   "energy":     -28.032789801036,
   "free energy":     -27.997663322672,
   "G(T)":       0.035126478364,
   "ZPVE":       0.068860803061,
   "number of imags":0,
   "point group": "c2v",
   "gradient norm":       0.000068717079
}
