{
   "temperature":     298.150000000000,
   "unit": "hartree",
   "energy":     -65.052965627933,
   "free energy":     -64.799226704047,
   "G(T)":       0.253738923886,
   "ZPVE":       0.313140241549,
   "number of imags":0,
   "point group": "c1",
   "gradient norm":       0.000069821926
}
