{
    "partname": "prescreening",
    "runtime": 5.916275630705059,
    "results": {
        "CONF1": {
            "xtb_gsolv": {
                "gsolv": -0.00508674362299999,
                "energy_xtb_gas": -19.954102555169,
                "energy_xtb_solv": -19.959189298792
            },
            "sp": {
                "energy": -306.805156076271
            },
            "gtot": -306.810242819894,
            "bmw": 1.0
        }
    },
    "settings": {
        "threshold": 4.0,
        "func": "pbe-d4",
        "basis": "def2-sv(p)",
        "prog": "orca",
        "gfnv": "gfn2",
        "run": true,
        "template": false
    },
    "nconf_in": 1,
    "nconf_out": 1
}