{
   "temperature":     298.150000000000,
   "unit": "hartree",
   "energy":     -65.048370275619,
   "free energy":     -64.795567481776,
   "G(T)":       0.252802793843,
   "ZPVE":       0.312884402116,
   "number of imags":0,
   "point group": "c1",
   "gradient norm":       0.000072463205
}
