{
   "temperature":     298.150000000000,
   "unit": "hartree",
   "energy":     -65.044608656814,
   "free energy":     -64.792472383794,
   "G(T)":       0.252136273021,
   "ZPVE":       0.312858196030,
   "number of imags":0,
   "point group": "c1",
   "gradient norm":       0.000064108352
}
