{
   "temperature":     298.150000000000,
   "unit": "hartree",
   "energy":     -65.050960582962,
   "free energy":     -64.797027749639,
   "G(T)":       0.253932833323,
   "ZPVE":       0.313023956706,
   "number of imags":0,
   "point group": "c1",
   "gradient norm":       0.000010225629
}
