{
   "temperature":     298.150000000000,
   "unit": "hartree",
   "energy":     -65.040387444574,
   "free energy":     -64.787719808416,
   "G(T)":       0.252667636159,
   "ZPVE":       0.313153577952,
   "number of imags":0,
   "point group": "c1",
   "gradient norm":       0.000046181572
}
