{
   "temperature":     298.150000000000,
   "unit": "hartree",
   "energy":     -65.061973309568,
   "free energy":     -64.808514900734,
   "G(T)":       0.253458408835,
   "ZPVE":       0.312716725960,
   "number of imags":0,
   "point group": "c1",
   "gradient norm":       0.000076537296
}
