{
   "temperature":     298.150000000000,
   "unit": "hartree",
   "energy":     -65.038451487615,
   "free energy":     -64.786063232988,
   "G(T)":       0.252388254627,
   "ZPVE":       0.313202420060,
   "number of imags":0,
   "point group": "c1",
   "gradient norm":       0.000075709284
}
