{
   "temperature":     298.150000000000,
   "unit": "hartree",
   "energy":     -64.700803417265,
   "free energy":     -64.467835654671,
   "G(T)":       0.232967762594,
   "ZPVE":       0.288514397597,
   "number of imags":0,
   "point group": "c1",
   "gradient norm":       0.000071641447
}
