{
   "temperature":     298.150000000000,
   "unit": "hartree",
   "energy":     -27.530776523109,
   "free energy":     -27.540227099030,
   "G(T)":      -0.009450575920,
   "ZPVE":       0.025999244841,
   "number of imags":0,
   "point group": "cs",
   "gradient norm":       0.000085655742
}
