{
   "temperature":     298.150000000000,
   "unit": "hartree",
   "energy":     -65.059847769590,
   "free energy":     -64.806264345290,
   "G(T)":       0.253583424300,
   "ZPVE":       0.312812319511,
   "number of imags":0,
   "point group": "c1",
   "gradient norm":       0.000069478783
}
