{
   "temperature":     298.150000000000,
   "unit": "hartree",
   "energy":     -65.055685854353,
   "free energy":     -64.802954801488,
   "G(T)":       0.252731052865,
   "ZPVE":       0.312627524328,
   "number of imags":0,
   "point group": "c1",
   "gradient norm":       0.000049711115
}
