{
   "temperature":     298.150000000000,
   "unit": "hartree",
   "energy":     -30.759259857349,
   "free energy":     -30.680298418795,
   "G(T)":       0.078961438555,
   "ZPVE":       0.111440390415,
   "number of imags":0,
   "point group": "c2v",
   "gradient norm":       0.000048489080
}
