{
   "temperature":     298.150000000000,
   "unit": "hartree",
   "energy":     -64.697730056257,
   "free energy":     -64.465939411855,
   "G(T)":       0.231790644402,
   "ZPVE":       0.288342544920,
   "number of imags":0,
   "point group": "c1",
   "gradient norm":       0.000085486816
}
