{
   "temperature":     298.150000000000,
   "unit": "hartree",
   "energy":     -65.047061792827,
   "free energy":     -64.794391545159,
   "G(T)":       0.252670247669,
   "ZPVE":       0.312952385265,
   "number of imags":0,
   "point group": "c1",
   "gradient norm":       0.000048420570
}
