{
   "temperature":     298.150000000000,
   "unit": "hartree",
   "energy":     -65.042269276272,
   "free energy":     -64.789751310173,
   "G(T)":       0.252517966098,
   "ZPVE":       0.313063200629,
   "number of imags":0,
   "point group": "c1",
   "gradient norm":       0.000064388223
}
