{
   "temperature":     298.150000000000,
   "unit": "hartree",
   "energy":     -65.049728212839,
   "free energy":     -64.796612916610,
   "G(T)":       0.253115296228,
   "ZPVE":       0.312826894564,
   "number of imags":0,
   "point group": "c1",
   "gradient norm":       0.000032721460
}
