{
   "temperature":     298.150000000000,
   "unit": "hartree",
   "energy":     -65.041933295185,
   "free energy":     -64.788315618109,
   "G(T)":       0.253617677076,
   "ZPVE":       0.313461708938,
   "number of imags":0,
   "point group": "c1",
   "gradient norm":       0.000179968084
}
