{
   "temperature":     298.150000000000,
   "unit": "hartree",
   "energy":     -65.049579106843,
   "free energy":     -64.796857472269,
   "G(T)":       0.252721634575,
   "ZPVE":       0.312926291040,
   "number of imags":0,
   "point group": "c1",
   "gradient norm":       0.000220983750
}
