{
    "partname": "prescreening",
    "runtime": 24.540656741708517,
    "results": {
        "CONF3": {
            "xtb_gsolv": {
                "gsolv": 0.00023194080799981975,
                "energy_xtb_gas": -25.387376794633,
                "energy_xtb_solv": -25.387144853825
            },
            "sp": {
                "energy": -349.373320589842
            },
            "gtot": -349.373088649034,
            "bmw": 0.00979330781384531
        },
        "CONF2": {
            "xtb_gsolv": {
                "gsolv": 0.00021276737400199863,
                "energy_xtb_gas": -25.389542013456,
                "energy_xtb_solv": -25.389329246082
            },
            "sp": {
                "energy": -349.375425036325
            },
            "gtot": -349.375212268951,
            "bmw": 0.09283825142708126
        },
        "CONF1": {
            "xtb_gsolv": {
                "gsolv": 0.00019649676699984298,
                "energy_xtb_gas": -25.391308737179,
                "energy_xtb_solv": -25.391112240412
            },
            "sp": {
                "energy": -349.377550748412
            },
            "gtot": -349.377354251645,
            "bmw": 0.8973684407590733
        }
    },
    "settings": {
        "threshold": 4.0,
        "func": "pbe-d4",
        "basis": "def2-sv(p)",
        "prog": "orca",
        "gfnv": "gfn2",
        "run": true,
        "template": false
    },
    "nconf_in": 3,
    "nconf_out": 3
}