{
    "partname": "screening",
    "runtime": 94.79758499749005,
    "results": {
        "CONF1": {
            "gsolv": {
                "gsolv": -0.0011605762070416858,
                "energy_gas": -350.086519519417,
                "energy_solv": -350.087680095624
            },
            "gtot": -350.087680095624,
            "bmw": 0.9092227171664685
        },
        "CONF2": {
            "gsolv": {
                "gsolv": -0.0009438930370038179,
                "energy_gas": -350.084503418827,
                "energy_solv": -350.085447311864
            },
            "gtot": -350.085447311864,
            "bmw": 0.08543992117622375
        },
        "CONF3": {
            "gsolv": {
                "gsolv": -0.0008671058320146585,
                "energy_gas": -350.081961906961,
                "energy_solv": -350.082829012793
            },
            "gtot": -350.082829012793,
            "bmw": 0.005337361657307882
        }
    },
    "settings": {
        "threshold": 3.5,
        "func": "r2scan-3c",
        "basis": "def2-tzvp",
        "prog": "orca",
        "sm": "smd",
        "gfnv": "gfn2",
        "run": true,
        "implicit": false,
        "template": false
    },
    "nconf_in": 3,
    "nconf_out": 3
}