{
    "partname": "refinement",
    "runtime": 490.5311502311379,
    "results": {
        "CONF1": {
            "gsolv": {
                "gsolv": -0.0008378776550443945,
                "energy_gas": -350.208685623153,
                "energy_solv": -350.209523500808
            },
            "gtot": -350.209523500808,
            "bmw": 0.898943133404376
        },
        "CONF2": {
            "gsolv": {
                "gsolv": -0.0006739985799981696,
                "energy_gas": -350.206717499861,
                "energy_solv": -350.207391498441
            },
            "gtot": -350.207391498441,
            "bmw": 0.09398942921931101
        },
        "CONF3": {
            "gsolv": {
                "gsolv": -0.0006279524500314437,
                "energy_gas": -350.20432029635,
                "energy_solv": -350.2049482488
            },
            "gtot": -350.2049482488,
            "bmw": 0.007067437376312867
        }
    },
    "settings": {
        "threshold": 0.95,
        "func": "wb97x-v",
        "basis": "def2-tzvp",
        "prog": "orca",
        "sm": "smd",
        "gfnv": "gfn2",
        "run": true,
        "implicit": false,
        "template": false
    },
    "nconf_in": 3,
    "nconf_out": 3
}