{
   "temperature":     298.150000000000,
   "unit": "hartree",
   "energy":     -64.703466334079,
   "free energy":     -64.471623017544,
   "G(T)":       0.231843316534,
   "ZPVE":       0.288246104970,
   "number of imags":0,
   "point group": "c1",
   "gradient norm":       0.000068783732
}
