{
   "temperature":     298.150000000000,
   "unit": "hartree",
   "energy":     -11.400940566982,
   "free energy":     -11.348581072256,
   "G(T)":       0.052359494726,
   "ZPVE":       0.077754750092,
   "number of imags":0,
   "point group": "c1",
   "gradient norm":       0.000042552007
}
