{
   "temperature":     298.150000000000,
   "unit": "hartree",
   "energy":     -65.043496919049,
   "free energy":     -64.791315598886,
   "G(T)":       0.252181320162,
   "ZPVE":       0.312814333158,
   "number of imags":0,
   "point group": "c1",
   "gradient norm":       0.000090194190
}
