{
   "temperature":     298.150000000000,
   "unit": "hartree",
   "energy":     -13.484893834558,
   "free energy":     -13.444226259393,
   "G(T)":       0.040667575164,
   "ZPVE":       0.068897843402,
   "number of imags":0,
   "point group": "cs",
   "gradient norm":       0.000020541203
}
