{
   "temperature":     298.150000000000,
   "unit": "hartree",
   "energy":     -65.041525479595,
   "free energy":     -64.788253381798,
   "G(T)":       0.253272097797,
   "ZPVE":       0.313122122727,
   "number of imags":0,
   "point group": "c1",
   "gradient norm":       0.000046939067
}
