{
   "temperature":     298.150000000000,
   "unit": "hartree",
   "energy":     -14.447767241912,
   "free energy":     -14.416277364925,
   "G(T)":       0.031489876987,
   "ZPVE":       0.059031753302,
   "number of imags":0,
   "point group": "cs",
   "gradient norm":       0.000048705391
}
