{
   "temperature":     298.150000000000,
   "unit": "hartree",
   "energy":     -58.142556974283,
   "free energy":     -58.074827098829,
   "G(T)":       0.067729875454,
   "ZPVE":       0.114181747323,
   "number of imags":0,
   "point group": "cs",
   "gradient norm":       0.000025497846
}
