{
   "temperature":     298.150000000000,
   "unit": "hartree",
   "energy":     -65.040810374424,
   "free energy":     -64.787708103795,
   "G(T)":       0.253102270629,
   "ZPVE":       0.313171199467,
   "number of imags":0,
   "point group": "c1",
   "gradient norm":       0.000094043944
}
