{
   "temperature":     298.150000000000,
   "unit": "hartree",
   "energy":     -65.050762233945,
   "free energy":     -64.797269213569,
   "G(T)":       0.253493020375,
   "ZPVE":       0.312984241284,
   "number of imags":0,
   "point group": "c1",
   "gradient norm":       0.000106032798
}
