{
   "temperature":     298.150000000000,
   "unit": "hartree",
   "energy":     -64.721415104749,
   "free energy":     -64.487949001694,
   "G(T)":       0.233466103055,
   "ZPVE":       0.288200736634,
   "number of imags":0,
   "point group": "c1",
   "gradient norm":       0.000051528502
}
