{
   "temperature":     298.150000000000,
   "unit": "hartree",
   "energy":     -13.504227893867,
   "free energy":     -13.450009033905,
   "G(T)":       0.054218859962,
   "ZPVE":       0.081764915422,
   "number of imags":0,
   "point group": "c1",
   "gradient norm":       0.000024042200
}
