{
   "temperature":     298.150000000000,
   "unit": "hartree",
   "energy":     -64.721872950045,
   "free energy":     -64.489320094732,
   "G(T)":       0.232552855313,
   "ZPVE":       0.287736886904,
   "number of imags":0,
   "point group": "c1",
   "gradient norm":       0.000055753815
}
