{
   "temperature":     298.150000000000,
   "unit": "hartree",
   "energy":     -65.061038313182,
   "free energy":     -64.807473682588,
   "G(T)":       0.253564630594,
   "ZPVE":       0.312665680806,
   "number of imags":0,
   "point group": "c1",
   "gradient norm":       0.000073778328
}
