{
   "temperature":     298.150000000000,
   "unit": "hartree",
   "energy":     -65.050499159191,
   "free energy":     -64.796643526472,
   "G(T)":       0.253855632719,
   "ZPVE":       0.313208272827,
   "number of imags":0,
   "point group": "c1",
   "gradient norm":       0.000104970550
}
