{
   "temperature":     298.150000000000,
   "unit": "hartree",
   "energy":     -65.051452540550,
   "free energy":     -64.797925866559,
   "G(T)":       0.253526673991,
   "ZPVE":       0.313076796969,
   "number of imags":0,
   "point group": "c1",
   "gradient norm":       0.000037310753
}
