{
   "temperature":     298.150000000000,
   "unit": "hartree",
   "energy":     -16.285478787591,
   "free energy":     -16.296100000943,
   "G(T)":      -0.010621213352,
   "ZPVE":       0.017769010190,
   "number of imags":0,
   "point group": "c3v",
   "gradient norm":       0.000061146181
}
