{
   "temperature":     298.150000000000,
   "unit": "hartree",
   "energy":     -26.297917635577,
   "free energy":     -26.175805254157,
   "G(T)":       0.122112381420,
   "ZPVE":       0.155737453985,
   "number of imags":0,
   "point group": "cs",
   "gradient norm":       0.000093550858
}
