{
   "temperature":     298.150000000000,
   "unit": "hartree",
   "energy":     -65.053772312683,
   "free energy":     -64.800234570313,
   "G(T)":       0.253537742370,
   "ZPVE":       0.313033985719,
   "number of imags":0,
   "point group": "c1",
   "gradient norm":       0.000068819500
}
