{
   "temperature":     298.150000000000,
   "unit": "hartree",
   "energy":     -65.064964518725,
   "free energy":     -64.811055637623,
   "G(T)":       0.253908881103,
   "ZPVE":       0.312835841714,
   "number of imags":0,
   "point group": "c1",
   "gradient norm":       0.000094977041
}
