{
   "temperature":     298.150000000000,
   "unit": "hartree",
   "energy":     -65.041773288845,
   "free energy":     -64.789235638883,
   "G(T)":       0.252537649961,
   "ZPVE":       0.313064299522,
   "number of imags":0,
   "point group": "c1",
   "gradient norm":       0.000053874574
}
