{
   "temperature":     298.150000000000,
   "unit": "hartree",
   "energy":     -65.056131569381,
   "free energy":     -64.803126286915,
   "G(T)":       0.253005282466,
   "ZPVE":       0.312807793527,
   "number of imags":0,
   "point group": "c1",
   "gradient norm":       0.000083032629
}
