{
   "temperature":     298.150000000000,
   "unit": "hartree",
   "energy":     -14.372520430687,
   "free energy":     -14.368027863728,
   "G(T)":       0.004492566959,
   "ZPVE":       0.032089507769,
   "number of imags":0,
   "point group": "c2v",
   "gradient norm":       0.000082302642
}
