{
    "partname": "prescreening",
    "runtime": 4.998261283151805,
    "results": {
        "CONF1": {
            "xtb_gsolv": {
                "gsolv": -0.010517804205999681,
                "energy_xtb_gas": -15.451909374972,
                "energy_xtb_solv": -15.462427179178
            },
            "sp": {
                "energy": -229.727020884609
            },
            "gtot": -229.737538688815,
            "bmw": 0.3034082401835689
        },
        "CONF3": {
            "xtb_gsolv": {
                "gsolv": -0.011152118214001305,
                "energy_xtb_gas": -15.450670623488,
                "energy_xtb_solv": -15.461822741702
            },
            "sp": {
                "energy": -229.726963177839
            },
            "gtot": -229.738115296053,
            "bmw": 0.5587896354853599
        },
        "CONF6": {
            "xtb_gsolv": {
                "gsolv": -0.012082136163000357,
                "energy_xtb_gas": -15.448703140133,
                "energy_xtb_solv": -15.460785276296
            },
            "sp": {
                "energy": -229.722849562298
            },
            "gtot": -229.734931698461,
            "bmw": 0.01918204094350158
        },
        "CONF4": {
            "xtb_gsolv": {
                "gsolv": -0.011403289931001481,
                "energy_xtb_gas": -15.450111883872,
                "energy_xtb_solv": -15.461515173803
            },
            "sp": {
                "energy": -229.723196829551
            },
            "gtot": -229.734600119482,
            "bmw": 0.013501407351448811
        },
        "CONF2": {
            "xtb_gsolv": {
                "gsolv": -0.011118114031999582,
                "energy_xtb_gas": -15.450982075482,
                "energy_xtb_solv": -15.462100189514
            },
            "sp": {
                "energy": -229.723533361842
            },
            "gtot": -229.734651475874,
            "bmw": 0.014256120111042736
        },
        "CONF7": {
            "xtb_gsolv": {
                "gsolv": -0.012857282310999807,
                "energy_xtb_gas": -15.447349512691,
                "energy_xtb_solv": -15.460206795002
            },
            "sp": {
                "energy": -229.722603181742
            },
            "gtot": -229.73546046405298,
            "bmw": 0.03358227783841882
        },
        "CONF8": {
            "xtb_gsolv": {
                "gsolv": -0.010222361750999553,
                "energy_xtb_gas": -15.449593861278,
                "energy_xtb_solv": -15.459816223029
            },
            "sp": {
                "energy": -229.72492214155
            },
            "gtot": -229.735144503301,
            "bmw": 0.02403135530021557
        },
        "CONF9": {
            "xtb_gsolv": {
                "gsolv": -0.012957734838000334,
                "energy_xtb_gas": -15.445762361819,
                "energy_xtb_solv": -15.458720096657
            },
            "sp": {
                "energy": -229.721290424348
            },
            "gtot": -229.73424815918602,
            "bmw": 0.009300119107317161
        },
        "CONF11": {
            "xtb_gsolv": {
                "gsolv": -0.013163665525999235,
                "energy_xtb_gas": -15.444289191895,
                "energy_xtb_solv": -15.457452857421
            },
            "sp": {
                "energy": -229.720688762969
            },
            "gtot": -229.733852428495,
            "bmw": 0.0061159650166918095
        },
        "CONF5": {
            "xtb_gsolv": {
                "gsolv": -0.011224551215999412,
                "energy_xtb_gas": -15.450036239867,
                "energy_xtb_solv": -15.461260791083
            },
            "sp": {
                "energy": -229.722819054791
            },
            "gtot": -229.734043606007,
            "bmw": 0.007488598750770767
        },
        "CONF10": {
            "xtb_gsolv": {
                "gsolv": -0.013491557597999915,
                "energy_xtb_gas": -15.444458722948,
                "energy_xtb_solv": -15.457950280546
            },
            "sp": {
                "energy": -229.720857065224
            },
            "gtot": -229.734348622822,
            "bmw": 0.010344239911664077
        }
    },
    "settings": {
        "threshold": 4.0,
        "func": "pbe-d4",
        "basis": "def2-sv(p)",
        "prog": "orca",
        "gfnv": "gfn2",
        "run": true,
        "template": false
    },
    "nconf_in": 11,
    "nconf_out": 11
}