{
    "partname": "screening",
    "runtime": 22.696959225460887,
    "results": {
        "CONF7": {
            "gsolv": {
                "gsolv": -0.014944157197021468,
                "energy_gas": -230.206218529417,
                "energy_solv": -230.221162686614
            },
            "gtot": -230.221162686614,
            "bmw": 0.0063578891955716555
        },
        "CONF6": {
            "gsolv": {
                "gsolv": -0.015491502742008834,
                "energy_gas": -230.20642599226,
                "energy_solv": -230.221917495002
            },
            "gtot": -230.221917495002,
            "bmw": 0.014141672670788486
        },
        "CONF10": {
            "gsolv": {
                "gsolv": -0.01662638173698383,
                "energy_gas": -230.205266247639,
                "energy_solv": -230.221892629376
            },
            "gtot": -230.221892629376,
            "bmw": 0.01377410484485081
        },
        "CONF2": {
            "gsolv": {
                "gsolv": -0.016007117772005586,
                "energy_gas": -230.206754022579,
                "energy_solv": -230.222761140351
            },
            "gtot": -230.222761140351,
            "bmw": 0.034558173448653556
        },
        "CONF11": {
            "gsolv": {
                "gsolv": -0.016151135261992522,
                "energy_gas": -230.205310047271,
                "energy_solv": -230.221461182533
            },
            "gtot": -230.221461182533,
            "bmw": 0.008721909451438114
        },
        "CONF3": {
            "gsolv": {
                "gsolv": -0.013610263292974878,
                "energy_gas": -230.210465623839,
                "energy_solv": -230.224075887132
            },
            "gtot": -230.224075887132,
            "bmw": 0.13908888913970693
        },
        "CONF4": {
            "gsolv": {
                "gsolv": -0.016136246151006617,
                "energy_gas": -230.206537166772,
                "energy_solv": -230.222673412923
            },
            "gtot": -230.222673412923,
            "bmw": 0.03149190671804014
        },
        "CONF5": {
            "gsolv": {
                "gsolv": -0.017461089396988427,
                "energy_gas": -230.206544290748,
                "energy_solv": -230.224005380145
            },
            "gtot": -230.224005380145,
            "bmw": 0.129080746825463
        },
        "CONF1": {
            "gsolv": {
                "gsolv": -0.01426614425898265,
                "energy_gas": -230.210456533186,
                "energy_solv": -230.224722677445
            },
            "gtot": -230.224722677445,
            "bmw": 0.2759277560638269
        },
        "CONF8": {
            "gsolv": {
                "gsolv": -0.015610216787990794,
                "energy_gas": -230.209117218794,
                "energy_solv": -230.224727435582
            },
            "gtot": -230.224727435582,
            "bmw": 0.2773217810144469
        },
        "CONF9": {
            "gsolv": {
                "gsolv": -0.017937728842014167,
                "energy_gas": -230.205483574039,
                "energy_solv": -230.223421302881
            },
            "gtot": -230.223421302881,
            "bmw": 0.06953517062721339
        }
    },
    "settings": {
        "threshold": 3.5,
        "func": "r2scan-3c",
        "basis": "def2-tzvp",
        "prog": "orca",
        "sm": "smd",
        "gfnv": "gfn2",
        "run": true,
        "implicit": false,
        "template": false
    },
    "nconf_in": 11,
    "nconf_out": 11
}