{
    "partname": "refinement",
    "runtime": 78.8251500185579,
    "results": {
        "CONF9": {
            "gsolv": {
                "gsolv": -0.019951993332995244,
                "energy_gas": -230.264066200758,
                "energy_solv": -230.284018194091
            },
            "gtot": -230.284018194091,
            "bmw": 0.0795690926082383
        },
        "CONF2": {
            "gsolv": {
                "gsolv": -0.01745674240697781,
                "energy_gas": -230.265752152226,
                "energy_solv": -230.283208894633
            },
            "gtot": -230.283208894633,
            "bmw": 0.03376699568928798
        },
        "CONF3": {
            "gsolv": {
                "gsolv": -0.014911020347000203,
                "energy_gas": -230.269739700599,
                "energy_solv": -230.284650720946
            },
            "gtot": -230.284650720946,
            "bmw": 0.1554843274701486
        },
        "CONF5": {
            "gsolv": {
                "gsolv": -0.019861517582995702,
                "energy_gas": -230.264616115962,
                "energy_solv": -230.284477633545
            },
            "gtot": -230.284477633545,
            "bmw": 0.1294410198522346
        },
        "CONF8": {
            "gsolv": {
                "gsolv": -0.017336647055998355,
                "energy_gas": -230.267633552771,
                "energy_solv": -230.284970199827
            },
            "gtot": -230.284970199827,
            "bmw": 0.21809049225697785
        },
        "CONF1": {
            "gsolv": {
                "gsolv": -0.01620476438202445,
                "energy_gas": -230.269020192371,
                "energy_solv": -230.285224956753
            },
            "gtot": -230.285224956753,
            "bmw": 0.28563854186337556
        },
        "CONF11": {
            "gsolv": {
                "gsolv": -0.01925618117201111,
                "energy_gas": -230.264291015766,
                "energy_solv": -230.283547196938
            },
            "gtot": -230.283547196938,
            "bmw": 0.04831708346564392
        },
        "CONF10": {
            "gsolv": {
                "gsolv": -0.01920514066398482,
                "energy_gas": -230.264368557391,
                "energy_solv": -230.283573698055
            },
            "gtot": -230.283573698055,
            "bmw": 0.04969244679409326
        }
    },
    "settings": {
        "threshold": 0.95,
        "func": "wb97x-v",
        "basis": "def2-tzvp",
        "prog": "orca",
        "sm": "smd",
        "gfnv": "gfn2",
        "run": true,
        "implicit": false,
        "template": false
    },
    "nconf_in": 8,
    "nconf_out": 8
}