{
   "temperature":     298.150000000000,
   "unit": "hartree",
   "energy":     -65.049414071336,
   "free energy":     -64.796692438096,
   "G(T)":       0.252721633240,
   "ZPVE":       0.312789164324,
   "number of imags":0,
   "point group": "c1",
   "gradient norm":       0.000053673049
}
