{
   "temperature":     298.150000000000,
   "unit": "hartree",
   "energy":     -20.138697330329,
   "free energy":     -20.036213654488,
   "G(T)":       0.102483675841,
   "ZPVE":       0.130998911484,
   "number of imags":0,
   "point group": "cs",
   "gradient norm":       0.000087381350
}
