{
   "temperature":     298.150000000000,
   "unit": "hartree",
   "energy":     -20.137015520780,
   "free energy":     -20.034810151232,
   "G(T)":       0.102205369548,
   "ZPVE":       0.130729637328,
   "number of imags":0,
   "point group": "cs",
   "gradient norm":       0.000014769863
}
