{
   "temperature":     298.150000000000,
   "unit": "hartree",
   "energy":     -65.061061793350,
   "free energy":     -64.808252515880,
   "G(T)":       0.252809277471,
   "ZPVE":       0.312550199953,
   "number of imags":0,
   "point group": "c1",
   "gradient norm":       0.000080338375
}
