{
   "temperature":     298.150000000000,
   "unit": "hartree",
   "energy":     -65.051350264731,
   "free energy":     -64.798430213359,
   "G(T)":       0.252920051372,
   "ZPVE":       0.312965123554,
   "number of imags":0,
   "point group": "c1",
   "gradient norm":       0.000049377700
}
