{
   "temperature":     298.150000000000,
   "unit": "hartree",
   "energy":     -64.704770618525,
   "free energy":     -64.472491875670,
   "G(T)":       0.232278742854,
   "ZPVE":       0.288558031510,
   "number of imags":0,
   "point group": "c1",
   "gradient norm":       0.000099707797
}
