{
   "temperature":     298.150000000000,
   "unit": "hartree",
   "energy":     -65.057441959532,
   "free energy":     -64.803712301333,
   "G(T)":       0.253729658199,
   "ZPVE":       0.312941108489,
   "number of imags":0,
   "point group": "c1",
   "gradient norm":       0.000066083622
}
