{
   "temperature":     298.150000000000,
   "unit": "hartree",
   "energy":     -65.043522144262,
   "free energy":     -64.791236445535,
   "G(T)":       0.252285698727,
   "ZPVE":       0.312836460290,
   "number of imags":0,
   "point group": "c1",
   "gradient norm":       0.000083585254
}
