{
    "partname": "prescreening",
    "runtime": 16.426556600257754,
    "results": {
        "CONF1": {
            "xtb_gsolv": {
                "gsolv": -0.0033393264289998115,
                "energy_xtb_gas": -46.008849397003,
                "energy_xtb_solv": -46.012188723432
            },
            "sp": {
                "energy": -1529.838399131272
            },
            "gtot": -1529.841738457701,
            "bmw": 1.0
        }
    },
    "settings": {
        "threshold": 4.0,
        "func": "pbe-d4",
        "basis": "def2-sv(p)",
        "prog": "orca",
        "gfnv": "gfn2",
        "run": true,
        "template": false
    },
    "nconf_in": 1,
    "nconf_out": 1
}