{
   "temperature":     298.150000000000,
   "unit": "hartree",
   "energy":     -64.698591112171,
   "free energy":     -64.466080701993,
   "G(T)":       0.232510410178,
   "ZPVE":       0.288735225178,
   "number of imags":0,
   "point group": "c1",
   "gradient norm":       0.000112309870
}
