{
   "temperature":     298.150000000000,
   "unit": "hartree",
   "energy":     -64.699649070198,
   "free energy":     -64.467025343477,
   "G(T)":       0.232623726721,
   "ZPVE":       0.288866903316,
   "number of imags":0,
   "point group": "c1",
   "gradient norm":       0.000042193944
}
