{
    "partname": "prescreening",
    "runtime": 6.7130781738087535,
    "results": {
        "CONF1": {
            "xtb_gsolv": {
                "gsolv": 0.00040911740800009255,
                "energy_xtb_gas": -7.175504243426,
                "energy_xtb_solv": -7.175095126018
            },
            "sp": {
                "energy": -114.26418953154
            },
            "gtot": -114.263780414132,
            "bmw": 1.0
        }
    },
    "settings": {
        "threshold": 4.0,
        "func": "pbe-d4",
        "basis": "def2-sv(p)",
        "prog": "orca",
        "gfnv": "gfn2",
        "run": true,
        "template": false
    },
    "nconf_in": 1,
    "nconf_out": 1
}