{
    "partname": "optimization",
    "runtime": 39.476244285702705,
    "results": {
        "CONF1": {
            "xtb_opt": {
                "energy": -114.4813029,
                "cycles": 5,
                "converged": true,
                "ecyc": [
                    -114.4812925,
                    -114.4811106,
                    -114.4813006,
                    -114.4812994,
                    -114.4813029
                ],
                "grad_norm": 0.000720110281,
                "gncyc": [
                    0.029214035848,
                    0.0039098,
                    0.0095577,
                    0.0019274,
                    0.0026734,
                    0.0007104,
                    0.000720110281
                ],
                "geom": [
                    {
                        "element": "C",
                        "xyz": [
                            0.6055616455964098,
                            -1.8391062711047642e-05,
                            -9.945122439076638e-05
                        ]
                    },
                    {
                        "element": "O",
                        "xyz": [
                            -0.608081374519693,
                            3.933432120064046e-05,
                            3.151499908251072e-05
                        ]
                    },
                    {
                        "element": "H",
                        "xyz": [
                            1.1851431771034748,
                            -0.9419969334273437,
                            7.529195843949568e-05
                        ]
                    },
                    {
                        "element": "H",
                        "xyz": [
                            1.185241687365979,
                            0.9418999294768451,
                            7.578356087197776e-05
                        ]
                    }
                ]
            },
            "xtb_rrho": {
                "energy": 0.004530062568,
                "rmsd": null,
                "gibbs": {
                    "298.15": 0.004530062568
                },
                "enthalpy": {
                    "298.15": null
                },
                "entropy": {
                    "298.15": null
                },
                "symmetry": "c1",
                "symnum": 1,
                "linear": false
            },
            "gtot": -114.47677283743201,
            "bmw": 1.0
        }
    },
    "settings": {
        "optcycles": 8,
        "maxcyc": 200,
        "threshold": 1.5,
        "hlow": 0.01,
        "gradthr": 0.01,
        "func": "r2scan-3c",
        "basis": "def2-tzvp",
        "prog": "orca",
        "sm": "smd",
        "gfnv": "gfn2",
        "optlevel": "normal",
        "run": true,
        "macrocycles": false,
        "crestcheck": true,
        "template": false,
        "constrain": false,
        "xtb_opt": true
    },
    "nconf_in": 1,
    "nconf_out": 1
}