{
   "temperature":     298.150000000000,
   "unit": "hartree",
   "energy":     -64.672892203513,
   "free energy":     -64.442790649197,
   "G(T)":       0.230101554316,
   "ZPVE":       0.288769152393,
   "number of imags":0,
   "point group": "c1",
   "gradient norm":       0.000037593468
}
