{
   "temperature":     298.150000000000,
   "unit": "hartree",
   "energy":     -13.837199768153,
   "free energy":     -13.792486706674,
   "G(T)":       0.044713061479,
   "ZPVE":       0.075222727663,
   "number of imags":0,
   "point group": "c2",
   "gradient norm":       0.000028518369
}
