{
   "temperature":     298.150000000000,
   "unit": "hartree",
   "energy":     -64.696477220513,
   "free energy":     -64.463334969603,
   "G(T)":       0.233142250910,
   "ZPVE":       0.288746225942,
   "number of imags":0,
   "point group": "c1",
   "gradient norm":       0.000110923541
}
