{
    "partname": "prescreening",
    "runtime": 24.823135670274496,
    "results": {
        "CONF3": {
            "xtb_gsolv": {
                "gsolv": -0.0005692842930002939,
                "energy_xtb_gas": -19.870169785708,
                "energy_xtb_solv": -19.870739070001
            },
            "sp": {
                "energy": -271.117877076606
            },
            "gtot": -271.11844636089904,
            "bmw": 1.15538664588514e-05
        },
        "CONF1": {
            "xtb_gsolv": {
                "gsolv": -0.0003071403899994607,
                "energy_xtb_gas": -19.878511701943,
                "energy_xtb_solv": -19.878818842333
            },
            "sp": {
                "energy": -271.128873116098
            },
            "gtot": -271.12918025648804,
            "bmw": 0.9999483171523602
        },
        "CONF2": {
            "xtb_gsolv": {
                "gsolv": -0.00031366618699735227,
                "energy_xtb_gas": -19.870754381663,
                "energy_xtb_solv": -19.87106804785
            },
            "sp": {
                "energy": -271.119308277799
            },
            "gtot": -271.119621943986,
            "bmw": 4.012898118092126e-05
        }
    },
    "settings": {
        "threshold": 4.0,
        "func": "pbe-d4",
        "basis": "def2-sv(p)",
        "prog": "orca",
        "gfnv": "gfn2",
        "run": true,
        "template": false
    },
    "nconf_in": 3,
    "nconf_out": 1
}