{
   "temperature":     298.150000000000,
   "unit": "hartree",
   "energy":     -64.705589884841,
   "free energy":     -64.473656290148,
   "G(T)":       0.231933594693,
   "ZPVE":       0.288218230285,
   "number of imags":0,
   "point group": "c1",
   "gradient norm":       0.000098844028
}
