{
   "temperature":     298.150000000000,
   "unit": "hartree",
   "energy":     -65.047428028738,
   "free energy":     -64.793244050517,
   "G(T)":       0.254183978221,
   "ZPVE":       0.313356713469,
   "number of imags":0,
   "point group": "c1",
   "gradient norm":       0.000108396535
}
