{
    "partname": "prescreening",
    "runtime": 6.786102652549744,
    "results": {
        "CONF2": {
            "xtb_gsolv": {
                "gsolv": 0.0005465424329997859,
                "energy_xtb_gas": -10.575958657504,
                "energy_xtb_solv": -10.575412115071
            },
            "sp": {
                "energy": -477.485781812417
            },
            "gtot": -477.48523526998395,
            "bmw": 0.30007230528659656
        },
        "CONF1": {
            "xtb_gsolv": {
                "gsolv": 0.0008110413440007846,
                "energy_xtb_gas": -10.578242622715,
                "energy_xtb_solv": -10.577431581371
            },
            "sp": {
                "energy": -477.486845991164
            },
            "gtot": -477.48603494982,
            "bmw": 0.6999276947134034
        }
    },
    "settings": {
        "threshold": 4.0,
        "func": "pbe-d4",
        "basis": "def2-sv(p)",
        "prog": "orca",
        "gfnv": "gfn2",
        "run": true,
        "template": false
    },
    "nconf_in": 2,
    "nconf_out": 2
}