{
    "partname": "screening",
    "runtime": 43.31903706584126,
    "results": {
        "CONF1": {
            "gsolv": {
                "gsolv": -0.0022493278909792025,
                "energy_gas": -477.957550115441,
                "energy_solv": -477.959799443332
            },
            "gtot": -477.959799443332,
            "bmw": 0.7399194353292655
        },
        "CONF2": {
            "gsolv": {
                "gsolv": -0.002034964419010521,
                "energy_gas": -477.95677728768,
                "energy_solv": -477.958812252099
            },
            "gtot": -477.958812252099,
            "bmw": 0.2600805646707345
        }
    },
    "settings": {
        "threshold": 3.5,
        "func": "r2scan-3c",
        "basis": "def2-tzvp",
        "prog": "orca",
        "sm": "smd",
        "gfnv": "gfn2",
        "run": true,
        "implicit": false,
        "template": false
    },
    "nconf_in": 2,
    "nconf_out": 2
}