{
    "partname": "refinement",
    "runtime": 135.02664856240153,
    "results": {
        "CONF1": {
            "gsolv": {
                "gsolv": -0.002088022744999307,
                "energy_gas": -477.965768668562,
                "energy_solv": -477.967856691307
            },
            "gtot": -477.967856691307,
            "bmw": 0.7210052315717619
        },
        "CONF2": {
            "gsolv": {
                "gsolv": -0.0019020407549987794,
                "energy_gas": -477.965058192076,
                "energy_solv": -477.966960232831
            },
            "gtot": -477.966960232831,
            "bmw": 0.2789947684282381
        }
    },
    "settings": {
        "threshold": 0.95,
        "func": "wb97x-v",
        "basis": "def2-tzvp",
        "prog": "orca",
        "sm": "smd",
        "gfnv": "gfn2",
        "run": true,
        "implicit": false,
        "template": false
    },
    "nconf_in": 2,
    "nconf_out": 2
}