{
   "temperature":     298.150000000000,
   "unit": "hartree",
   "energy":     -65.048550528976,
   "free energy":     -64.794831312733,
   "G(T)":       0.253719216243,
   "ZPVE":       0.313255934842,
   "number of imags":0,
   "point group": "c1",
   "gradient norm":       0.000036027432
}
