{
    "partname": "prescreening",
    "runtime": 7.534968191757798,
    "results": {
        "CONF1": {
            "xtb_gsolv": {
                "gsolv": -0.003958898716000192,
                "energy_xtb_gas": -28.027017114888,
                "energy_xtb_solv": -28.030976013604
            },
            "sp": {
                "energy": -1609.560678778437
            },
            "gtot": -1609.564637677153,
            "bmw": 1.0
        }
    },
    "settings": {
        "threshold": 4.0,
        "func": "pbe-d4",
        "basis": "def2-sv(p)",
        "prog": "orca",
        "gfnv": "gfn2",
        "run": true,
        "template": false
    },
    "nconf_in": 1,
    "nconf_out": 1
}