{
   "temperature":     298.150000000000,
   "unit": "hartree",
   "energy":     -15.462600689418,
   "free energy":     -15.409334912562,
   "G(T)":       0.053265776856,
   "ZPVE":       0.081054333297,
   "number of imags":0,
   "point group": "c1",
   "gradient norm":       0.000026109914
}
