{
   "temperature":     298.150000000000,
   "unit": "hartree",
   "energy":     -65.061222686242,
   "free energy":     -64.808031270495,
   "G(T)":       0.253191415747,
   "ZPVE":       0.312645113747,
   "number of imags":0,
   "point group": "c1",
   "gradient norm":       0.000084461229
}
