{
   "temperature":     298.150000000000,
   "unit": "hartree",
   "energy":     -65.048684860824,
   "free energy":     -64.795273898742,
   "G(T)":       0.253410962081,
   "ZPVE":       0.313081125634,
   "number of imags":0,
   "point group": "c1",
   "gradient norm":       0.000033834537
}
