{
   "temperature":     298.150000000000,
   "unit": "hartree",
   "energy":     -64.706123622079,
   "free energy":     -64.473609747681,
   "G(T)":       0.232513874398,
   "ZPVE":       0.288356923046,
   "number of imags":0,
   "point group": "c1",
   "gradient norm":       0.000091070820
}
