{
    "partname": "prescreening",
    "runtime": 7.090483812615275,
    "results": {
        "CONF1": {
            "xtb_gsolv": {
                "gsolv": -0.002972735754999789,
                "energy_xtb_gas": -14.442980715326,
                "energy_xtb_solv": -14.445953451081
            },
            "sp": {
                "energy": -228.588497079081
            },
            "gtot": -228.59146981483602,
            "bmw": 1.0
        }
    },
    "settings": {
        "threshold": 4.0,
        "func": "pbe-d4",
        "basis": "def2-sv(p)",
        "prog": "orca",
        "gfnv": "gfn2",
        "run": true,
        "template": false
    },
    "nconf_in": 1,
    "nconf_out": 1
}