{
   "temperature":     298.150000000000,
   "unit": "hartree",
   "energy":     -64.701192928275,
   "free energy":     -64.468144253202,
   "G(T)":       0.233048675073,
   "ZPVE":       0.288476816400,
   "number of imags":0,
   "point group": "c1",
   "gradient norm":       0.000057128625
}
