{
   "temperature":     298.150000000000,
   "unit": "hartree",
   "energy":     -36.158972279166,
   "free energy":     -36.038516836313,
   "G(T)":       0.120455442853,
   "ZPVE":       0.155428615455,
   "number of imags":0,
   "point group": "c1",
   "gradient norm":       0.000082068915
}
