{
   "temperature":     298.150000000000,
   "unit": "hartree",
   "energy":     -64.693712868830,
   "free energy":     -64.461366815281,
   "G(T)":       0.232346053549,
   "ZPVE":       0.288597989193,
   "number of imags":0,
   "point group": "c1",
   "gradient norm":       0.000039539524
}
