{
   "temperature":     298.150000000000,
   "unit": "hartree",
   "energy":     -65.054901254824,
   "free energy":     -64.801893580706,
   "G(T)":       0.253007674118,
   "ZPVE":       0.312797368013,
   "number of imags":0,
   "point group": "c1",
   "gradient norm":       0.000056206410
}
