{
   "temperature":     298.150000000000,
   "unit": "hartree",
   "energy":     -64.708772318482,
   "free energy":     -64.476479456491,
   "G(T)":       0.232292861991,
   "ZPVE":       0.288102509259,
   "number of imags":0,
   "point group": "c1",
   "gradient norm":       0.000058806101
}
