{
   "temperature":     298.150000000000,
   "unit": "hartree",
   "energy":     -64.710511459140,
   "free energy":     -64.477707470887,
   "G(T)":       0.232803988252,
   "ZPVE":       0.288223680403,
   "number of imags":0,
   "point group": "c1",
   "gradient norm":       0.000069709204
}
