{
   "temperature":     298.150000000000,
   "unit": "hartree",
   "energy":     -65.046074790823,
   "free energy":     -64.792630049027,
   "G(T)":       0.253444741796,
   "ZPVE":       0.313231280999,
   "number of imags":0,
   "point group": "c1",
   "gradient norm":       0.000094540316
}
