{
   "temperature":     298.150000000000,
   "unit": "hartree",
   "energy":     -65.049035339250,
   "free energy":     -64.796036261732,
   "G(T)":       0.252999077518,
   "ZPVE":       0.312901394568,
   "number of imags":0,
   "point group": "c1",
   "gradient norm":       0.000117853565
}
