{
   "temperature":     298.150000000000,
   "unit": "hartree",
   "energy":     -65.054803618646,
   "free energy":     -64.801862630399,
   "G(T)":       0.252940988247,
   "ZPVE":       0.312812491007,
   "number of imags":0,
   "point group": "c1",
   "gradient norm":       0.000054104975
}
