{
   "temperature":     298.150000000000,
   "unit": "hartree",
   "energy":     -64.705353604010,
   "free energy":     -64.472686206838,
   "G(T)":       0.232667397172,
   "ZPVE":       0.288194211635,
   "number of imags":0,
   "point group": "c1",
   "gradient norm":       0.000128206653
}
