{
   "temperature":     298.150000000000,
   "unit": "hartree",
   "energy":      -8.213750841311,
   "free energy":      -8.199963607386,
   "G(T)":       0.013787233925,
   "ZPVE":       0.036426826269,
   "number of imags":0,
   "point group": "c3v",
   "gradient norm":       0.000025625398
}
