{
   "temperature":     298.150000000000,
   "unit": "hartree",
   "energy":     -65.050127856298,
   "free energy":     -64.796423902078,
   "G(T)":       0.253703954220,
   "ZPVE":       0.313160065178,
   "number of imags":0,
   "point group": "c1",
   "gradient norm":       0.000050530551
}
