{
    "partname": "prescreening",
    "runtime": 9.70310923922807,
    "results": {
        "CONF1": {
            "xtb_gsolv": {
                "gsolv": -0.005392686930001389,
                "energy_xtb_gas": -23.370084612533,
                "energy_xtb_solv": -23.375477299463
            },
            "sp": {
                "energy": -746.246450403732
            },
            "gtot": -746.251843090662,
            "bmw": 1.0
        }
    },
    "settings": {
        "threshold": 4.0,
        "func": "pbe-d4",
        "basis": "def2-sv(p)",
        "prog": "orca",
        "gfnv": "gfn2",
        "run": true,
        "template": false
    },
    "nconf_in": 1,
    "nconf_out": 1
}