{
   "temperature":     298.150000000000,
   "unit": "hartree",
   "energy":     -65.061283273352,
   "free energy":     -64.807681253318,
   "G(T)":       0.253602020034,
   "ZPVE":       0.312766095485,
   "number of imags":0,
   "point group": "c1",
   "gradient norm":       0.000153715319
}
