{
   "temperature":     298.150000000000,
   "unit": "hartree",
   "energy":     -64.705516758322,
   "free energy":     -64.472928117808,
   "G(T)":       0.232588640514,
   "ZPVE":       0.288361042453,
   "number of imags":0,
   "point group": "c1",
   "gradient norm":       0.000085467187
}
