{
   "temperature":     298.150000000000,
   "unit": "hartree",
   "energy":     -65.042158592249,
   "free energy":     -64.789332507629,
   "G(T)":       0.252826084620,
   "ZPVE":       0.313168707849,
   "number of imags":0,
   "point group": "c1",
   "gradient norm":       0.000092050799
}
