{
   "temperature":     298.150000000000,
   "unit": "hartree",
   "energy":     -64.694940968608,
   "free energy":     -64.463158540911,
   "G(T)":       0.231782427697,
   "ZPVE":       0.288371136425,
   "number of imags":0,
   "point group": "c1",
   "gradient norm":       0.000075398159
}
