{
   "temperature":     298.150000000000,
   "unit": "hartree",
   "energy":     -22.020067310169,
   "free energy":     -21.902264421615,
   "G(T)":       0.117802888555,
   "ZPVE":       0.148025772743,
   "number of imags":0,
   "point group": "c2",
   "gradient norm":       0.000055331985
}
