{
   "temperature":     298.150000000000,
   "unit": "hartree",
   "energy":     -36.157223673938,
   "free energy":     -36.036352227008,
   "G(T)":       0.120871446930,
   "ZPVE":       0.155482428641,
   "number of imags":0,
   "point group": "c1",
   "gradient norm":       0.000069212702
}
