{
   "temperature":     298.150000000000,
   "unit": "hartree",
   "energy":     -65.053436945021,
   "free energy":     -64.800861609039,
   "G(T)":       0.252575335982,
   "ZPVE":       0.312546805264,
   "number of imags":0,
   "point group": "c1",
   "gradient norm":       0.000066837486
}
