{
    "partname": "prescreening",
    "runtime": 5.058649206534028,
    "results": {
        "CONF2": {
            "xtb_gsolv": {
                "gsolv": -0.0052193432170000165,
                "energy_xtb_gas": -17.619401304358,
                "energy_xtb_solv": -17.624620647575
            },
            "sp": {
                "energy": -267.813362406521
            },
            "gtot": -267.818581749738,
            "bmw": 0.4945207116022007
        },
        "CONF1": {
            "xtb_gsolv": {
                "gsolv": -0.005356143649997591,
                "energy_xtb_gas": -17.619301320219,
                "energy_xtb_solv": -17.624657463869
            },
            "sp": {
                "energy": -267.812341539756
            },
            "gtot": -267.817697683406,
            "bmw": 0.19388406692147417
        },
        "CONF3": {
            "xtb_gsolv": {
                "gsolv": -0.005248842250001218,
                "energy_xtb_gas": -17.619255554366,
                "energy_xtb_solv": -17.624504396616
            },
            "sp": {
                "energy": -267.812896804049
            },
            "gtot": -267.818145646299,
            "bmw": 0.3115952214763251
        }
    },
    "settings": {
        "threshold": 4.0,
        "func": "pbe-d4",
        "basis": "def2-sv(p)",
        "prog": "orca",
        "gfnv": "gfn2",
        "run": true,
        "template": false
    },
    "nconf_in": 3,
    "nconf_out": 3
}