{
    "partname": "screening",
    "runtime": 24.771148508414626,
    "results": {
        "CONF3": {
            "gsolv": {
                "gsolv": -0.005105330347021209,
                "energy_gas": -268.332411186987,
                "energy_solv": -268.337516517334
            },
            "gtot": -268.337516517334,
            "bmw": 0.16484319325966676
        },
        "CONF1": {
            "gsolv": {
                "gsolv": -0.0048806505699872105,
                "energy_gas": -268.3316020394,
                "energy_solv": -268.33648268997
            },
            "gtot": -268.33648268997,
            "bmw": 0.05514972457656384
        },
        "CONF2": {
            "gsolv": {
                "gsolv": -0.005716772737002884,
                "energy_gas": -268.333267297321,
                "energy_solv": -268.338984070058
            },
            "gtot": -268.338984070058,
            "bmw": 0.7800070821637695
        }
    },
    "settings": {
        "threshold": 3.5,
        "func": "r2scan-3c",
        "basis": "def2-tzvp",
        "prog": "orca",
        "sm": "smd",
        "gfnv": "gfn2",
        "run": true,
        "implicit": false,
        "template": false
    },
    "nconf_in": 3,
    "nconf_out": 3
}