{
    "partname": "refinement",
    "runtime": 115.72521617263556,
    "results": {
        "CONF3": {
            "gsolv": {
                "gsolv": -0.006109702008018303,
                "energy_gas": -268.405879373583,
                "energy_solv": -268.411989075591
            },
            "gtot": -268.411989075591,
            "bmw": 0.5715769417031192
        },
        "CONF2": {
            "gsolv": {
                "gsolv": -0.006190007433986011,
                "energy_gas": -268.405526871353,
                "energy_solv": -268.411716878787
            },
            "gtot": -268.411716878787,
            "bmw": 0.4284230582968807
        }
    },
    "settings": {
        "threshold": 0.95,
        "func": "wb97x-v",
        "basis": "def2-tzvp",
        "prog": "orca",
        "sm": "smd",
        "gfnv": "gfn2",
        "run": true,
        "implicit": false,
        "template": false
    },
    "nconf_in": 2,
    "nconf_out": 2
}