{
   "temperature":     298.150000000000,
   "unit": "hartree",
   "energy":     -65.049335439948,
   "free energy":     -64.795440349557,
   "G(T)":       0.253895090392,
   "ZPVE":       0.313135426225,
   "number of imags":0,
   "point group": "c1",
   "gradient norm":       0.000107124685
}
