{
   "temperature":     298.150000000000,
   "unit": "hartree",
   "energy":     -65.047089495288,
   "free energy":     -64.794026555509,
   "G(T)":       0.253062939779,
   "ZPVE":       0.313004325956,
   "number of imags":0,
   "point group": "c1",
   "gradient norm":       0.000063387429
}
