{
   "temperature":     298.150000000000,
   "unit": "hartree",
   "energy":     -65.046720935738,
   "free energy":     -64.793728606113,
   "G(T)":       0.252992329625,
   "ZPVE":       0.312866406480,
   "number of imags":0,
   "point group": "c1",
   "gradient norm":       0.000077050533
}
