{
   "temperature":     298.150000000000,
   "unit": "hartree",
   "energy":     -65.055511132089,
   "free energy":     -64.802033117393,
   "G(T)":       0.253478014696,
   "ZPVE":       0.312773441676,
   "number of imags":0,
   "point group": "c1",
   "gradient norm":       0.000064958214
}
