{
   "temperature":     298.150000000000,
   "unit": "hartree",
   "energy":     -65.060359479050,
   "free energy":     -64.806723879188,
   "G(T)":       0.253635599862,
   "ZPVE":       0.312903447111,
   "number of imags":0,
   "point group": "c1",
   "gradient norm":       0.000042868385
}
