{
   "temperature":     298.150000000000,
   "unit": "hartree",
   "energy":     -64.703087535592,
   "free energy":     -64.471621009918,
   "G(T)":       0.231466525674,
   "ZPVE":       0.288011950204,
   "number of imags":0,
   "point group": "c1",
   "gradient norm":       0.000091446031
}
