{
   "temperature":     298.150000000000,
   "unit": "hartree",
   "energy":     -31.815239263340,
   "free energy":     -31.651839379849,
   "G(T)":       0.163399883491,
   "ZPVE":       0.197962324029,
   "number of imags":0,
   "point group": "c2v",
   "gradient norm":       0.000034280380
}
