{
   "temperature":     298.150000000000,
   "unit": "hartree",
   "energy":     -13.504781702841,
   "free energy":     -13.450477863631,
   "G(T)":       0.054303839211,
   "ZPVE":       0.081815846839,
   "number of imags":0,
   "point group": "c1",
   "gradient norm":       0.000020327343
}
