{
    "partname": "prescreening",
    "runtime": 10.92924621887505,
    "results": {
        "CONF1": {
            "xtb_gsolv": {
                "gsolv": 0.00015335952199890812,
                "energy_xtb_gas": -25.388882602265,
                "energy_xtb_solv": -25.388729242743
            },
            "sp": {
                "energy": -349.375139976325
            },
            "gtot": -349.37498661680297,
            "bmw": 0.9351093726568055
        },
        "CONF2": {
            "xtb_gsolv": {
                "gsolv": 0.00017430023699915864,
                "energy_xtb_gas": -25.38635240229,
                "energy_xtb_solv": -25.386178102053
            },
            "sp": {
                "energy": -349.372641872166
            },
            "gtot": -349.372467571929,
            "bmw": 0.06489062734319442
        }
    },
    "settings": {
        "threshold": 4.0,
        "func": "pbe-d4",
        "basis": "def2-sv(p)",
        "prog": "orca",
        "gfnv": "gfn2",
        "run": true,
        "template": false
    },
    "nconf_in": 2,
    "nconf_out": 2
}