{
    "partname": "screening",
    "runtime": 58.89355142135173,
    "results": {
        "CONF2": {
            "gsolv": {
                "gsolv": -0.0014429099899757603,
                "energy_gas": -350.081573955307,
                "energy_solv": -350.083016865297
            },
            "gtot": -350.083016865297,
            "bmw": 0.036850438447901084
        },
        "CONF1": {
            "gsolv": {
                "gsolv": -0.001521240035970095,
                "energy_gas": -350.08457681912,
                "energy_solv": -350.086098059156
            },
            "gtot": -350.086098059156,
            "bmw": 0.9631495615520989
        }
    },
    "settings": {
        "threshold": 3.5,
        "func": "r2scan-3c",
        "basis": "def2-tzvp",
        "prog": "orca",
        "sm": "smd",
        "gfnv": "gfn2",
        "run": true,
        "implicit": false,
        "template": false
    },
    "nconf_in": 2,
    "nconf_out": 2
}