{
    "partname": "refinement",
    "runtime": 467.08072718884796,
    "results": {
        "CONF1": {
            "gsolv": {
                "gsolv": -0.001189218191029795,
                "energy_gas": -350.206659019015,
                "energy_solv": -350.207848237206
            },
            "gtot": -350.207848237206,
            "bmw": 0.9562902648497457
        },
        "CONF2": {
            "gsolv": {
                "gsolv": -0.001150332690997402,
                "energy_gas": -350.203784634262,
                "energy_solv": -350.204934966953
            },
            "gtot": -350.204934966953,
            "bmw": 0.043709735150254475
        }
    },
    "settings": {
        "threshold": 0.95,
        "func": "wb97x-v",
        "basis": "def2-tzvp",
        "prog": "orca",
        "sm": "smd",
        "gfnv": "gfn2",
        "run": true,
        "implicit": false,
        "template": false
    },
    "nconf_in": 2,
    "nconf_out": 2
}