{
    "partname": "prescreening",
    "runtime": 3.8782772859558463,
    "results": {
        "CONF1": {
            "xtb_gsolv": {
                "gsolv": -0.0023136623340000995,
                "energy_xtb_gas": -12.245905290778,
                "energy_xtb_solv": -12.248218953112
            },
            "sp": {
                "energy": -958.92835237264
            },
            "gtot": -958.930666034974,
            "bmw": 1.0
        }
    },
    "settings": {
        "threshold": 4.0,
        "func": "pbe-d4",
        "basis": "def2-sv(p)",
        "prog": "orca",
        "gfnv": "gfn2",
        "run": true,
        "template": false
    },
    "nconf_in": 1,
    "nconf_out": 1
}