{
   "temperature":     298.150000000000,
   "unit": "hartree",
   "energy":     -65.059728892593,
   "free energy":     -64.805956888166,
   "G(T)":       0.253772004428,
   "ZPVE":       0.312779725259,
   "number of imags":0,
   "point group": "c1",
   "gradient norm":       0.000054889846
}
