{
   "temperature":     298.150000000000,
   "unit": "hartree",
   "energy":     -65.025905576808,
   "free energy":     -64.775353517200,
   "G(T)":       0.250552059608,
   "ZPVE":       0.313402212732,
   "number of imags":0,
   "point group": "c1",
   "gradient norm":       0.000045899684
}
