{
   "temperature":     298.150000000000,
   "unit": "hartree",
   "energy":     -64.693653160303,
   "free energy":     -64.460765423263,
   "G(T)":       0.232887737039,
   "ZPVE":       0.288742724518,
   "number of imags":0,
   "point group": "c1",
   "gradient norm":       0.000152881657
}
