{
   "temperature":     298.150000000000,
   "unit": "hartree",
   "energy":     -26.301150287728,
   "free energy":     -26.178461564921,
   "G(T)":       0.122688722807,
   "ZPVE":       0.155843601403,
   "number of imags":0,
   "point group": "cs",
   "gradient norm":       0.000031615149
}
