{
   "temperature":     298.150000000000,
   "unit": "hartree",
   "energy":     -64.703706957552,
   "free energy":     -64.470941733300,
   "G(T)":       0.232765224252,
   "ZPVE":       0.288218690523,
   "number of imags":0,
   "point group": "c1",
   "gradient norm":       0.000058215861
}
