{
   "temperature":     298.150000000000,
   "unit": "hartree",
   "energy":     -65.049758361372,
   "free energy":     -64.797161367519,
   "G(T)":       0.252596993853,
   "ZPVE":       0.312839404073,
   "number of imags":0,
   "point group": "c1",
   "gradient norm":       0.000065481184
}
