{
   "temperature":     298.150000000000,
   "unit": "hartree",
   "energy":     -23.985522665977,
   "free energy":     -23.938568488860,
   "G(T)":       0.046954177117,
   "ZPVE":       0.078512536875,
   "number of imags":0,
   "point group": "c2v",
   "gradient norm":       0.000010044792
}
