{
    "partname": "prescreening",
    "runtime": 4.874548397958279,
    "results": {
        "CONF2": {
            "xtb_gsolv": {
                "gsolv": 0.0020202292170008462,
                "energy_xtb_gas": -13.836333619551,
                "energy_xtb_solv": -13.834313390334
            },
            "sp": {
                "energy": -875.391240644058
            },
            "gtot": -875.389220414841,
            "bmw": 0.0814113386875465
        },
        "CONF1": {
            "xtb_gsolv": {
                "gsolv": 0.002070971818000089,
                "energy_xtb_gas": -13.837455329888,
                "energy_xtb_solv": -13.83538435807
            },
            "sp": {
                "energy": -875.393579449778
            },
            "gtot": -875.3915084779601,
            "bmw": 0.9185886613124535
        }
    },
    "settings": {
        "threshold": 4.0,
        "func": "pbe-d4",
        "basis": "def2-sv(p)",
        "prog": "orca",
        "gfnv": "gfn2",
        "run": true,
        "template": false
    },
    "nconf_in": 2,
    "nconf_out": 2
}