{
    "partname": "screening",
    "runtime": 21.951156112365425,
    "results": {
        "CONF2": {
            "gsolv": {
                "gsolv": -0.0020631980850112086,
                "energy_gas": -876.132533886841,
                "energy_solv": -876.134597084926
            },
            "gtot": -876.134597084926,
            "bmw": 0.05312008721792233
        },
        "CONF1": {
            "gsolv": {
                "gsolv": -0.0025407173239955227,
                "energy_gas": -876.134776199606,
                "energy_solv": -876.13731691693
            },
            "gtot": -876.13731691693,
            "bmw": 0.9468799127820777
        }
    },
    "settings": {
        "threshold": 3.5,
        "func": "r2scan-3c",
        "basis": "def2-tzvp",
        "prog": "orca",
        "sm": "smd",
        "gfnv": "gfn2",
        "run": true,
        "implicit": false,
        "template": false
    },
    "nconf_in": 2,
    "nconf_out": 2
}