{
    "partname": "refinement",
    "runtime": 93.10493035148829,
    "results": {
        "CONF2": {
            "gsolv": {
                "gsolv": -0.0026643346989203565,
                "energy_gas": -876.115643741811,
                "energy_solv": -876.11830807651
            },
            "gtot": -876.11830807651,
            "bmw": 0.501843829136087
        },
        "CONF1": {
            "gsolv": {
                "gsolv": -0.0026576313420036968,
                "energy_gas": -876.115643481482,
                "energy_solv": -876.118301112824
            },
            "gtot": -876.118301112824,
            "bmw": 0.4981561708639129
        }
    },
    "settings": {
        "threshold": 0.95,
        "func": "wb97x-v",
        "basis": "def2-tzvp",
        "prog": "orca",
        "sm": "smd",
        "gfnv": "gfn2",
        "run": true,
        "implicit": false,
        "template": false
    },
    "nconf_in": 2,
    "nconf_out": 2
}