{
    "partname": "prescreening",
    "runtime": 5.500107384286821,
    "results": {
        "CONF1": {
            "xtb_gsolv": {
                "gsolv": -0.004119819467000241,
                "energy_xtb_gas": -13.533884097037,
                "energy_xtb_solv": -13.538003916504
            },
            "sp": {
                "energy": -192.716423434132
            },
            "gtot": -192.720543253599,
            "bmw": 0.7285600070728624
        },
        "CONF2": {
            "xtb_gsolv": {
                "gsolv": -0.00412313174199852,
                "energy_xtb_gas": -13.533285935943,
                "energy_xtb_solv": -13.537409067685
            },
            "sp": {
                "energy": -192.715487901914
            },
            "gtot": -192.719611033656,
            "bmw": 0.2714399929271375
        }
    },
    "settings": {
        "threshold": 4.0,
        "func": "pbe-d4",
        "basis": "def2-sv(p)",
        "prog": "orca",
        "gfnv": "gfn2",
        "run": true,
        "template": false
    },
    "nconf_in": 2,
    "nconf_out": 2
}