{
    "partname": "screening",
    "runtime": 20.126356525346637,
    "results": {
        "CONF1": {
            "gsolv": {
                "gsolv": -0.007660234121004805,
                "energy_gas": -193.105524845337,
                "energy_solv": -193.113185079458
            },
            "gtot": -193.113185079458,
            "bmw": 0.7172255474472664
        },
        "CONF2": {
            "gsolv": {
                "gsolv": -0.007630713637013287,
                "energy_gas": -193.104675575472,
                "energy_solv": -193.112306289109
            },
            "gtot": -193.112306289109,
            "bmw": 0.2827744525527337
        }
    },
    "settings": {
        "threshold": 3.5,
        "func": "r2scan-3c",
        "basis": "def2-tzvp",
        "prog": "orca",
        "sm": "smd",
        "gfnv": "gfn2",
        "run": true,
        "implicit": false,
        "template": false
    },
    "nconf_in": 2,
    "nconf_out": 2
}