{
    "partname": "refinement",
    "runtime": 69.89631017576903,
    "results": {
        "CONF1": {
            "gsolv": {
                "gsolv": -0.008326533531999303,
                "energy_gas": -193.163306081704,
                "energy_solv": -193.171632615236
            },
            "gtot": -193.171632615236,
            "bmw": 0.7102001678062025
        },
        "CONF2": {
            "gsolv": {
                "gsolv": -0.008309157534000633,
                "energy_gas": -193.162477132512,
                "energy_solv": -193.170786290046
            },
            "gtot": -193.170786290046,
            "bmw": 0.28979983219379757
        }
    },
    "settings": {
        "threshold": 0.95,
        "func": "wb97x-v",
        "basis": "def2-tzvp",
        "prog": "orca",
        "sm": "smd",
        "gfnv": "gfn2",
        "run": true,
        "implicit": false,
        "template": false
    },
    "nconf_in": 2,
    "nconf_out": 2
}