{
   "temperature":     298.150000000000,
   "unit": "hartree",
   "energy":     -64.696575599824,
   "free energy":     -64.463743680625,
   "G(T)":       0.232831919199,
   "ZPVE":       0.288510412702,
   "number of imags":0,
   "point group": "c1",
   "gradient norm":       0.000057144445
}
