{
   "temperature":     298.150000000000,
   "unit": "hartree",
   "energy":     -65.039674683466,
   "free energy":     -64.786785383979,
   "G(T)":       0.252889299487,
   "ZPVE":       0.312988190847,
   "number of imags":0,
   "point group": "c1",
   "gradient norm":       0.000041143215
}
