{
   "temperature":     298.150000000000,
   "unit": "hartree",
   "energy":     -65.047288556796,
   "free energy":     -64.794762341051,
   "G(T)":       0.252526215745,
   "ZPVE":       0.312618239507,
   "number of imags":0,
   "point group": "c1",
   "gradient norm":       0.000074568171
}
