{
   "temperature":     298.150000000000,
   "unit": "hartree",
   "energy":     -65.051475341705,
   "free energy":     -64.798709234521,
   "G(T)":       0.252766107184,
   "ZPVE":       0.312715806750,
   "number of imags":0,
   "point group": "c1",
   "gradient norm":       0.000060594218
}
