{
   "temperature":     298.150000000000,
   "unit": "hartree",
   "energy":     -32.077371807584,
   "free energy":     -32.054097711282,
   "G(T)":       0.023274096302,
   "ZPVE":       0.059164667584,
   "number of imags":0,
   "point group": "c2v",
   "gradient norm":       0.000068242276
}
