{
    "partname": "prescreening",
    "runtime": 9.005492083728313,
    "results": {
        "CONF1": {
            "xtb_gsolv": {
                "gsolv": -0.00328243513800075,
                "energy_xtb_gas": -22.018806510934,
                "energy_xtb_solv": -22.022088946072
            },
            "sp": {
                "energy": -309.182011139558
            },
            "gtot": -309.185293574696,
            "bmw": 0.9951374902721679
        },
        "CONF2": {
            "xtb_gsolv": {
                "gsolv": -0.003505425446000743,
                "energy_xtb_gas": -22.014747422311,
                "energy_xtb_solv": -22.018252847757
            },
            "sp": {
                "energy": -309.17606394114
            },
            "gtot": -309.179569366586,
            "bmw": 0.002317019093475246
        },
        "CONF4": {
            "xtb_gsolv": {
                "gsolv": -0.0035830500500004803,
                "energy_xtb_gas": -22.013770590753,
                "energy_xtb_solv": -22.017353640803
            },
            "sp": {
                "energy": -309.175416152579
            },
            "gtot": -309.178999202629,
            "bmw": 0.0012666958452209349
        },
        "CONF3": {
            "xtb_gsolv": {
                "gsolv": -0.003554994009999035,
                "energy_xtb_gas": -22.013961525021,
                "energy_xtb_solv": -22.017516519031
            },
            "sp": {
                "energy": -309.175453184266
            },
            "gtot": -309.17900817827604,
            "bmw": 0.0012787947891356344
        }
    },
    "settings": {
        "threshold": 4.0,
        "func": "pbe-d4",
        "basis": "def2-sv(p)",
        "prog": "orca",
        "gfnv": "gfn2",
        "run": true,
        "template": false
    },
    "nconf_in": 4,
    "nconf_out": 4
}