{
    "partname": "screening",
    "runtime": 49.94884164817631,
    "results": {
        "CONF4": {
            "gsolv": {
                "gsolv": -0.008882812349042979,
                "energy_gas": -309.800215591473,
                "energy_solv": -309.809098403822
            },
            "gtot": -309.809098403822,
            "bmw": 0.0016197702616871056
        },
        "CONF1": {
            "gsolv": {
                "gsolv": -0.00841647149900382,
                "energy_gas": -309.806740014271,
                "energy_solv": -309.81515648577
            },
            "gtot": -309.81515648577,
            "bmw": 0.9907822822261034
        },
        "CONF2": {
            "gsolv": {
                "gsolv": -0.008855466334011908,
                "energy_gas": -309.801371262694,
                "energy_solv": -309.810226729028
            },
            "gtot": -309.810226729028,
            "bmw": 0.0053511495784261546
        },
        "CONF3": {
            "gsolv": {
                "gsolv": -0.008783476112000699,
                "energy_gas": -309.80062388517,
                "energy_solv": -309.809407361282
            },
            "gtot": -309.809407361282,
            "bmw": 0.0022467979337832565
        }
    },
    "settings": {
        "threshold": 3.5,
        "func": "r2scan-3c",
        "basis": "def2-tzvp",
        "prog": "orca",
        "sm": "smd",
        "gfnv": "gfn2",
        "run": true,
        "implicit": false,
        "template": false
    },
    "nconf_in": 4,
    "nconf_out": 4
}