{
    "partname": "refinement",
    "runtime": 272.63060220330954,
    "results": {
        "CONF2": {
            "gsolv": {
                "gsolv": -0.009367401743986647,
                "energy_gas": -309.905028571061,
                "energy_solv": -309.914395972805
            },
            "gtot": -309.914395972805,
            "bmw": 0.005417389477019257
        },
        "CONF3": {
            "gsolv": {
                "gsolv": -0.009348825783035863,
                "energy_gas": -309.904203356853,
                "energy_solv": -309.913552182636
            },
            "gtot": -309.913552182636,
            "bmw": 0.0022165291535189945
        },
        "CONF1": {
            "gsolv": {
                "gsolv": -0.008999289583016434,
                "energy_gas": -309.910314558506,
                "energy_solv": -309.919313848089
            },
            "gtot": -309.919313848089,
            "bmw": 0.990503714016897
        },
        "CONF4": {
            "gsolv": {
                "gsolv": -0.009433254808016045,
                "energy_gas": -309.90395455102,
                "energy_solv": -309.913387805828
            },
            "gtot": -309.913387805828,
            "bmw": 0.0018623673525645875
        }
    },
    "settings": {
        "threshold": 0.95,
        "func": "wb97x-v",
        "basis": "def2-tzvp",
        "prog": "orca",
        "sm": "smd",
        "gfnv": "gfn2",
        "run": true,
        "implicit": false,
        "template": false
    },
    "nconf_in": 4,
    "nconf_out": 4
}