{
   "temperature":     298.150000000000,
   "unit": "hartree",
   "energy":     -64.719280271465,
   "free energy":     -64.486179963639,
   "G(T)":       0.233100307826,
   "ZPVE":       0.288046717622,
   "number of imags":0,
   "point group": "c1",
   "gradient norm":       0.000043557089
}
