{
   "temperature":     298.150000000000,
   "unit": "hartree",
   "energy":     -65.040617612453,
   "free energy":     -64.787292821935,
   "G(T)":       0.253324790518,
   "ZPVE":       0.313188267156,
   "number of imags":0,
   "point group": "c1",
   "gradient norm":       0.000066151972
}
