{
   "temperature":     298.150000000000,
   "unit": "hartree",
   "energy":     -64.708042852856,
   "free energy":     -64.475164641540,
   "G(T)":       0.232878211316,
   "ZPVE":       0.288392904290,
   "number of imags":0,
   "point group": "c1",
   "gradient norm":       0.000093653568
}
