{
   "temperature":     298.150000000000,
   "unit": "hartree",
   "energy":     -28.918276591534,
   "free energy":     -28.792971764703,
   "G(T)":       0.125304826831,
   "ZPVE":       0.158361155941,
   "number of imags":0,
   "point group": "c1",
   "gradient norm":       0.000030650110
}
