{
   "temperature":     298.150000000000,
   "unit": "hartree",
   "energy":     -36.156415531739,
   "free energy":     -36.035787192934,
   "G(T)":       0.120628338805,
   "ZPVE":       0.155338635838,
   "number of imags":0,
   "point group": "c1",
   "gradient norm":       0.000169748906
}
