{
   "temperature":     298.150000000000,
   "unit": "hartree",
   "energy":     -64.708252868024,
   "free energy":     -64.476164535040,
   "G(T)":       0.232088332984,
   "ZPVE":       0.288186284024,
   "number of imags":0,
   "point group": "c1",
   "gradient norm":       0.000080075369
}
