{
   "temperature":     298.150000000000,
   "unit": "hartree",
   "energy":     -24.491207557133,
   "free energy":     -24.423739247705,
   "G(T)":       0.067468309428,
   "ZPVE":       0.099456065937,
   "number of imags":0,
   "point group": "cs",
   "gradient norm":       0.000042400726
}
