{
   "temperature":     298.150000000000,
   "unit": "hartree",
   "energy":     -65.051313087188,
   "free energy":     -64.798126415825,
   "G(T)":       0.253186671362,
   "ZPVE":       0.312817786446,
   "number of imags":0,
   "point group": "c1",
   "gradient norm":       0.000082018273
}
