{
   "temperature":     298.150000000000,
   "unit": "hartree",
   "energy":     -65.042310274695,
   "free energy":     -64.789852544206,
   "G(T)":       0.252457730490,
   "ZPVE":       0.312857383227,
   "number of imags":0,
   "point group": "c2",
   "gradient norm":       0.000041478672
}
