{
   "temperature":     298.150000000000,
   "unit": "hartree",
   "energy":     -65.054691914261,
   "free energy":     -64.801793496248,
   "G(T)":       0.252898418013,
   "ZPVE":       0.312790065337,
   "number of imags":0,
   "point group": "c1",
   "gradient norm":       0.000055600353
}
