{
   "temperature":     298.150000000000,
   "unit": "hartree",
   "energy":     -65.055944736509,
   "free energy":     -64.802832054115,
   "G(T)":       0.253112682394,
   "ZPVE":       0.312726826507,
   "number of imags":0,
   "point group": "c1",
   "gradient norm":       0.000077537685
}
