{
   "temperature":     298.150000000000,
   "unit": "hartree",
   "energy":     -65.063710700054,
   "free energy":     -64.810215827716,
   "G(T)":       0.253494872338,
   "ZPVE":       0.312656356882,
   "number of imags":0,
   "point group": "c1",
   "gradient norm":       0.000089288005
}
