{
   "temperature":     298.150000000000,
   "unit": "hartree",
   "energy":     -28.849950652920,
   "free energy":     -28.807369273339,
   "G(T)":       0.042581379580,
   "ZPVE":       0.074438822518,
   "number of imags":0,
   "point group": "cs",
   "gradient norm":       0.000033711720
}
