{
   "temperature":     298.150000000000,
   "unit": "hartree",
   "energy":     -64.707682536973,
   "free energy":     -64.475420281013,
   "G(T)":       0.232262255960,
   "ZPVE":       0.288347710637,
   "number of imags":0,
   "point group": "c1",
   "gradient norm":       0.000072426162
}
