{
   "temperature":     298.150000000000,
   "unit": "hartree",
   "energy":     -64.701791937642,
   "free energy":     -64.469473552770,
   "G(T)":       0.232318384871,
   "ZPVE":       0.288199391119,
   "number of imags":0,
   "point group": "c1",
   "gradient norm":       0.000048098649
}
