{
   "temperature":     298.150000000000,
   "unit": "hartree",
   "energy":     -65.049781702277,
   "free energy":     -64.796630763398,
   "G(T)":       0.253150938878,
   "ZPVE":       0.312821795319,
   "number of imags":0,
   "point group": "c1",
   "gradient norm":       0.000082362162
}
