{
   "temperature":     298.150000000000,
   "unit": "hartree",
   "energy":     -15.459767543007,
   "free energy":     -15.406191452970,
   "G(T)":       0.053576090037,
   "ZPVE":       0.080822407412,
   "number of imags":0,
   "point group": "c2",
   "gradient norm":       0.000041404753
}
