{
   "temperature":     298.150000000000,
   "unit": "hartree",
   "energy":     -65.059151509273,
   "free energy":     -64.805414220828,
   "G(T)":       0.253737288445,
   "ZPVE":       0.312884847795,
   "number of imags":0,
   "point group": "c1",
   "gradient norm":       0.000135006882
}
