{
    "partname": "prescreening",
    "runtime": 6.422054973430932,
    "results": {
        "CONF1": {
            "xtb_gsolv": {
                "gsolv": -0.003967792823001304,
                "energy_xtb_gas": -20.203809632556,
                "energy_xtb_solv": -20.207777425379
            },
            "sp": {
                "energy": -707.030313456963
            },
            "gtot": -707.034281249786,
            "bmw": 1.0
        }
    },
    "settings": {
        "threshold": 4.0,
        "func": "pbe-d4",
        "basis": "def2-sv(p)",
        "prog": "orca",
        "gfnv": "gfn2",
        "run": true,
        "template": false
    },
    "nconf_in": 1,
    "nconf_out": 1
}