{
   "temperature":     298.150000000000,
   "unit": "hartree",
   "energy":     -65.043982155232,
   "free energy":     -64.791184945461,
   "G(T)":       0.252797209771,
   "ZPVE":       0.312966588453,
   "number of imags":0,
   "point group": "c1",
   "gradient norm":       0.000081171692
}
