{
   "temperature":     298.150000000000,
   "unit": "hartree",
   "energy":     -65.044423618966,
   "free energy":     -64.791973950062,
   "G(T)":       0.252449668903,
   "ZPVE":       0.312971405106,
   "number of imags":0,
   "point group": "c1",
   "gradient norm":       0.000058530198
}
