{
   "temperature":     298.150000000000,
   "unit": "hartree",
   "energy":     -65.052555158078,
   "free energy":     -64.799214812614,
   "G(T)":       0.253340345465,
   "ZPVE":       0.312812118794,
   "number of imags":0,
   "point group": "c1",
   "gradient norm":       0.000053016086
}
