{
    "partname": "prescreening",
    "runtime": 4.059454136993736,
    "results": {
        "CONF1": {
            "xtb_gsolv": {
                "gsolv": -0.0024551953439999608,
                "energy_xtb_gas": -12.428907730284,
                "energy_xtb_solv": -12.431362925628
            },
            "sp": {
                "energy": -598.722346433066
            },
            "gtot": -598.7248016284101,
            "bmw": 1.0
        }
    },
    "settings": {
        "threshold": 4.0,
        "func": "pbe-d4",
        "basis": "def2-sv(p)",
        "prog": "orca",
        "gfnv": "gfn2",
        "run": true,
        "template": false
    },
    "nconf_in": 1,
    "nconf_out": 1
}