{
   "temperature":     298.150000000000,
   "unit": "hartree",
   "energy":     -65.053737520587,
   "free energy":     -64.800794929607,
   "G(T)":       0.252942590981,
   "ZPVE":       0.312885326071,
   "number of imags":0,
   "point group": "c1",
   "gradient norm":       0.000062231366
}
