{
   "temperature":     298.150000000000,
   "unit": "hartree",
   "energy":     -36.153554332954,
   "free energy":     -36.033749395607,
   "G(T)":       0.119804937347,
   "ZPVE":       0.154967060163,
   "number of imags":0,
   "point group": "c1",
   "gradient norm":       0.000040636516
}
