{
   "temperature":     298.150000000000,
   "unit": "hartree",
   "energy":     -65.028055748148,
   "free energy":     -64.778511679420,
   "G(T)":       0.249544068727,
   "ZPVE":       0.313277754647,
   "number of imags":0,
   "point group": "c1",
   "gradient norm":       0.000197152677
}
