{
   "temperature":     298.150000000000,
   "unit": "hartree",
   "energy":     -65.045774700959,
   "free energy":     -64.792948293118,
   "G(T)":       0.252826407841,
   "ZPVE":       0.312894213909,
   "number of imags":0,
   "point group": "c1",
   "gradient norm":       0.000035828236
}
