{
   "temperature":     298.150000000000,
   "unit": "hartree",
   "energy":     -65.053702890657,
   "free energy":     -64.801169199679,
   "G(T)":       0.252533690978,
   "ZPVE":       0.312570999773,
   "number of imags":0,
   "point group": "c1",
   "gradient norm":       0.000086582400
}
