{
   "temperature":     298.150000000000,
   "unit": "hartree",
   "energy":     -65.051471886169,
   "free energy":     -64.798936532212,
   "G(T)":       0.252535353957,
   "ZPVE":       0.312597346096,
   "number of imags":0,
   "point group": "c1",
   "gradient norm":       0.000044051973
}
