{
    "partname": "prescreening",
    "runtime": 41.892849288880825,
    "results": {
        "CONF1": {
            "xtb_gsolv": {
                "gsolv": -0.0026492731539988768,
                "energy_xtb_gas": -26.787142170265,
                "energy_xtb_solv": -26.789791443419
            },
            "sp": {
                "energy": -402.259650052139
            },
            "gtot": -402.26229932529304,
            "bmw": 1.0
        }
    },
    "settings": {
        "threshold": 4.0,
        "func": "pbe-d4",
        "basis": "def2-sv(p)",
        "prog": "orca",
        "gfnv": "gfn2",
        "run": true,
        "template": false
    },
    "nconf_in": 1,
    "nconf_out": 1
}