{
   "temperature":     298.150000000000,
   "unit": "hartree",
   "energy":     -65.045783574529,
   "free energy":     -64.792847359354,
   "G(T)":       0.252936215175,
   "ZPVE":       0.313073344797,
   "number of imags":0,
   "point group": "c1",
   "gradient norm":       0.000068767022
}
