{
   "temperature":     298.150000000000,
   "unit": "hartree",
   "energy":     -11.860575771225,
   "free energy":     -11.814491125982,
   "G(T)":       0.046084645243,
   "ZPVE":       0.072851808309,
   "number of imags":0,
   "point group": "cs",
   "gradient norm":       0.000045593593
}
