{
   "temperature":     298.150000000000,
   "unit": "hartree",
   "energy":     -26.719490841516,
   "free energy":     -26.734229562054,
   "G(T)":      -0.014738720538,
   "ZPVE":       0.019273791696,
   "number of imags":0,
   "point group": "cs",
   "gradient norm":       0.000184444182
}
