{
   "temperature":     298.150000000000,
   "unit": "hartree",
   "energy":     -65.057858543981,
   "free energy":     -64.804840227097,
   "G(T)":       0.253018316884,
   "ZPVE":       0.312644907358,
   "number of imags":0,
   "point group": "c1",
   "gradient norm":       0.000050069830
}
