{
   "temperature":     298.150000000000,
   "unit": "hartree",
   "energy":     -64.705557050005,
   "free energy":     -64.472679164756,
   "G(T)":       0.232877885249,
   "ZPVE":       0.288515337062,
   "number of imags":0,
   "point group": "c1",
   "gradient norm":       0.000090304441
}
