{
   "temperature":     298.150000000000,
   "unit": "hartree",
   "energy":     -65.055223993999,
   "free energy":     -64.801777649021,
   "G(T)":       0.253446344977,
   "ZPVE":       0.312953588208,
   "number of imags":0,
   "point group": "c1",
   "gradient norm":       0.000029299868
}
