{
   "temperature":     298.150000000000,
   "unit": "hartree",
   "energy":     -23.131111008791,
   "free energy":     -23.034541731269,
   "G(T)":       0.096569277522,
   "ZPVE":       0.128193565072,
   "number of imags":0,
   "point group": "cs",
   "gradient norm":       0.000031312965
}
