{
    "partname": "prescreening",
    "runtime": 18.523593087214977,
    "results": {
        "CONF1": {
            "xtb_gsolv": {
                "gsolv": -0.0038020524550006485,
                "energy_xtb_gas": -58.136941067554,
                "energy_xtb_solv": -58.140743120009
            },
            "sp": {
                "energy": -2907.664305354381
            },
            "gtot": -2907.668107406836,
            "bmw": 1.0
        }
    },
    "settings": {
        "threshold": 4.0,
        "func": "pbe-d4",
        "basis": "def2-sv(p)",
        "prog": "orca",
        "gfnv": "gfn2",
        "run": true,
        "template": false
    },
    "nconf_in": 1,
    "nconf_out": 1
}