{
   "temperature":     298.150000000000,
   "unit": "hartree",
   "energy":     -13.837199476621,
   "free energy":     -13.792519506438,
   "G(T)":       0.044679970183,
   "ZPVE":       0.075213080763,
   "number of imags":0,
   "point group": "c2",
   "gradient norm":       0.000054771796
}
