{
    "partname": "prescreening",
    "runtime": 6.252540486864746,
    "results": {
        "CONF2": {
            "xtb_gsolv": {
                "gsolv": 0.0011054274889996663,
                "energy_xtb_gas": -11.549310750279,
                "energy_xtb_solv": -11.54820532279
            },
            "sp": {
                "energy": -155.605252046462
            },
            "gtot": -155.604146618973,
            "bmw": 0.0021505931533953664
        },
        "CONF1": {
            "xtb_gsolv": {
                "gsolv": 0.0010867421680007538,
                "energy_xtb_gas": -11.552700564258,
                "energy_xtb_solv": -11.55161382209
            },
            "sp": {
                "energy": -155.61103051619
            },
            "gtot": -155.60994377402199,
            "bmw": 0.9978494068466045
        }
    },
    "settings": {
        "threshold": 4.0,
        "func": "pbe-d4",
        "basis": "def2-sv(p)",
        "prog": "orca",
        "gfnv": "gfn2",
        "run": true,
        "template": false
    },
    "nconf_in": 2,
    "nconf_out": 2
}