{
    "partname": "screening",
    "runtime": 36.82906981417909,
    "results": {
        "CONF1": {
            "gsolv": {
                "gsolv": 0.0009181438869916292,
                "energy_gas": -155.936829138473,
                "energy_solv": -155.935910994586
            },
            "gtot": -155.935910994586,
            "bmw": 0.9983961294654087
        },
        "CONF2": {
            "gsolv": {
                "gsolv": 0.000709556505000819,
                "energy_gas": -155.930545927195,
                "energy_solv": -155.92983637069
            },
            "gtot": -155.92983637069,
            "bmw": 0.0016038705345914248
        }
    },
    "settings": {
        "threshold": 3.5,
        "func": "r2scan-3c",
        "basis": "def2-tzvp",
        "prog": "orca",
        "sm": "smd",
        "gfnv": "gfn2",
        "run": true,
        "implicit": false,
        "template": false
    },
    "nconf_in": 2,
    "nconf_out": 2
}