{
    "partname": "prescreening",
    "runtime": 4.9970438508316875,
    "results": {
        "CONF1": {
            "xtb_gsolv": {
                "gsolv": 0.0018718531350003786,
                "energy_xtb_gas": -10.500827371322,
                "energy_xtb_solv": -10.498955518187
            },
            "sp": {
                "energy": -118.811332593663
            },
            "gtot": -118.809460740528,
            "bmw": 1.0
        }
    },
    "settings": {
        "threshold": 4.0,
        "func": "pbe-d4",
        "basis": "def2-sv(p)",
        "prog": "orca",
        "gfnv": "gfn2",
        "run": true,
        "template": false
    },
    "nconf_in": 1,
    "nconf_out": 1
}