{
   "temperature":     298.150000000000,
   "unit": "hartree",
   "energy":     -65.048972315844,
   "free energy":     -64.795720485251,
   "G(T)":       0.253251830592,
   "ZPVE":       0.313035164837,
   "number of imags":0,
   "point group": "c1",
   "gradient norm":       0.000039010467
}
