{
   "temperature":     298.150000000000,
   "unit": "hartree",
   "energy":     -65.049757100246,
   "free energy":     -64.796691248697,
   "G(T)":       0.253065851550,
   "ZPVE":       0.312798419951,
   "number of imags":0,
   "point group": "c1",
   "gradient norm":       0.000082155927
}
