{
    "partname": "prescreening",
    "runtime": 5.584572225343436,
    "results": {
        "CONF2": {
            "xtb_gsolv": {
                "gsolv": -0.005297988986999513,
                "energy_xtb_gas": -19.451184268635,
                "energy_xtb_solv": -19.456482257622
            },
            "sp": {
                "energy": -1457.419535102877
            },
            "gtot": -1457.424833091864,
            "bmw": 0.552314769704016
        },
        "CONF1": {
            "xtb_gsolv": {
                "gsolv": -0.003270330555000811,
                "energy_xtb_gas": -19.453626385111,
                "energy_xtb_solv": -19.456896715666
            },
            "sp": {
                "energy": -1457.421364456517
            },
            "gtot": -1457.4246347870721,
            "bmw": 0.44768523029598395
        }
    },
    "settings": {
        "threshold": 4.0,
        "func": "pbe-d4",
        "basis": "def2-sv(p)",
        "prog": "orca",
        "gfnv": "gfn2",
        "run": true,
        "template": false
    },
    "nconf_in": 2,
    "nconf_out": 2
}