{
    "partname": "screening",
    "runtime": 85.08364807907492,
    "results": {
        "CONF2": {
            "gsolv": {
                "gsolv": -0.007934745379998276,
                "energy_gas": -1458.519845987696,
                "energy_solv": -1458.527780733076
            },
            "gtot": -1458.527780733076,
            "bmw": 0.37404192966606215
        },
        "CONF1": {
            "gsolv": {
                "gsolv": -0.005424986235993856,
                "energy_gas": -1458.522841921696,
                "energy_solv": -1458.528266907932
            },
            "gtot": -1458.528266907932,
            "bmw": 0.6259580703339378
        }
    },
    "settings": {
        "threshold": 3.5,
        "func": "r2scan-3c",
        "basis": "def2-tzvp",
        "prog": "orca",
        "sm": "smd",
        "gfnv": "gfn2",
        "run": true,
        "implicit": false,
        "template": false
    },
    "nconf_in": 2,
    "nconf_out": 2
}