{
    "partname": "refinement",
    "runtime": 184.92779076006263,
    "results": {
        "CONF1": {
            "gsolv": {
                "gsolv": -0.005488262378094078,
                "energy_gas": -1458.456072986119,
                "energy_solv": -1458.461561248497
            },
            "gtot": -1458.461561248497,
            "bmw": 0.4510767213108908
        },
        "CONF2": {
            "gsolv": {
                "gsolv": -0.00782843254000909,
                "energy_gas": -1458.453918179295,
                "energy_solv": -1458.461746611835
            },
            "gtot": -1458.461746611835,
            "bmw": 0.5489232786891092
        }
    },
    "settings": {
        "threshold": 0.95,
        "func": "wb97x-v",
        "basis": "def2-tzvp",
        "prog": "orca",
        "sm": "smd",
        "gfnv": "gfn2",
        "run": true,
        "implicit": false,
        "template": false
    },
    "nconf_in": 2,
    "nconf_out": 2
}