{
   "temperature":     298.150000000000,
   "unit": "hartree",
   "energy":     -64.696676207225,
   "free energy":     -64.464315345368,
   "G(T)":       0.232360861857,
   "ZPVE":       0.288617161625,
   "number of imags":0,
   "point group": "c1",
   "gradient norm":       0.000162692298
}
