{
   "temperature":     298.150000000000,
   "unit": "hartree",
   "energy":     -65.062975646384,
   "free energy":     -64.809653582780,
   "G(T)":       0.253322063604,
   "ZPVE":       0.312727463061,
   "number of imags":0,
   "point group": "c1",
   "gradient norm":       0.000098439680
}
