{
   "temperature":     298.150000000000,
   "unit": "hartree",
   "energy":     -22.636321303586,
   "free energy":     -22.556706163888,
   "G(T)":       0.079615139698,
   "ZPVE":       0.114576458558,
   "number of imags":0,
   "point group": "cs",
   "gradient norm":       0.000040941540
}
