{
   "temperature":     298.150000000000,
   "unit": "hartree",
   "energy":     -65.051952438201,
   "free energy":     -64.798552126469,
   "G(T)":       0.253400311732,
   "ZPVE":       0.312876370631,
   "number of imags":0,
   "point group": "c1",
   "gradient norm":       0.000138337024
}
