{
    "partname": "prescreening",
    "runtime": 6.032876719720662,
    "results": {
        "CONF1": {
            "xtb_gsolv": {
                "gsolv": -0.007218652929001479,
                "energy_xtb_gas": -17.788930910599,
                "energy_xtb_solv": -17.796149563528
            },
            "sp": {
                "energy": -283.756785443009
            },
            "gtot": -283.764004095938,
            "bmw": 0.5903866380187452
        },
        "CONF2": {
            "xtb_gsolv": {
                "gsolv": -0.006556265122000582,
                "energy_xtb_gas": -17.788857030199,
                "energy_xtb_solv": -17.795413295321
            },
            "sp": {
                "energy": -283.755725439772
            },
            "gtot": -283.762281704894,
            "bmw": 0.09525581109686908
        },
        "CONF4": {
            "xtb_gsolv": {
                "gsolv": -0.006460541657002494,
                "energy_xtb_gas": -17.788831580984,
                "energy_xtb_solv": -17.795292122641
            },
            "sp": {
                "energy": -283.756338111243
            },
            "gtot": -283.7627986529,
            "bmw": 0.16469146880009078
        },
        "CONF3": {
            "xtb_gsolv": {
                "gsolv": -0.006448868894999293,
                "energy_xtb_gas": -17.788841000403,
                "energy_xtb_solv": -17.795289869298
            },
            "sp": {
                "energy": -283.756259456638
            },
            "gtot": -283.762708325533,
            "bmw": 0.14966608208429488
        }
    },
    "settings": {
        "threshold": 4.0,
        "func": "pbe-d4",
        "basis": "def2-sv(p)",
        "prog": "orca",
        "gfnv": "gfn2",
        "run": true,
        "template": false
    },
    "nconf_in": 4,
    "nconf_out": 4
}