{
    "partname": "screening",
    "runtime": 40.27658181358129,
    "results": {
        "CONF3": {
            "gsolv": {
                "gsolv": -0.00548402937300807,
                "energy_gas": -284.280772607318,
                "energy_solv": -284.286256636691
            },
            "gtot": -284.286256636691,
            "bmw": 0.1389355168311471
        },
        "CONF2": {
            "gsolv": {
                "gsolv": -0.005474396067995713,
                "energy_gas": -284.280866415957,
                "energy_solv": -284.286340812025
            },
            "gtot": -284.286340812025,
            "bmw": 0.15189072480137306
        },
        "CONF4": {
            "gsolv": {
                "gsolv": -0.005518215749987121,
                "energy_gas": -284.280742689721,
                "energy_solv": -284.286260905471
            },
            "gtot": -284.286260905471,
            "bmw": 0.1395650848160526
        },
        "CONF1": {
            "gsolv": {
                "gsolv": -0.006398272826004359,
                "energy_gas": -284.281190550232,
                "energy_solv": -284.287588823058
            },
            "gtot": -284.287588823058,
            "bmw": 0.5696086735514272
        }
    },
    "settings": {
        "threshold": 3.5,
        "func": "r2scan-3c",
        "basis": "def2-tzvp",
        "prog": "orca",
        "sm": "smd",
        "gfnv": "gfn2",
        "run": true,
        "implicit": false,
        "template": false
    },
    "nconf_in": 4,
    "nconf_out": 4
}