{
    "partname": "refinement",
    "runtime": 113.36192755308002,
    "results": {
        "CONF2": {
            "gsolv": {
                "gsolv": -0.006444345970976428,
                "energy_gas": -284.34995746734,
                "energy_solv": -284.356401813311
            },
            "gtot": -284.356401813311,
            "bmw": 0.09502456767998063
        },
        "CONF4": {
            "gsolv": {
                "gsolv": -0.0073790575980297035,
                "energy_gas": -284.350090632789,
                "energy_solv": -284.357469690387
            },
            "gtot": -284.357469690387,
            "bmw": 0.2944593552694453
        },
        "CONF3": {
            "gsolv": {
                "gsolv": -0.007396955117030757,
                "energy_gas": -284.350103446154,
                "energy_solv": -284.357500401271
            },
            "gtot": -284.357500401271,
            "bmw": 0.3041945197261017
        },
        "CONF1": {
            "gsolv": {
                "gsolv": -0.007401400062008179,
                "energy_gas": -284.350105580307,
                "energy_solv": -284.357506980369
            },
            "gtot": -284.357506980369,
            "bmw": 0.30632155732447247
        }
    },
    "settings": {
        "threshold": 0.95,
        "func": "wb97x-v",
        "basis": "def2-tzvp",
        "prog": "orca",
        "sm": "smd",
        "gfnv": "gfn2",
        "run": true,
        "implicit": false,
        "template": false
    },
    "nconf_in": 4,
    "nconf_out": 4
}