{
   "temperature":     298.150000000000,
   "unit": "hartree",
   "energy":     -65.039372665284,
   "free energy":     -64.786473487420,
   "G(T)":       0.252899177864,
   "ZPVE":       0.313250076526,
   "number of imags":0,
   "point group": "c1",
   "gradient norm":       0.000053354762
}
