{
   "temperature":     298.150000000000,
   "unit": "hartree",
   "energy":     -65.059756762653,
   "free energy":     -64.806287243300,
   "G(T)":       0.253469519354,
   "ZPVE":       0.312620692781,
   "number of imags":0,
   "point group": "c1",
   "gradient norm":       0.000082047442
}
