{
   "temperature":     298.150000000000,
   "unit": "hartree",
   "energy":     -65.043674811778,
   "free energy":     -64.790708683444,
   "G(T)":       0.252966128334,
   "ZPVE":       0.313099518131,
   "number of imags":0,
   "point group": "c1",
   "gradient norm":       0.000069550036
}
