{
   "temperature":     298.150000000000,
   "unit": "hartree",
   "energy":     -65.033425630574,
   "free energy":     -64.781646466697,
   "G(T)":       0.251779163878,
   "ZPVE":       0.313173114588,
   "number of imags":0,
   "point group": "c1",
   "gradient norm":       0.000061199420
}
