{
   "temperature":     298.150000000000,
   "unit": "hartree",
   "energy":     -65.055670606162,
   "free energy":     -64.802605556711,
   "G(T)":       0.253065049451,
   "ZPVE":       0.312762325282,
   "number of imags":0,
   "point group": "c1",
   "gradient norm":       0.000076995100
}
