{
   "temperature":     298.150000000000,
   "unit": "hartree",
   "energy":     -19.458296451712,
   "free energy":     -19.444222596829,
   "G(T)":       0.014073854883,
   "ZPVE":       0.045627376288,
   "number of imags":0,
   "point group": "cs",
   "gradient norm":       0.000076312078
}
