{
    "partname": "prescreening",
    "runtime": 14.786360890138894,
    "results": {
        "CONF2": {
            "xtb_gsolv": {
                "gsolv": -0.0035114563359996964,
                "energy_xtb_gas": -47.577331742013,
                "energy_xtb_solv": -47.580843198349
            },
            "sp": {
                "energy": -904.634964110546
            },
            "gtot": -904.638475566882,
            "bmw": 0.3649551425003256
        },
        "CONF3": {
            "xtb_gsolv": {
                "gsolv": -0.0033987199800051826,
                "energy_xtb_gas": -47.577351612886,
                "energy_xtb_solv": -47.580750332866
            },
            "sp": {
                "energy": -904.63489124052
            },
            "gtot": -904.6382899605001,
            "bmw": 0.29982404668463264
        },
        "CONF1": {
            "xtb_gsolv": {
                "gsolv": -0.003629167138996081,
                "energy_xtb_gas": -47.577281852414,
                "energy_xtb_solv": -47.580911019553
            },
            "sp": {
                "energy": -904.634766158286
            },
            "gtot": -904.638395325425,
            "bmw": 0.33522081081504174
        }
    },
    "settings": {
        "threshold": 4.0,
        "func": "pbe-d4",
        "basis": "def2-sv(p)",
        "prog": "orca",
        "gfnv": "gfn2",
        "run": true,
        "template": false
    },
    "nconf_in": 3,
    "nconf_out": 3
}