{
    "partname": "screening",
    "runtime": 88.46736645093188,
    "results": {
        "CONF3": {
            "gsolv": {
                "gsolv": 0.0009218763169656086,
                "energy_gas": -906.280670811503,
                "energy_solv": -906.279748935186
            },
            "gtot": -906.279748935186,
            "bmw": 0.36151743180691576
        },
        "CONF2": {
            "gsolv": {
                "gsolv": 0.0009573728250416025,
                "energy_gas": -906.280612622274,
                "energy_solv": -906.279655249449
            },
            "gtot": -906.279655249449,
            "bmw": 0.32736842350336964
        },
        "CONF1": {
            "gsolv": {
                "gsolv": 0.0009047226890288584,
                "energy_gas": -906.280511888309,
                "energy_solv": -906.27960716562
            },
            "gtot": -906.27960716562,
            "bmw": 0.3111141446897146
        }
    },
    "settings": {
        "threshold": 3.5,
        "func": "r2scan-3c",
        "basis": "def2-tzvp",
        "prog": "orca",
        "sm": "smd",
        "gfnv": "gfn2",
        "run": true,
        "implicit": false,
        "template": false
    },
    "nconf_in": 3,
    "nconf_out": 3
}