{
    "partname": "refinement",
    "runtime": 593.3966574720107,
    "results": {
        "CONF1": {
            "gsolv": {
                "gsolv": 0.000567823131973455,
                "energy_gas": -906.429611443503,
                "energy_solv": -906.429043620371
            },
            "gtot": -906.429043620371,
            "bmw": 0.3017095529090273
        },
        "CONF3": {
            "gsolv": {
                "gsolv": 0.0005833973739299836,
                "energy_gas": -906.429750718516,
                "energy_solv": -906.429167321142
            },
            "gtot": -906.429167321142,
            "bmw": 0.3439437938469645
        },
        "CONF2": {
            "gsolv": {
                "gsolv": 0.00062811295595111,
                "energy_gas": -906.429823568345,
                "energy_solv": -906.429195455389
            },
            "gtot": -906.429195455389,
            "bmw": 0.3543466532440082
        }
    },
    "settings": {
        "threshold": 0.95,
        "func": "wb97x-v",
        "basis": "def2-tzvp",
        "prog": "orca",
        "sm": "smd",
        "gfnv": "gfn2",
        "run": true,
        "implicit": false,
        "template": false
    },
    "nconf_in": 3,
    "nconf_out": 3
}