{
   "temperature":     298.150000000000,
   "unit": "hartree",
   "energy":     -65.025966733268,
   "free energy":     -64.777080131010,
   "G(T)":       0.248886602258,
   "ZPVE":       0.312967514237,
   "number of imags":0,
   "point group": "c2",
   "gradient norm":       0.000119959309
}
