{
   "temperature":     298.150000000000,
   "unit": "hartree",
   "energy":     -64.707591459848,
   "free energy":     -64.474944577435,
   "G(T)":       0.232646882413,
   "ZPVE":       0.288472648289,
   "number of imags":0,
   "point group": "c1",
   "gradient norm":       0.000083925737
}
