{
   "temperature":     298.150000000000,
   "unit": "hartree",
   "energy":     -65.038629102735,
   "free energy":     -64.785540030855,
   "G(T)":       0.253089071880,
   "ZPVE":       0.313189080222,
   "number of imags":0,
   "point group": "c1",
   "gradient norm":       0.000022447936
}
