{
    "partname": "prescreening",
    "runtime": 11.696287440136075,
    "results": {
        "CONF2": {
            "xtb_gsolv": {
                "gsolv": -0.00584272790500151,
                "energy_xtb_gas": -29.548532945734,
                "energy_xtb_solv": -29.554375673639
            },
            "sp": {
                "energy": -460.13226850057
            },
            "gtot": -460.138111228475,
            "bmw": 0.27996579079496886
        },
        "CONF1": {
            "xtb_gsolv": {
                "gsolv": -0.005750646271000193,
                "energy_xtb_gas": -29.549210475628,
                "energy_xtb_solv": -29.554961121899
            },
            "sp": {
                "energy": -460.13325248777
            },
            "gtot": -460.139003134041,
            "bmw": 0.7200342092050311
        }
    },
    "settings": {
        "threshold": 4.0,
        "func": "pbe-d4",
        "basis": "def2-sv(p)",
        "prog": "orca",
        "gfnv": "gfn2",
        "run": true,
        "template": false
    },
    "nconf_in": 2,
    "nconf_out": 2
}