{
    "partname": "screening",
    "runtime": 73.58767215628177,
    "results": {
        "CONF1": {
            "gsolv": {
                "gsolv": -0.010669501194968234,
                "energy_gas": -461.005237493757,
                "energy_solv": -461.015906994952
            },
            "gtot": -461.015906994952,
            "bmw": 0.5719370120311069
        },
        "CONF2": {
            "gsolv": {
                "gsolv": -0.011140036000995224,
                "energy_gas": -461.004493373659,
                "energy_solv": -461.01563340966
            },
            "gtot": -461.01563340966,
            "bmw": 0.4280629879688931
        }
    },
    "settings": {
        "threshold": 3.5,
        "func": "r2scan-3c",
        "basis": "def2-tzvp",
        "prog": "orca",
        "sm": "smd",
        "gfnv": "gfn2",
        "run": true,
        "implicit": false,
        "template": false
    },
    "nconf_in": 2,
    "nconf_out": 2
}