{
    "partname": "refinement",
    "runtime": 580.0581714976579,
    "results": {
        "CONF1": {
            "gsolv": {
                "gsolv": -0.01089643212901592,
                "energy_gas": -461.136087346515,
                "energy_solv": -461.146983778644
            },
            "gtot": -461.146983778644,
            "bmw": 0.6075291309976029
        },
        "CONF2": {
            "gsolv": {
                "gsolv": -0.011553057448963955,
                "energy_gas": -461.135018171596,
                "energy_solv": -461.146571229045
            },
            "gtot": -461.146571229045,
            "bmw": 0.3924708690023971
        }
    },
    "settings": {
        "threshold": 0.95,
        "func": "wb97x-v",
        "basis": "def2-tzvp",
        "prog": "orca",
        "sm": "smd",
        "gfnv": "gfn2",
        "run": true,
        "implicit": false,
        "template": false
    },
    "nconf_in": 2,
    "nconf_out": 2
}