{
   "temperature":     298.150000000000,
   "unit": "hartree",
   "energy":     -23.493600375347,
   "free energy":     -23.490771218414,
   "G(T)":       0.002829156934,
   "ZPVE":       0.035905481518,
   "number of imags":0,
   "point group": "c2",
   "gradient norm":       0.000018349200
}
