{
   "temperature":     298.150000000000,
   "unit": "hartree",
   "energy":     -11.399130731011,
   "free energy":     -11.347182998171,
   "G(T)":       0.051947732840,
   "ZPVE":       0.077463641187,
   "number of imags":0,
   "point group": "cs",
   "gradient norm":       0.000022465281
}
