{
   "temperature":     298.150000000000,
   "unit": "hartree",
   "energy":     -25.390542583681,
   "free energy":     -25.244856848933,
   "G(T)":       0.145685734747,
   "ZPVE":       0.179970424082,
   "number of imags":0,
   "point group": "cs",
   "gradient norm":       0.000067453567
}
