{
   "temperature":     298.150000000000,
   "unit": "hartree",
   "energy":      -7.176908913952,
   "free energy":      -7.172378851384,
   "G(T)":       0.004530062568,
   "ZPVE":       0.025516628507,
   "number of imags":0,
   "point group": "c2v",
   "gradient norm":       0.000098441873
}
