{
   "temperature":     298.150000000000,
   "unit": "hartree",
   "energy":     -36.102529280797,
   "free energy":     -35.926837111403,
   "G(T)":       0.175692169394,
   "ZPVE":       0.210961987164,
   "number of imags":0,
   "point group": "c2v",
   "gradient norm":       0.000032377591
}
