{
   "temperature":     298.150000000000,
   "unit": "hartree",
   "energy":     -65.035674900251,
   "free energy":     -64.783218118235,
   "G(T)":       0.252456782016,
   "ZPVE":       0.313311671522,
   "number of imags":0,
   "point group": "c1",
   "gradient norm":       0.000082780602
}
