{
   "temperature":     298.150000000000,
   "unit": "hartree",
   "energy":     -65.048732827496,
   "free energy":     -64.795831579402,
   "G(T)":       0.252901248094,
   "ZPVE":       0.312805951445,
   "number of imags":0,
   "point group": "c1",
   "gradient norm":       0.000050737851
}
