{
   "temperature":     298.150000000000,
   "unit": "hartree",
   "energy":     -13.502859103778,
   "free energy":     -13.448912163208,
   "G(T)":       0.053946940570,
   "ZPVE":       0.081543694195,
   "number of imags":0,
   "point group": "c1",
   "gradient norm":       0.000045489165
}
