{
   "temperature":     298.150000000000,
   "unit": "hartree",
   "energy":     -65.056996643722,
   "free energy":     -64.803930535801,
   "G(T)":       0.253066107921,
   "ZPVE":       0.312623561385,
   "number of imags":0,
   "point group": "c1",
   "gradient norm":       0.000136946366
}
