{
    "partname": "prescreening",
    "runtime": 7.4771915059536695,
    "results": {
        "CONF1": {
            "xtb_gsolv": {
                "gsolv": -0.005355084699999679,
                "energy_xtb_gas": -23.124333531116,
                "energy_xtb_solv": -23.129688615816
            },
            "sp": {
                "energy": -346.022253176436
            },
            "gtot": -346.027608261136,
            "bmw": 1.0
        }
    },
    "settings": {
        "threshold": 4.0,
        "func": "pbe-d4",
        "basis": "def2-sv(p)",
        "prog": "orca",
        "gfnv": "gfn2",
        "run": true,
        "template": false
    },
    "nconf_in": 1,
    "nconf_out": 1
}