{
   "temperature":     298.150000000000,
   "unit": "hartree",
   "energy":     -65.045148443514,
   "free energy":     -64.792735507932,
   "G(T)":       0.252412935582,
   "ZPVE":       0.312926918136,
   "number of imags":0,
   "point group": "c1",
   "gradient norm":       0.000056654630
}
