{
    "partname": "prescreening",
    "runtime": 11.28100220579654,
    "results": {
        "CONF1": {
            "xtb_gsolv": {
                "gsolv": -0.0017490875220005364,
                "energy_xtb_gas": -22.670074748994,
                "energy_xtb_solv": -22.671823836516
            },
            "sp": {
                "energy": -306.503583981442
            },
            "gtot": -306.505333068964,
            "bmw": 0.2556534813581878
        },
        "CONF4": {
            "xtb_gsolv": {
                "gsolv": -0.0016978710729986801,
                "energy_xtb_gas": -22.66624565263,
                "energy_xtb_solv": -22.667943523703
            },
            "sp": {
                "energy": -306.498720097326
            },
            "gtot": -306.500417968399,
            "bmw": 0.0014023678443357752
        },
        "CONF6": {
            "xtb_gsolv": {
                "gsolv": -0.0016183235370021976,
                "energy_xtb_gas": -22.663370277766,
                "energy_xtb_solv": -22.664988601303
            },
            "sp": {
                "energy": -306.493948247193
            },
            "gtot": -306.49556657073,
            "bmw": 8.229500629969812e-06
        },
        "CONF5": {
            "xtb_gsolv": {
                "gsolv": -0.0018404625129981866,
                "energy_xtb_gas": -22.664708490917,
                "energy_xtb_solv": -22.66654895343
            },
            "sp": {
                "energy": -306.49123489491
            },
            "gtot": -306.493075357423,
            "bmw": 5.881589097184562e-07
        },
        "CONF2": {
            "xtb_gsolv": {
                "gsolv": -0.001908212164000389,
                "energy_xtb_gas": -22.668163807143,
                "energy_xtb_solv": -22.670072019307
            },
            "sp": {
                "energy": -306.496636071696
            },
            "gtot": -306.49854428386,
            "bmw": 0.00019276434815293197
        },
        "CONF7": {
            "xtb_gsolv": {
                "gsolv": -0.0016017152180012317,
                "energy_xtb_gas": -22.663280436586,
                "energy_xtb_solv": -22.664882151804
            },
            "sp": {
                "energy": -306.493817505925
            },
            "gtot": -306.495419221143,
            "bmw": 7.040400487211051e-06
        },
        "CONF3": {
            "xtb_gsolv": {
                "gsolv": -0.001643126234000647,
                "energy_xtb_gas": -22.667974641803,
                "energy_xtb_solv": -22.669617768037
            },
            "sp": {
                "energy": -306.504696930881
            },
            "gtot": -306.506340057115,
            "bmw": 0.7427355283892968
        }
    },
    "settings": {
        "threshold": 4.0,
        "func": "pbe-d4",
        "basis": "def2-sv(p)",
        "prog": "orca",
        "gfnv": "gfn2",
        "run": true,
        "template": false
    },
    "nconf_in": 7,
    "nconf_out": 3
}