{
    "partname": "screening",
    "runtime": 63.397978278808296,
    "results": {
        "CONF3": {
            "gsolv": {
                "gsolv": -0.012816056666963505,
                "energy_gas": -307.137395739084,
                "energy_solv": -307.150211795751
            },
            "gtot": -307.150211795751,
            "bmw": 0.3273273704811881
        },
        "CONF1": {
            "gsolv": {
                "gsolv": -0.013853741304956202,
                "energy_gas": -307.137036040327,
                "energy_solv": -307.150889781632
            },
            "gtot": -307.150889781632,
            "bmw": 0.6711726336589474
        },
        "CONF4": {
            "gsolv": {
                "gsolv": -0.013046432113981155,
                "energy_gas": -307.132080463286,
                "energy_solv": -307.1451268954
            },
            "gtot": -307.1451268954,
            "bmw": 0.0014999958598644987
        }
    },
    "settings": {
        "threshold": 3.5,
        "func": "r2scan-3c",
        "basis": "def2-tzvp",
        "prog": "orca",
        "sm": "smd",
        "gfnv": "gfn2",
        "run": true,
        "implicit": false,
        "template": false
    },
    "nconf_in": 3,
    "nconf_out": 3
}