{
    "partname": "refinement",
    "runtime": 315.16242870967835,
    "results": {
        "CONF1": {
            "gsolv": {
                "gsolv": -0.016529559839000285,
                "energy_gas": -307.255452074754,
                "energy_solv": -307.271981634593
            },
            "gtot": -307.271981634593,
            "bmw": 0.6518039966722311
        },
        "CONF3": {
            "gsolv": {
                "gsolv": -0.015130971635983315,
                "energy_gas": -307.25625463565,
                "energy_solv": -307.271385607286
            },
            "gtot": -307.271385607286,
            "bmw": 0.34670765854154556
        },
        "CONF4": {
            "gsolv": {
                "gsolv": -0.01594010692900838,
                "energy_gas": -307.250298926991,
                "energy_solv": -307.26623903392
            },
            "gtot": -307.26623903392,
            "bmw": 0.0014883447862231874
        }
    },
    "settings": {
        "threshold": 0.95,
        "func": "wb97x-v",
        "basis": "def2-tzvp",
        "prog": "orca",
        "sm": "smd",
        "gfnv": "gfn2",
        "run": true,
        "implicit": false,
        "template": false
    },
    "nconf_in": 3,
    "nconf_out": 3
}