{
   "temperature":     298.150000000000,
   "unit": "hartree",
   "energy":     -27.123900802667,
   "free energy":     -26.990077197819,
   "G(T)":       0.133823604848,
   "ZPVE":       0.170250340383,
   "number of imags":0,
   "point group": "cs",
   "gradient norm":       0.000029788579
}
