{
    "partname": "prescreening",
    "runtime": 13.313166609965265,
    "results": {
        "CONF5": {
            "xtb_gsolv": {
                "gsolv": -0.005395438206001302,
                "energy_xtb_gas": -26.290527141747,
                "energy_xtb_solv": -26.295922579953
            },
            "sp": {
                "energy": -385.237236949721
            },
            "gtot": -385.242632387927,
            "bmw": 0.03193092175712593
        },
        "CONF7": {
            "xtb_gsolv": {
                "gsolv": -0.004425271764997518,
                "energy_xtb_gas": -26.289129593872,
                "energy_xtb_solv": -26.293554865637
            },
            "sp": {
                "energy": -385.235673050178
            },
            "gtot": -385.240098321943,
            "bmw": 0.002180829865776821
        },
        "CONF3": {
            "xtb_gsolv": {
                "gsolv": -0.00538412814000111,
                "energy_xtb_gas": -26.292165643965,
                "energy_xtb_solv": -26.297549772105
            },
            "sp": {
                "energy": -385.237479615871
            },
            "gtot": -385.242863744011,
            "bmw": 0.04079696801358643
        },
        "CONF4": {
            "xtb_gsolv": {
                "gsolv": -0.004281768832001376,
                "energy_xtb_gas": -26.29182217068,
                "energy_xtb_solv": -26.296103939512
            },
            "sp": {
                "energy": -385.238355864365
            },
            "gtot": -385.24263763319703,
            "bmw": 0.0321088027937469
        },
        "CONF1": {
            "xtb_gsolv": {
                "gsolv": -0.0054113126519972354,
                "energy_xtb_gas": -26.293925150056,
                "energy_xtb_solv": -26.299336462708
            },
            "sp": {
                "energy": -385.239879746422
            },
            "gtot": -385.24529105907396,
            "bmw": 0.5334767942039065
        },
        "CONF8": {
            "xtb_gsolv": {
                "gsolv": -0.00445257866999782,
                "energy_xtb_gas": -26.289005780397,
                "energy_xtb_solv": -26.293458359067
            },
            "sp": {
                "energy": -385.235123364348
            },
            "gtot": -385.239575943018,
            "bmw": 0.0012541344935530214
        },
        "CONF2": {
            "xtb_gsolv": {
                "gsolv": -0.005427574746999397,
                "energy_xtb_gas": -26.292634999547,
                "energy_xtb_solv": -26.298062574294
            },
            "sp": {
                "energy": -385.239428944968
            },
            "gtot": -385.244856519715,
            "bmw": 0.33669856315066043
        },
        "CONF6": {
            "xtb_gsolv": {
                "gsolv": -0.004479912152000054,
                "energy_xtb_gas": -26.291170299806,
                "energy_xtb_solv": -26.295650211958
            },
            "sp": {
                "energy": -385.237781354404
            },
            "gtot": -385.242261266556,
            "bmw": 0.02155298572164404
        }
    },
    "settings": {
        "threshold": 4.0,
        "func": "pbe-d4",
        "basis": "def2-sv(p)",
        "prog": "orca",
        "gfnv": "gfn2",
        "run": true,
        "template": false
    },
    "nconf_in": 8,
    "nconf_out": 8
}