{
    "partname": "screening",
    "runtime": 59.4819267001003,
    "results": {
        "CONF1": {
            "gsolv": {
                "gsolv": -0.007890239278992794,
                "energy_gas": -386.004655303638,
                "energy_solv": -386.012545542917
            },
            "gtot": -386.012545542917,
            "bmw": 0.29608281341666515
        },
        "CONF5": {
            "gsolv": {
                "gsolv": -0.007967171406050966,
                "energy_gas": -386.001845131213,
                "energy_solv": -386.009812302619
            },
            "gtot": -386.009812302619,
            "bmw": 0.016376070015237533
        },
        "CONF3": {
            "gsolv": {
                "gsolv": -0.007634477344026891,
                "energy_gas": -386.002471168914,
                "energy_solv": -386.010105646258
            },
            "gtot": -386.010105646258,
            "bmw": 0.022342842316484025
        },
        "CONF2": {
            "gsolv": {
                "gsolv": -0.008096517916953871,
                "energy_gas": -386.004547888195,
                "energy_solv": -386.012644406112
            },
            "gtot": -386.012644406112,
            "bmw": 0.3287661688326761
        },
        "CONF4": {
            "gsolv": {
                "gsolv": -0.008439166300945544,
                "energy_gas": -386.003873157882,
                "energy_solv": -386.012312324183
            },
            "gtot": -386.012312324183,
            "bmw": 0.2312810267732744
        },
        "CONF6": {
            "gsolv": {
                "gsolv": -0.008834802341993964,
                "energy_gas": -386.002621214864,
                "energy_solv": -386.011456017206
            },
            "gtot": -386.011456017206,
            "bmw": 0.09338262150675591
        },
        "CONF8": {
            "gsolv": {
                "gsolv": -0.00864285200299264,
                "energy_gas": -386.000114474876,
                "energy_solv": -386.008757326879
            },
            "gtot": -386.008757326879,
            "bmw": 0.005357404471614547
        },
        "CONF7": {
            "gsolv": {
                "gsolv": -0.008368923334046485,
                "energy_gas": -386.00055792595,
                "energy_solv": -386.008926849284
            },
            "gtot": -386.008926849284,
            "bmw": 0.0064110526672925
        }
    },
    "settings": {
        "threshold": 3.5,
        "func": "r2scan-3c",
        "basis": "def2-tzvp",
        "prog": "orca",
        "sm": "smd",
        "gfnv": "gfn2",
        "run": true,
        "implicit": false,
        "template": false
    },
    "nconf_in": 8,
    "nconf_out": 8
}