{
    "partname": "refinement",
    "runtime": 321.9996664780192,
    "results": {
        "CONF2": {
            "gsolv": {
                "gsolv": -0.008352312166039155,
                "energy_gas": -386.121751587538,
                "energy_solv": -386.130103899704
            },
            "gtot": -386.130103899704,
            "bmw": 0.3108908034563944
        },
        "CONF7": {
            "gsolv": {
                "gsolv": -0.008634672341031546,
                "energy_gas": -386.120801035705,
                "energy_solv": -386.129435708046
            },
            "gtot": -386.129435708046,
            "bmw": 0.15320078385682265
        },
        "CONF1": {
            "gsolv": {
                "gsolv": -0.0081238754640367,
                "energy_gas": -386.121930258575,
                "energy_solv": -386.130054134039
            },
            "gtot": -386.130054134039,
            "bmw": 0.2949288475992195
        },
        "CONF4": {
            "gsolv": {
                "gsolv": -0.008663898756992694,
                "energy_gas": -386.120795986115,
                "energy_solv": -386.129459884872
            },
            "gtot": -386.129459884872,
            "bmw": 0.15717430823010053
        },
        "CONF5": {
            "gsolv": {
                "gsolv": -0.008225952415955362,
                "energy_gas": -386.119207132465,
                "energy_solv": -386.127433084881
            },
            "gtot": -386.127433084881,
            "bmw": 0.018370378045257593
        },
        "CONF6": {
            "gsolv": {
                "gsolv": -0.00905043081996837,
                "energy_gas": -386.119582065794,
                "energy_solv": -386.128632496614
            },
            "gtot": -386.128632496614,
            "bmw": 0.06543487881220526
        }
    },
    "settings": {
        "threshold": 0.95,
        "func": "wb97x-v",
        "basis": "def2-tzvp",
        "prog": "orca",
        "sm": "smd",
        "gfnv": "gfn2",
        "run": true,
        "implicit": false,
        "template": false
    },
    "nconf_in": 6,
    "nconf_out": 6
}