{
   "temperature":     298.150000000000,
   "unit": "hartree",
   "energy":     -64.701660249202,
   "free energy":     -64.469057834168,
   "G(T)":       0.232602415034,
   "ZPVE":       0.288489379038,
   "number of imags":0,
   "point group": "c1",
   "gradient norm":       0.000109269669
}
