{
    "partname": "prescreening",
    "runtime": 14.656484112143517,
    "results": {
        "CONF3": {
            "xtb_gsolv": {
                "gsolv": -0.004268049046000755,
                "energy_xtb_gas": -26.29099928353,
                "energy_xtb_solv": -26.295267332576
            },
            "sp": {
                "energy": -385.238754600306
            },
            "gtot": -385.243022649352,
            "bmw": 0.057295893781912396
        },
        "CONF2": {
            "xtb_gsolv": {
                "gsolv": -0.004125289465001458,
                "energy_xtb_gas": -26.292801284571,
                "energy_xtb_solv": -26.296926574036
            },
            "sp": {
                "energy": -385.239532184944
            },
            "gtot": -385.24365747440896,
            "bmw": 0.11223357900681258
        },
        "CONF1": {
            "xtb_gsolv": {
                "gsolv": -0.0041597043979990644,
                "energy_xtb_gas": -26.293302090548,
                "energy_xtb_solv": -26.297461794946
            },
            "sp": {
                "energy": -385.241380378614
            },
            "gtot": -385.245540083012,
            "bmw": 0.8242573501984568
        },
        "CONF4": {
            "xtb_gsolv": {
                "gsolv": -0.004242195118997927,
                "energy_xtb_gas": -26.290319705493,
                "energy_xtb_solv": -26.294561900612
            },
            "sp": {
                "energy": -385.236682896501
            },
            "gtot": -385.24092509162,
            "bmw": 0.006213177012818234
        }
    },
    "settings": {
        "threshold": 4.0,
        "func": "pbe-d4",
        "basis": "def2-sv(p)",
        "prog": "orca",
        "gfnv": "gfn2",
        "run": true,
        "template": false
    },
    "nconf_in": 4,
    "nconf_out": 4
}