{
    "partname": "screening",
    "runtime": 76.94749538227916,
    "results": {
        "CONF4": {
            "gsolv": {
                "gsolv": -0.007352190287008398,
                "energy_gas": -386.001210858461,
                "energy_solv": -386.008563048748
            },
            "gtot": -386.008563048748,
            "bmw": 0.0022792126596039588
        },
        "CONF1": {
            "gsolv": {
                "gsolv": -0.007744112148031945,
                "energy_gas": -386.006446916751,
                "energy_solv": -386.014191028899
            },
            "gtot": -386.014191028899,
            "bmw": 0.8840493852424827
        },
        "CONF2": {
            "gsolv": {
                "gsolv": -0.007306486133984436,
                "energy_gas": -386.004584898656,
                "energy_solv": -386.01189138479
            },
            "gtot": -386.01189138479,
            "bmw": 0.07739509819630364
        },
        "CONF3": {
            "gsolv": {
                "gsolv": -0.007787497614970107,
                "energy_gas": -386.003388423688,
                "energy_solv": -386.011175921303
            },
            "gtot": -386.011175921303,
            "bmw": 0.03627630390160967
        }
    },
    "settings": {
        "threshold": 3.5,
        "func": "r2scan-3c",
        "basis": "def2-tzvp",
        "prog": "orca",
        "sm": "smd",
        "gfnv": "gfn2",
        "run": true,
        "implicit": false,
        "template": false
    },
    "nconf_in": 4,
    "nconf_out": 4
}