{
    "partname": "refinement",
    "runtime": 400.8088682163507,
    "results": {
        "CONF1": {
            "gsolv": {
                "gsolv": -0.007918246496956272,
                "energy_gas": -386.123375796506,
                "energy_solv": -386.131294043003
            },
            "gtot": -386.131294043003,
            "bmw": 0.49723642027265935
        },
        "CONF2": {
            "gsolv": {
                "gsolv": -0.007921803913006897,
                "energy_gas": -386.123382676505,
                "energy_solv": -386.131304480418
            },
            "gtot": -386.131304480418,
            "bmw": 0.5027635797273405
        }
    },
    "settings": {
        "threshold": 0.95,
        "func": "wb97x-v",
        "basis": "def2-tzvp",
        "prog": "orca",
        "sm": "smd",
        "gfnv": "gfn2",
        "run": true,
        "implicit": false,
        "template": false
    },
    "nconf_in": 2,
    "nconf_out": 2
}