{
   "temperature":     298.150000000000,
   "unit": "hartree",
   "energy":     -65.050903640345,
   "free energy":     -64.797858992730,
   "G(T)":       0.253044647614,
   "ZPVE":       0.312887783095,
   "number of imags":0,
   "point group": "c1",
   "gradient norm":       0.000043031780
}
