{
   "temperature":     298.150000000000,
   "unit": "hartree",
   "energy":     -65.054835801687,
   "free energy":     -64.801678150107,
   "G(T)":       0.253157651580,
   "ZPVE":       0.312814647601,
   "number of imags":0,
   "point group": "c1",
   "gradient norm":       0.000052726215
}
