{
   "temperature":     298.150000000000,
   "unit": "hartree",
   "energy":     -26.301865140139,
   "free energy":     -26.181720427035,
   "G(T)":       0.120144713105,
   "ZPVE":       0.155293387956,
   "number of imags":0,
   "point group": "cs",
   "gradient norm":       0.000048393091
}
