{
   "temperature":     298.150000000000,
   "unit": "hartree",
   "energy":     -65.048900378541,
   "free energy":     -64.795663739905,
   "G(T)":       0.253236638636,
   "ZPVE":       0.312955781922,
   "number of imags":0,
   "point group": "c1",
   "gradient norm":       0.000098318430
}
