{
   "temperature":     298.150000000000,
   "unit": "hartree",
   "energy":     -64.709326260906,
   "free energy":     -64.476117571000,
   "G(T)":       0.233208689906,
   "ZPVE":       0.288526838991,
   "number of imags":0,
   "point group": "c1",
   "gradient norm":       0.000083415773
}
