{
   "temperature":     298.150000000000,
   "unit": "hartree",
   "energy":     -36.156803391739,
   "free energy":     -36.036378948098,
   "G(T)":       0.120424443641,
   "ZPVE":       0.155277014903,
   "number of imags":0,
   "point group": "c1",
   "gradient norm":       0.000051790835
}
