{
   "temperature":     298.150000000000,
   "unit": "hartree",
   "energy":     -65.048692325054,
   "free energy":     -64.795644294099,
   "G(T)":       0.253048030955,
   "ZPVE":       0.312948787641,
   "number of imags":0,
   "point group": "c1",
   "gradient norm":       0.000046099762
}
