{
   "temperature":     298.150000000000,
   "unit": "hartree",
   "energy":     -64.698719359431,
   "free energy":     -64.466004235470,
   "G(T)":       0.232715123961,
   "ZPVE":       0.288411987178,
   "number of imags":0,
   "point group": "c1",
   "gradient norm":       0.000070759788
}
