{
   "temperature":     298.150000000000,
   "unit": "hartree",
   "energy":     -39.381621300445,
   "free energy":     -39.215781263107,
   "G(T)":       0.165840037338,
   "ZPVE":       0.200419124238,
   "number of imags":0,
   "point group": "d2h",
   "gradient norm":       0.000003118240
}
