{
   "temperature":     298.150000000000,
   "unit": "hartree",
   "energy":     -65.054057478139,
   "free energy":     -64.800467681341,
   "G(T)":       0.253589796798,
   "ZPVE":       0.312935084733,
   "number of imags":0,
   "point group": "c1",
   "gradient norm":       0.000063243403
}
