{
   "temperature":     298.150000000000,
   "unit": "hartree",
   "energy":     -65.048899255817,
   "free energy":     -64.795659955226,
   "G(T)":       0.253239300591,
   "ZPVE":       0.312957417159,
   "number of imags":0,
   "point group": "c1",
   "gradient norm":       0.000099022253
}
