{
   "temperature":     298.150000000000,
   "unit": "hartree",
   "energy":     -36.156259430919,
   "free energy":     -36.036237338085,
   "G(T)":       0.120022092834,
   "ZPVE":       0.155160251083,
   "number of imags":0,
   "point group": "c1",
   "gradient norm":       0.000078926844
}
