{
   "temperature":     298.150000000000,
   "unit": "hartree",
   "energy":     -65.055447485558,
   "free energy":     -64.802103075771,
   "G(T)":       0.253344409787,
   "ZPVE":       0.312899961112,
   "number of imags":0,
   "point group": "c1",
   "gradient norm":       0.000056065466
}
