{
   "temperature":     298.150000000000,
   "unit": "hartree",
   "energy":     -65.027672850387,
   "free energy":     -64.778198987591,
   "G(T)":       0.249473862796,
   "ZPVE":       0.313293384697,
   "number of imags":0,
   "point group": "c1",
   "gradient norm":       0.000141800686
}
