{
   "temperature":     298.150000000000,
   "unit": "hartree",
   "energy":     -65.050571912893,
   "free energy":     -64.797760023922,
   "G(T)":       0.252811888971,
   "ZPVE":       0.312841352562,
   "number of imags":0,
   "point group": "c1",
   "gradient norm":       0.000023631134
}
