{
   "temperature":     298.150000000000,
   "unit": "hartree",
   "energy":     -65.055079968705,
   "free energy":     -64.801500957341,
   "G(T)":       0.253579011364,
   "ZPVE":       0.313021852545,
   "number of imags":0,
   "point group": "c1",
   "gradient norm":       0.000060149415
}
