{
   "temperature":     298.150000000000,
   "unit": "hartree",
   "energy":     -64.699512432966,
   "free energy":     -64.467158753114,
   "G(T)":       0.232353679852,
   "ZPVE":       0.288596186738,
   "number of imags":0,
   "point group": "c1",
   "gradient norm":       0.000062146575
}
