{
   "temperature":     298.150000000000,
   "unit": "hartree",
   "energy":     -65.051144246025,
   "free energy":     -64.798296106304,
   "G(T)":       0.252848139721,
   "ZPVE":       0.312811890972,
   "number of imags":0,
   "point group": "c1",
   "gradient norm":       0.000072177835
}
