{
   "temperature":     298.150000000000,
   "unit": "hartree",
   "energy":     -65.057330454053,
   "free energy":     -64.804245477426,
   "G(T)":       0.253084976627,
   "ZPVE":       0.312750983667,
   "number of imags":0,
   "point group": "c1",
   "gradient norm":       0.000058401066
}
