{
   "temperature":     298.150000000000,
   "unit": "hartree",
   "energy":     -36.155851561116,
   "free energy":     -36.035293634257,
   "G(T)":       0.120557926860,
   "ZPVE":       0.155232398915,
   "number of imags":0,
   "point group": "c1",
   "gradient norm":       0.000103412048
}
