{
   "temperature":     298.150000000000,
   "unit": "hartree",
   "energy":     -65.045550017924,
   "free energy":     -64.792598810554,
   "G(T)":       0.252951207369,
   "ZPVE":       0.313122167714,
   "number of imags":0,
   "point group": "c1",
   "gradient norm":       0.000054520757
}
