{
   "temperature":     298.150000000000,
   "unit": "hartree",
   "energy":     -64.707692306308,
   "free energy":     -64.475397058588,
   "G(T)":       0.232295247720,
   "ZPVE":       0.288350984266,
   "number of imags":0,
   "point group": "c1",
   "gradient norm":       0.000082089424
}
