{
   "temperature":     298.150000000000,
   "unit": "hartree",
   "energy":     -44.511615521464,
   "free energy":     -44.343490288196,
   "G(T)":       0.168125233269,
   "ZPVE":       0.211240887476,
   "number of imags":0,
   "point group": "c1",
   "gradient norm":       0.000062076247
}
