{
   "temperature":     298.150000000000,
   "unit": "hartree",
   "energy":     -65.055419369270,
   "free energy":     -64.802091065082,
   "G(T)":       0.253328304189,
   "ZPVE":       0.312898562259,
   "number of imags":0,
   "point group": "c1",
   "gradient norm":       0.000055836368
}
