{
   "temperature":     298.150000000000,
   "unit": "hartree",
   "energy":     -65.033997962028,
   "free energy":     -64.780929211902,
   "G(T)":       0.253068750125,
   "ZPVE":       0.313322437893,
   "number of imags":0,
   "point group": "c1",
   "gradient norm":       0.000046826380
}
