{
   "temperature":     298.150000000000,
   "unit": "hartree",
   "energy":     -65.051073076314,
   "free energy":     -64.797896830901,
   "G(T)":       0.253176245413,
   "ZPVE":       0.312848985851,
   "number of imags":0,
   "point group": "c1",
   "gradient norm":       0.000054237271
}
