{
   "temperature":     298.150000000000,
   "unit": "hartree",
   "energy":     -36.161165062544,
   "free energy":     -36.040567676864,
   "G(T)":       0.120597385680,
   "ZPVE":       0.155465983997,
   "number of imags":0,
   "point group": "c1",
   "gradient norm":       0.000102873109
}
