{
    "partname": "prescreening",
    "runtime": 6.192413894459605,
    "results": {
        "CONF1": {
            "xtb_gsolv": {
                "gsolv": -0.0015589513430001034,
                "energy_xtb_gas": -13.482781760026,
                "energy_xtb_solv": -13.484340711369
            },
            "sp": {
                "energy": -576.874261918359
            },
            "gtot": -576.875820869702,
            "bmw": 0.6316068886388904
        },
        "CONF2": {
            "xtb_gsolv": {
                "gsolv": -0.0014908950060004145,
                "energy_xtb_gas": -13.481589142057,
                "energy_xtb_solv": -13.483080037063
            },
            "sp": {
                "energy": -576.873820949556
            },
            "gtot": -576.875311844562,
            "bmw": 0.3683931113611097
        }
    },
    "settings": {
        "threshold": 4.0,
        "func": "pbe-d4",
        "basis": "def2-sv(p)",
        "prog": "orca",
        "gfnv": "gfn2",
        "run": true,
        "template": false
    },
    "nconf_in": 2,
    "nconf_out": 2
}