{
    "partname": "screening",
    "runtime": 22.58660851046443,
    "results": {
        "CONF1": {
            "gsolv": {
                "gsolv": -0.002491966151978886,
                "energy_gas": -577.438363344472,
                "energy_solv": -577.440855310624
            },
            "gtot": -577.440855310624,
            "bmw": 0.8316126964601022
        },
        "CONF2": {
            "gsolv": {
                "gsolv": -0.0023188736220163264,
                "energy_gas": -577.437028480956,
                "energy_solv": -577.439347354578
            },
            "gtot": -577.439347354578,
            "bmw": 0.16838730353989786
        }
    },
    "settings": {
        "threshold": 3.5,
        "func": "r2scan-3c",
        "basis": "def2-tzvp",
        "prog": "orca",
        "sm": "smd",
        "gfnv": "gfn2",
        "run": true,
        "implicit": false,
        "template": false
    },
    "nconf_in": 2,
    "nconf_out": 2
}