{
    "partname": "refinement",
    "runtime": 82.69628138933331,
    "results": {
        "CONF2": {
            "gsolv": {
                "gsolv": -0.0023502585920596175,
                "energy_gas": -577.449047234844,
                "energy_solv": -577.451397493436
            },
            "gtot": -577.451397493436,
            "bmw": 0.37501800837682175
        },
        "CONF1": {
            "gsolv": {
                "gsolv": -0.0028032807939553095,
                "energy_gas": -577.44907645337,
                "energy_solv": -577.451879734164
            },
            "gtot": -577.451879734164,
            "bmw": 0.6249819916231782
        }
    },
    "settings": {
        "threshold": 0.95,
        "func": "wb97x-v",
        "basis": "def2-tzvp",
        "prog": "orca",
        "sm": "smd",
        "gfnv": "gfn2",
        "run": true,
        "implicit": false,
        "template": false
    },
    "nconf_in": 2,
    "nconf_out": 2
}