{
   "temperature":     298.150000000000,
   "unit": "hartree",
   "energy":     -65.024442173402,
   "free energy":     -64.776546389062,
   "G(T)":       0.247895784340,
   "ZPVE":       0.313092296519,
   "number of imags":0,
   "point group": "c1",
   "gradient norm":       0.000095452209
}
