{
   "temperature":     298.150000000000,
   "unit": "hartree",
   "energy":     -25.390543038805,
   "free energy":     -25.244755501281,
   "G(T)":       0.145787537524,
   "ZPVE":       0.179974935132,
   "number of imags":0,
   "point group": "cs",
   "gradient norm":       0.000045556653
}
