{
   "temperature":     298.150000000000,
   "unit": "hartree",
   "energy":     -65.026794041374,
   "free energy":     -64.775182766593,
   "G(T)":       0.251611274781,
   "ZPVE":       0.313291180707,
   "number of imags":0,
   "point group": "c1",
   "gradient norm":       0.000087650817
}
