{
   "temperature":     298.150000000000,
   "unit": "hartree",
   "energy":     -64.703179666343,
   "free energy":     -64.470799289289,
   "G(T)":       0.232380377054,
   "ZPVE":       0.288495136342,
   "number of imags":0,
   "point group": "c1",
   "gradient norm":       0.000040307707
}
