{
   "temperature":     298.150000000000,
   "unit": "hartree",
   "energy":     -65.060989405105,
   "free energy":     -64.808127233501,
   "G(T)":       0.252862171604,
   "ZPVE":       0.312550353102,
   "number of imags":0,
   "point group": "c1",
   "gradient norm":       0.000055984415
}
