{
   "temperature":     298.150000000000,
   "unit": "hartree",
   "energy":     -65.025177651585,
   "free energy":     -64.777688878833,
   "G(T)":       0.247488772753,
   "ZPVE":       0.312850082482,
   "number of imags":0,
   "point group": "c1",
   "gradient norm":       0.000024960478
}
