{
   "temperature":     298.150000000000,
   "unit": "hartree",
   "energy":     -65.041320346481,
   "free energy":     -64.789132326474,
   "G(T)":       0.252188020007,
   "ZPVE":       0.312924126494,
   "number of imags":0,
   "point group": "c1",
   "gradient norm":       0.000132857841
}
