{
   "temperature":     298.150000000000,
   "unit": "hartree",
   "energy":     -65.051159241607,
   "free energy":     -64.798054341710,
   "G(T)":       0.253104899897,
   "ZPVE":       0.312812173418,
   "number of imags":0,
   "point group": "c1",
   "gradient norm":       0.000040936145
}
