{
   "temperature":     298.150000000000,
   "unit": "hartree",
   "energy":     -10.756691307338,
   "free energy":     -10.691541609085,
   "G(T)":       0.065149698252,
   "ZPVE":       0.090700746013,
   "number of imags":0,
   "point group": "c1",
   "gradient norm":       0.000027976448
}
