{
    "partname": "prescreening",
    "runtime": 7.521870266646147,
    "results": {
        "CONF1": {
            "xtb_gsolv": {
                "gsolv": -0.002124224676002484,
                "energy_xtb_gas": -22.495598270779,
                "energy_xtb_solv": -22.497722495455
            },
            "sp": {
                "energy": -326.186842644203
            },
            "gtot": -326.188966868879,
            "bmw": 0.3800109078073481
        },
        "CONF2": {
            "xtb_gsolv": {
                "gsolv": -0.0021390396869982453,
                "energy_xtb_gas": -22.495271161394,
                "energy_xtb_solv": -22.497410201081
            },
            "sp": {
                "energy": -326.187290008978
            },
            "gtot": -326.189429048665,
            "bmw": 0.6199890921926519
        }
    },
    "settings": {
        "threshold": 4.0,
        "func": "pbe-d4",
        "basis": "def2-sv(p)",
        "prog": "orca",
        "gfnv": "gfn2",
        "run": true,
        "template": false
    },
    "nconf_in": 2,
    "nconf_out": 2
}