{
    "partname": "screening",
    "runtime": 45.5982629340142,
    "results": {
        "CONF1": {
            "gsolv": {
                "gsolv": -0.005302566901036698,
                "energy_gas": -326.826268699648,
                "energy_solv": -326.831571266549
            },
            "gtot": -326.831571266549,
            "bmw": 0.28056515405958526
        },
        "CONF2": {
            "gsolv": {
                "gsolv": -0.005528234666030585,
                "energy_gas": -326.826932131984,
                "energy_solv": -326.83246036665
            },
            "gtot": -326.83246036665,
            "bmw": 0.7194348459404146
        }
    },
    "settings": {
        "threshold": 3.5,
        "func": "r2scan-3c",
        "basis": "def2-tzvp",
        "prog": "orca",
        "sm": "smd",
        "gfnv": "gfn2",
        "run": true,
        "implicit": false,
        "template": false
    },
    "nconf_in": 2,
    "nconf_out": 2
}