{
    "partname": "refinement",
    "runtime": 286.1388142975047,
    "results": {
        "CONF2": {
            "gsolv": {
                "gsolv": -0.0059431407340184705,
                "energy_gas": -326.934993949772,
                "energy_solv": -326.940937090506
            },
            "gtot": -326.940937090506,
            "bmw": 0.6811835691102814
        },
        "CONF1": {
            "gsolv": {
                "gsolv": -0.005767822381983478,
                "energy_gas": -326.934452428359,
                "energy_solv": -326.940220250741
            },
            "gtot": -326.940220250741,
            "bmw": 0.31881643088971845
        }
    },
    "settings": {
        "threshold": 0.95,
        "func": "wb97x-v",
        "basis": "def2-tzvp",
        "prog": "orca",
        "sm": "smd",
        "gfnv": "gfn2",
        "run": true,
        "implicit": false,
        "template": false
    },
    "nconf_in": 2,
    "nconf_out": 2
}