{
   "temperature":     298.150000000000,
   "unit": "hartree",
   "energy":     -64.697634480530,
   "free energy":     -64.466250030568,
   "G(T)":       0.231384449962,
   "ZPVE":       0.288303954111,
   "number of imags":0,
   "point group": "c1",
   "gradient norm":       0.000071744348
}
