{
   "temperature":     298.150000000000,
   "unit": "hartree",
   "energy":     -10.500769310016,
   "free energy":     -10.423311508876,
   "G(T)":       0.077457801140,
   "ZPVE":       0.102490884488,
   "number of imags":0,
   "point group": "c2v",
   "gradient norm":       0.000022868329
}
