{
   "temperature":     298.150000000000,
   "unit": "hartree",
   "energy":     -64.708545524515,
   "free energy":     -64.476217144679,
   "G(T)":       0.232328379836,
   "ZPVE":       0.288090715226,
   "number of imags":0,
   "point group": "c1",
   "gradient norm":       0.000101410013
}
