{
   "temperature":     298.150000000000,
   "unit": "hartree",
   "energy":     -64.704844885072,
   "free energy":     -64.473320843572,
   "G(T)":       0.231524041501,
   "ZPVE":       0.288025791333,
   "number of imags":0,
   "point group": "c1",
   "gradient norm":       0.000091546103
}
