{
    "partname": "prescreening",
    "runtime": 43.045560234226286,
    "results": {
        "CONF2": {
            "xtb_gsolv": {
                "gsolv": -0.005367018579001126,
                "energy_xtb_gas": -27.116640424265,
                "energy_xtb_solv": -27.122007442844
            },
            "sp": {
                "energy": -385.453721405389
            },
            "gtot": -385.459088423968,
            "bmw": 0.21289389515200677
        },
        "CONF3": {
            "xtb_gsolv": {
                "gsolv": -0.0053341945040017436,
                "energy_xtb_gas": -27.116355761715,
                "energy_xtb_solv": -27.121689956219
            },
            "sp": {
                "energy": -385.453678477019
            },
            "gtot": -385.45901267152306,
            "bmw": 0.1964805183549714
        },
        "CONF1": {
            "xtb_gsolv": {
                "gsolv": -0.005266868900001498,
                "energy_xtb_gas": -27.116820081698,
                "energy_xtb_solv": -27.122086950598
            },
            "sp": {
                "energy": -385.454616348035
            },
            "gtot": -385.459883216935,
            "bmw": 0.49401787936132996
        },
        "CONF4": {
            "xtb_gsolv": {
                "gsolv": -0.005401722584000623,
                "energy_xtb_gas": -27.116204831174,
                "energy_xtb_solv": -27.121606553758
            },
            "sp": {
                "energy": -385.45294066837
            },
            "gtot": -385.458342390954,
            "bmw": 0.09660770713169192
        }
    },
    "settings": {
        "threshold": 4.0,
        "func": "pbe-d4",
        "basis": "def2-sv(p)",
        "prog": "orca",
        "gfnv": "gfn2",
        "run": true,
        "template": false
    },
    "nconf_in": 4,
    "nconf_out": 4
}