{
    "partname": "screening",
    "runtime": 140.16523584816605,
    "results": {
        "CONF1": {
            "gsolv": {
                "gsolv": -0.0037913777800326898,
                "energy_gas": -386.234726820443,
                "energy_solv": -386.238518198223
            },
            "gtot": -386.238518198223,
            "bmw": 0.5661433400137315
        },
        "CONF2": {
            "gsolv": {
                "gsolv": -0.0030662826059710824,
                "energy_gas": -386.23326739251,
                "energy_solv": -386.236333675116
            },
            "gtot": -386.236333675116,
            "bmw": 0.055990626549803635
        },
        "CONF4": {
            "gsolv": {
                "gsolv": -0.0034915576729872555,
                "energy_gas": -386.233031536039,
                "energy_solv": -386.236523093712
            },
            "gtot": -386.236523093712,
            "bmw": 0.06842926111126593
        },
        "CONF3": {
            "gsolv": {
                "gsolv": -0.0038947571730432173,
                "energy_gas": -386.234053065744,
                "energy_solv": -386.237947822917
            },
            "gtot": -386.237947822917,
            "bmw": 0.30943677232519917
        }
    },
    "settings": {
        "threshold": 3.5,
        "func": "r2scan-3c",
        "basis": "def2-tzvp",
        "prog": "orca",
        "sm": "smd",
        "gfnv": "gfn2",
        "run": true,
        "implicit": false,
        "template": false
    },
    "nconf_in": 4,
    "nconf_out": 4
}