{
    "partname": "refinement",
    "runtime": 417.7228542063385,
    "results": {
        "CONF4": {
            "gsolv": {
                "gsolv": -0.004595269919036582,
                "energy_gas": -386.352684638969,
                "energy_solv": -386.357279908888
            },
            "gtot": -386.357279908888,
            "bmw": 0.171078349677064
        },
        "CONF3": {
            "gsolv": {
                "gsolv": -0.004582743571972969,
                "energy_gas": -386.352744691609,
                "energy_solv": -386.357327435181
            },
            "gtot": -386.357327435181,
            "bmw": 0.1799101367656833
        },
        "CONF1": {
            "gsolv": {
                "gsolv": -0.004279047498982891,
                "energy_gas": -386.353663299554,
                "energy_solv": -386.357942347053
            },
            "gtot": -386.357942347053,
            "bmw": 0.3450607138215495
        },
        "CONF2": {
            "gsolv": {
                "gsolv": -0.00429901968101376,
                "energy_gas": -386.353523553373,
                "energy_solv": -386.357822573054
            },
            "gtot": -386.357822573054,
            "bmw": 0.30395079973570316
        }
    },
    "settings": {
        "threshold": 0.95,
        "func": "wb97x-v",
        "basis": "def2-tzvp",
        "prog": "orca",
        "sm": "smd",
        "gfnv": "gfn2",
        "run": true,
        "implicit": false,
        "template": false
    },
    "nconf_in": 4,
    "nconf_out": 4
}