{
   "temperature":     298.150000000000,
   "unit": "hartree",
   "energy":     -24.080096726822,
   "free energy":     -24.057330185719,
   "G(T)":       0.022766541103,
   "ZPVE":       0.053013389703,
   "number of imags":0,
   "point group": "cs",
   "gradient norm":       0.000056614056
}
