{
   "temperature":     298.150000000000,
   "unit": "hartree",
   "energy":     -64.698925692518,
   "free energy":     -64.466458752188,
   "G(T)":       0.232466940330,
   "ZPVE":       0.288245433645,
   "number of imags":0,
   "point group": "c1",
   "gradient norm":       0.000086832293
}
