{
   "temperature":     298.150000000000,
   "unit": "hartree",
   "energy":     -65.053713368848,
   "free energy":     -64.800771844484,
   "G(T)":       0.252941524364,
   "ZPVE":       0.312886169063,
   "number of imags":0,
   "point group": "c1",
   "gradient norm":       0.000066179991
}
