{
   "temperature":     298.150000000000,
   "unit": "hartree",
   "energy":     -65.046435727459,
   "free energy":     -64.792945568639,
   "G(T)":       0.253490158821,
   "ZPVE":       0.313329736646,
   "number of imags":0,
   "point group": "c1",
   "gradient norm":       0.000073658423
}
