{
   "temperature":     298.150000000000,
   "unit": "hartree",
   "energy":     -65.047321408219,
   "free energy":     -64.793836639557,
   "G(T)":       0.253484768662,
   "ZPVE":       0.313184580889,
   "number of imags":0,
   "point group": "c1",
   "gradient norm":       0.000068936954
}
