{
   "temperature":     298.150000000000,
   "unit": "hartree",
   "energy":     -65.049361338678,
   "free energy":     -64.796354851873,
   "G(T)":       0.253006486805,
   "ZPVE":       0.312800850374,
   "number of imags":0,
   "point group": "c1",
   "gradient norm":       0.000055451603
}
