{
   "temperature":     298.150000000000,
   "unit": "hartree",
   "energy":     -65.062539957923,
   "free energy":     -64.809155383236,
   "G(T)":       0.253384574687,
   "ZPVE":       0.312784142578,
   "number of imags":0,
   "point group": "c1",
   "gradient norm":       0.000108494082
}
