{
    "partname": "prescreening",
    "runtime": 4.35919298697263,
    "results": {
        "CONF1": {
            "xtb_gsolv": {
                "gsolv": -0.001991129095999966,
                "energy_xtb_gas": -10.754833913284,
                "energy_xtb_solv": -10.75682504238
            },
            "sp": {
                "energy": -134.819811714217
            },
            "gtot": -134.821802843313,
            "bmw": 0.665274009431655
        },
        "CONF2": {
            "xtb_gsolv": {
                "gsolv": -0.001860804174999231,
                "energy_xtb_gas": -10.753016524314,
                "energy_xtb_solv": -10.754877328489
            },
            "sp": {
                "energy": -134.81929349181
            },
            "gtot": -134.821154295985,
            "bmw": 0.3347259905683449
        }
    },
    "settings": {
        "threshold": 4.0,
        "func": "pbe-d4",
        "basis": "def2-sv(p)",
        "prog": "orca",
        "gfnv": "gfn2",
        "run": true,
        "template": false
    },
    "nconf_in": 2,
    "nconf_out": 2
}