{
    "partname": "screening",
    "runtime": 17.391210147179663,
    "results": {
        "CONF1": {
            "gsolv": {
                "gsolv": -0.006105930214999944,
                "energy_gas": -135.12530743516,
                "energy_solv": -135.131413365375
            },
            "gtot": -135.131413365375,
            "bmw": 0.6864942896477761
        },
        "CONF2": {
            "gsolv": {
                "gsolv": -0.0054737975329999244,
                "energy_gas": -135.125199535156,
                "energy_solv": -135.130673332689
            },
            "gtot": -135.130673332689,
            "bmw": 0.3135057103522239
        }
    },
    "settings": {
        "threshold": 3.5,
        "func": "r2scan-3c",
        "basis": "def2-tzvp",
        "prog": "orca",
        "sm": "smd",
        "gfnv": "gfn2",
        "run": true,
        "implicit": false,
        "template": false
    },
    "nconf_in": 2,
    "nconf_out": 2
}