{
    "partname": "refinement",
    "runtime": 54.86619389522821,
    "results": {
        "CONF2": {
            "gsolv": {
                "gsolv": -0.006371249783995836,
                "energy_gas": -135.175274273675,
                "energy_solv": -135.181645523459
            },
            "gtot": -135.181645523459,
            "bmw": 0.36009556435058054
        },
        "CONF1": {
            "gsolv": {
                "gsolv": -0.006992153286006442,
                "energy_gas": -135.175196228071,
                "energy_solv": -135.182188381357
            },
            "gtot": -135.182188381357,
            "bmw": 0.6399044356494196
        }
    },
    "settings": {
        "threshold": 0.95,
        "func": "wb97x-v",
        "basis": "def2-tzvp",
        "prog": "orca",
        "sm": "smd",
        "gfnv": "gfn2",
        "run": true,
        "implicit": false,
        "template": false
    },
    "nconf_in": 2,
    "nconf_out": 2
}