{
    "partname": "prescreening",
    "runtime": 7.497855642344803,
    "results": {
        "CONF1": {
            "xtb_gsolv": {
                "gsolv": 0.003243075180000332,
                "energy_xtb_gas": -13.818270932119,
                "energy_xtb_solv": -13.815027856939
            },
            "sp": {
                "energy": -552.365401852129
            },
            "gtot": -552.3621587769491,
            "bmw": 1.0
        }
    },
    "settings": {
        "threshold": 4.0,
        "func": "pbe-d4",
        "basis": "def2-sv(p)",
        "prog": "orca",
        "gfnv": "gfn2",
        "run": true,
        "template": false
    },
    "nconf_in": 1,
    "nconf_out": 1
}