{
   "temperature":     298.150000000000,
   "unit": "hartree",
   "energy":     -65.050274683242,
   "free energy":     -64.797247656642,
   "G(T)":       0.253027026600,
   "ZPVE":       0.312860444202,
   "number of imags":0,
   "point group": "c1",
   "gradient norm":       0.000082457161
}
