{
   "temperature":     298.150000000000,
   "unit": "hartree",
   "energy":     -64.695188437522,
   "free energy":     -64.463115290713,
   "G(T)":       0.232073146809,
   "ZPVE":       0.288523448662,
   "number of imags":0,
   "point group": "c1",
   "gradient norm":       0.000111909737
}
