{
   "temperature":     298.150000000000,
   "unit": "hartree",
   "energy":     -64.697409555253,
   "free energy":     -64.464382954387,
   "G(T)":       0.233026600866,
   "ZPVE":       0.288635963117,
   "number of imags":0,
   "point group": "c1",
   "gradient norm":       0.000047973070
}
