{
   "temperature":     298.150000000000,
   "unit": "hartree",
   "energy":     -65.048693015754,
   "free energy":     -64.795644318873,
   "G(T)":       0.253048696881,
   "ZPVE":       0.312949008589,
   "number of imags":0,
   "point group": "c1",
   "gradient norm":       0.000052940811
}
