{
   "temperature":     298.150000000000,
   "unit": "hartree",
   "energy":     -36.159329793156,
   "free energy":     -36.038632475129,
   "G(T)":       0.120697318027,
   "ZPVE":       0.155503428723,
   "number of imags":0,
   "point group": "c1",
   "gradient norm":       0.000077136408
}
