{
   "temperature":     298.150000000000,
   "unit": "hartree",
   "energy":      -7.476804350372,
   "free energy":      -7.465465689484,
   "G(T)":       0.011338660888,
   "ZPVE":       0.036020277994,
   "number of imags":0,
   "point group": "c3v",
   "gradient norm":       0.000033552153
}
