{
   "temperature":     298.150000000000,
   "unit": "hartree",
   "energy":     -65.052358288788,
   "free energy":     -64.799335402819,
   "G(T)":       0.253022885970,
   "ZPVE":       0.312754521515,
   "number of imags":0,
   "point group": "c1",
   "gradient norm":       0.000047157962
}
