{
   "temperature":     298.150000000000,
   "unit": "hartree",
   "energy":     -65.048931158152,
   "free energy":     -64.795683106270,
   "G(T)":       0.253248051882,
   "ZPVE":       0.312956629804,
   "number of imags":0,
   "point group": "c1",
   "gradient norm":       0.000096226266
}
