{
   "temperature":     298.150000000000,
   "unit": "hartree",
   "energy":     -65.055936252601,
   "free energy":     -64.802886737032,
   "G(T)":       0.253049515569,
   "ZPVE":       0.312702066517,
   "number of imags":0,
   "point group": "c1",
   "gradient norm":       0.000080329028
}
