{
   "temperature":     298.150000000000,
   "unit": "hartree",
   "energy":     -65.054754164668,
   "free energy":     -64.801759361192,
   "G(T)":       0.252994803476,
   "ZPVE":       0.312742306930,
   "number of imags":0,
   "point group": "c1",
   "gradient norm":       0.000065928772
}
