{
    "partname": "prescreening",
    "runtime": 12.96646287664771,
    "results": {
        "CONF4": {
            "xtb_gsolv": {
                "gsolv": -0.0005864684430001432,
                "energy_xtb_gas": -25.834346699691,
                "energy_xtb_solv": -25.834933168134
            },
            "sp": {
                "energy": -345.711134230756
            },
            "gtot": -345.71172069919896,
            "bmw": 0.0009916372308709919
        },
        "CONF1": {
            "xtb_gsolv": {
                "gsolv": -0.0006600051170018162,
                "energy_xtb_gas": -25.839192443795,
                "energy_xtb_solv": -25.839852448912
            },
            "sp": {
                "energy": -345.717585766791
            },
            "gtot": -345.718245771908,
            "bmw": 0.9946688462769454
        },
        "CONF3": {
            "xtb_gsolv": {
                "gsolv": -0.0009337053050018085,
                "energy_xtb_gas": -25.835855706681,
                "energy_xtb_solv": -25.836789411986
            },
            "sp": {
                "energy": -345.705590832439
            },
            "gtot": -345.706524537744,
            "bmw": 4.0390943424072645e-06
        },
        "CONF8": {
            "xtb_gsolv": {
                "gsolv": -0.00032946516899912126,
                "energy_xtb_gas": -25.83071864858,
                "energy_xtb_solv": -25.831048113749
            },
            "sp": {
                "energy": -345.70169060703
            },
            "gtot": -345.702020072199,
            "bmw": 3.422734922230687e-08
        },
        "CONF2": {
            "xtb_gsolv": {
                "gsolv": -0.0008631250950017488,
                "energy_xtb_gas": -25.837768145079,
                "energy_xtb_solv": -25.838631270174
            },
            "sp": {
                "energy": -345.712250433646
            },
            "gtot": -345.713113558741,
            "bmw": 0.0043353470143558635
        },
        "CONF7": {
            "xtb_gsolv": {
                "gsolv": -0.0007838344540012088,
                "energy_xtb_gas": -25.830308061281,
                "energy_xtb_solv": -25.831091895735
            },
            "sp": {
                "energy": -345.700351555455
            },
            "gtot": -345.701135389909,
            "bmw": 1.3410580589231318e-08
        },
        "CONF6": {
            "xtb_gsolv": {
                "gsolv": -0.0003793641939999759,
                "energy_xtb_gas": -25.831303576714,
                "energy_xtb_solv": -25.831682940908
            },
            "sp": {
                "energy": -345.702062772468
            },
            "gtot": -345.702442136662,
            "bmw": 5.351918369419897e-08
        },
        "CONF5": {
            "xtb_gsolv": {
                "gsolv": -0.0008683061640013534,
                "energy_xtb_gas": -25.83241150888,
                "energy_xtb_solv": -25.833279815044
            },
            "sp": {
                "energy": -345.700263297929
            },
            "gtot": -345.701131604093,
            "bmw": 1.3356916946107837e-08
        },
        "CONF9": {
            "xtb_gsolv": {
                "gsolv": -0.0008420766470003116,
                "energy_xtb_gas": -25.829986041672,
                "energy_xtb_solv": -25.830828118319
            },
            "sp": {
                "energy": -345.700452268693
            },
            "gtot": -345.70129434534005,
            "bmw": 1.5869455197705786e-08
        }
    },
    "settings": {
        "threshold": 4.0,
        "func": "pbe-d4",
        "basis": "def2-sv(p)",
        "prog": "orca",
        "gfnv": "gfn2",
        "run": true,
        "template": false
    },
    "nconf_in": 9,
    "nconf_out": 2
}