{
    "partname": "screening",
    "runtime": 87.96159662585706,
    "results": {
        "CONF1": {
            "gsolv": {
                "gsolv": -0.011510955677977108,
                "energy_gas": -346.429761261029,
                "energy_solv": -346.441272216707
            },
            "gtot": -346.441272216707,
            "bmw": 0.9936932304764635
        },
        "CONF2": {
            "gsolv": {
                "gsolv": -0.011730632978981248,
                "energy_gas": -346.424764197902,
                "energy_solv": -346.436494830881
            },
            "gtot": -346.436494830881,
            "bmw": 0.006306769523536464
        }
    },
    "settings": {
        "threshold": 3.5,
        "func": "r2scan-3c",
        "basis": "def2-tzvp",
        "prog": "orca",
        "sm": "smd",
        "gfnv": "gfn2",
        "run": true,
        "implicit": false,
        "template": false
    },
    "nconf_in": 2,
    "nconf_out": 2
}