{
    "partname": "refinement",
    "runtime": 415.09198111854494,
    "results": {
        "CONF1": {
            "gsolv": {
                "gsolv": -0.014060380466048628,
                "energy_gas": -346.56657676628,
                "energy_solv": -346.580637146746
            },
            "gtot": -346.580637146746,
            "bmw": 0.9942210299098582
        },
        "CONF2": {
            "gsolv": {
                "gsolv": -0.01477204923901354,
                "energy_gas": -346.56100469044,
                "energy_solv": -346.575776739679
            },
            "gtot": -346.575776739679,
            "bmw": 0.005778970090141897
        }
    },
    "settings": {
        "threshold": 0.95,
        "func": "wb97x-v",
        "basis": "def2-tzvp",
        "prog": "orca",
        "sm": "smd",
        "gfnv": "gfn2",
        "run": true,
        "implicit": false,
        "template": false
    },
    "nconf_in": 2,
    "nconf_out": 2
}