{
   "temperature":     298.150000000000,
   "unit": "hartree",
   "energy":     -64.714815497218,
   "free energy":     -64.481528070652,
   "G(T)":       0.233287426566,
   "ZPVE":       0.288624050093,
   "number of imags":0,
   "point group": "c1",
   "gradient norm":       0.000102585331
}
