{
   "temperature":     298.150000000000,
   "unit": "hartree",
   "energy":     -65.057977635734,
   "free energy":     -64.804665760977,
   "G(T)":       0.253311874756,
   "ZPVE":       0.312864637978,
   "number of imags":0,
   "point group": "c1",
   "gradient norm":       0.000117053762
}
