{
   "temperature":     298.150000000000,
   "unit": "hartree",
   "energy":     -64.719398549301,
   "free energy":     -64.486395916755,
   "G(T)":       0.233002632546,
   "ZPVE":       0.288014675955,
   "number of imags":0,
   "point group": "c1",
   "gradient norm":       0.000035451254
}
