{
   "temperature":     298.150000000000,
   "unit": "hartree",
   "energy":     -64.722163725060,
   "free energy":     -64.489113490167,
   "G(T)":       0.233050234893,
   "ZPVE":       0.288036827402,
   "number of imags":0,
   "point group": "c1",
   "gradient norm":       0.000059920625
}
