{
   "temperature":     298.150000000000,
   "unit": "hartree",
   "energy":     -65.051033459690,
   "free energy":     -64.798165741852,
   "G(T)":       0.252867717839,
   "ZPVE":       0.312749252928,
   "number of imags":0,
   "point group": "c1",
   "gradient norm":       0.000054304620
}
