{
    "partname": "prescreening",
    "runtime": 7.079710016027093,
    "results": {
        "CONF1": {
            "xtb_gsolv": {
                "gsolv": -0.0016458275110018405,
                "energy_xtb_gas": -20.110022411617,
                "energy_xtb_solv": -20.111668239128
            },
            "sp": {
                "energy": -330.800487516643
            },
            "gtot": -330.802133344154,
            "bmw": 1.0
        }
    },
    "settings": {
        "threshold": 4.0,
        "func": "pbe-d4",
        "basis": "def2-sv(p)",
        "prog": "orca",
        "gfnv": "gfn2",
        "run": true,
        "template": false
    },
    "nconf_in": 1,
    "nconf_out": 1
}