{
   "temperature":     298.150000000000,
   "unit": "hartree",
   "energy":     -65.057310000176,
   "free energy":     -64.804079906174,
   "G(T)":       0.253230094002,
   "ZPVE":       0.312872617221,
   "number of imags":0,
   "point group": "c1",
   "gradient norm":       0.000077944682
}
