{
   "temperature":     298.150000000000,
   "unit": "hartree",
   "energy":     -65.054556377063,
   "free energy":     -64.801981765786,
   "G(T)":       0.252574611278,
   "ZPVE":       0.312671813081,
   "number of imags":0,
   "point group": "c1",
   "gradient norm":       0.000052544510
}
