{
   "temperature":     298.150000000000,
   "unit": "hartree",
   "energy":     -65.044748465886,
   "free energy":     -64.790838684927,
   "G(T)":       0.253909780959,
   "ZPVE":       0.313304270630,
   "number of imags":0,
   "point group": "c1",
   "gradient norm":       0.000071222075
}
