{
   "temperature":     298.150000000000,
   "unit": "hartree",
   "energy":     -65.057180218553,
   "free energy":     -64.803157223588,
   "G(T)":       0.254022994966,
   "ZPVE":       0.313129212617,
   "number of imags":0,
   "point group": "c1",
   "gradient norm":       0.000063113042
}
