{
   "temperature":     298.150000000000,
   "unit": "hartree",
   "energy":     -64.672464747140,
   "free energy":     -64.444462283420,
   "G(T)":       0.228002463720,
   "ZPVE":       0.288485589934,
   "number of imags":0,
   "point group": "c1",
   "gradient norm":       0.000054497058
}
