{
   "temperature":     298.150000000000,
   "unit": "hartree",
   "energy":     -65.062497194450,
   "free energy":     -64.808780084420,
   "G(T)":       0.253717110030,
   "ZPVE":       0.312815797343,
   "number of imags":0,
   "point group": "c1",
   "gradient norm":       0.000051418743
}
