{
   "temperature":     298.150000000000,
   "unit": "hartree",
   "energy":     -30.800833680508,
   "free energy":     -30.656109977135,
   "G(T)":       0.144723703373,
   "ZPVE":       0.177534871051,
   "number of imags":0,
   "point group": "c2v",
   "gradient norm":       0.000043220825
}
