{
   "temperature":     298.150000000000,
   "unit": "hartree",
   "energy":     -65.041607134243,
   "free energy":     -64.788082734930,
   "G(T)":       0.253524399312,
   "ZPVE":       0.313359710754,
   "number of imags":0,
   "point group": "c1",
   "gradient norm":       0.000065278560
}
