{
   "temperature":     298.150000000000,
   "unit": "hartree",
   "energy":     -65.064404764890,
   "free energy":     -64.810976348098,
   "G(T)":       0.253428416793,
   "ZPVE":       0.312701512320,
   "number of imags":0,
   "point group": "c1",
   "gradient norm":       0.000047402192
}
