{
   "temperature":     298.150000000000,
   "unit": "hartree",
   "energy":     -23.131502961004,
   "free energy":     -23.037372772864,
   "G(T)":       0.094130188140,
   "ZPVE":       0.127954266867,
   "number of imags":0,
   "point group": "cs",
   "gradient norm":       0.000035455740
}
