{
   "temperature":     298.150000000000,
   "unit": "hartree",
   "energy":     -64.705624989027,
   "free energy":     -64.473209888454,
   "G(T)":       0.232415100574,
   "ZPVE":       0.288417367520,
   "number of imags":0,
   "point group": "c1",
   "gradient norm":       0.000063530095
}
