{
   "temperature":     298.150000000000,
   "unit": "hartree",
   "energy":     -65.046494699237,
   "free energy":     -64.793048473009,
   "G(T)":       0.253446226228,
   "ZPVE":       0.313183124408,
   "number of imags":0,
   "point group": "c1",
   "gradient norm":       0.000039667978
}
