{
   "temperature":     298.150000000000,
   "unit": "hartree",
   "energy":     -65.049989007003,
   "free energy":     -64.797340500395,
   "G(T)":       0.252648506608,
   "ZPVE":       0.312918433316,
   "number of imags":0,
   "point group": "c1",
   "gradient norm":       0.000089877901
}
