{
   "temperature":     298.150000000000,
   "unit": "hartree",
   "energy":     -23.129416619369,
   "free energy":     -23.032298296821,
   "G(T)":       0.097118322548,
   "ZPVE":       0.128260781437,
   "number of imags":0,
   "point group": "cs",
   "gradient norm":       0.000019197473
}
