{
   "temperature":     298.150000000000,
   "unit": "hartree",
   "energy":     -65.040396371228,
   "free energy":     -64.787819991570,
   "G(T)":       0.252576379658,
   "ZPVE":       0.312915744394,
   "number of imags":0,
   "point group": "c1",
   "gradient norm":       0.000123057202
}
