{
   "temperature":     298.150000000000,
   "unit": "hartree",
   "energy":     -23.106651704678,
   "free energy":     -23.023431637262,
   "G(T)":       0.083220067416,
   "ZPVE":       0.115392620861,
   "number of imags":0,
   "point group": "cs",
   "gradient norm":       0.000017671399
}
