{
   "temperature":     298.150000000000,
   "unit": "hartree",
   "energy":     -29.556189466790,
   "free energy":     -29.443126454612,
   "G(T)":       0.113063012178,
   "ZPVE":       0.146006371734,
   "number of imags":0,
   "point group": "cs",
   "gradient norm":       0.000059761717
}
