{
   "temperature":     298.150000000000,
   "unit": "hartree",
   "energy":     -65.046479259536,
   "free energy":     -64.794173175220,
   "G(T)":       0.252306084317,
   "ZPVE":       0.312886880535,
   "number of imags":0,
   "point group": "c1",
   "gradient norm":       0.000078808300
}
