{
   "temperature":     298.150000000000,
   "unit": "hartree",
   "energy":     -65.024759259732,
   "free energy":     -64.775330421544,
   "G(T)":       0.249428838188,
   "ZPVE":       0.313069921983,
   "number of imags":0,
   "point group": "c1",
   "gradient norm":       0.000073896593
}
