{
   "temperature":     298.150000000000,
   "unit": "hartree",
   "energy":     -22.020066720899,
   "free energy":     -21.902280252565,
   "G(T)":       0.117786468334,
   "ZPVE":       0.148021421782,
   "number of imags":0,
   "point group": "c2",
   "gradient norm":       0.000047703142
}
