{
   "temperature":     298.150000000000,
   "unit": "hartree",
   "energy":     -46.360430614330,
   "free energy":     -46.353685975535,
   "G(T)":       0.006744638795,
   "ZPVE":       0.043030717300,
   "number of imags":0,
   "point group": "d4h",
   "gradient norm":       0.000005040194
}
