{
   "temperature":     298.150000000000,
   "unit": "hartree",
   "energy":     -64.707873488204,
   "free energy":     -64.475171679591,
   "G(T)":       0.232701808614,
   "ZPVE":       0.288352381129,
   "number of imags":0,
   "point group": "c1",
   "gradient norm":       0.000109453712
}
