{
   "temperature":     298.150000000000,
   "unit": "hartree",
   "energy":     -65.047511398667,
   "free energy":     -64.794332805471,
   "G(T)":       0.253178593196,
   "ZPVE":       0.313079309100,
   "number of imags":0,
   "point group": "c1",
   "gradient norm":       0.000066445591
}
