{
   "temperature":     298.150000000000,
   "unit": "hartree",
   "energy":     -65.046863164195,
   "free energy":     -64.793246397647,
   "G(T)":       0.253616766547,
   "ZPVE":       0.313287566762,
   "number of imags":0,
   "point group": "c1",
   "gradient norm":       0.000058004789
}
