{
   "temperature":     298.150000000000,
   "unit": "hartree",
   "energy":     -65.047176704935,
   "free energy":     -64.793972582791,
   "G(T)":       0.253204122144,
   "ZPVE":       0.313221002621,
   "number of imags":0,
   "point group": "c1",
   "gradient norm":       0.000071186985
}
