{
   "temperature":     298.150000000000,
   "unit": "hartree",
   "energy":     -64.695526069071,
   "free energy":     -64.462967452710,
   "G(T)":       0.232558616361,
   "ZPVE":       0.288829999303,
   "number of imags":0,
   "point group": "c1",
   "gradient norm":       0.000112810562
}
