{
   "temperature":     298.150000000000,
   "unit": "hartree",
   "energy":     -26.305256959558,
   "free energy":     -26.183921620943,
   "G(T)":       0.121335338615,
   "ZPVE":       0.155650972142,
   "number of imags":0,
   "point group": "cs",
   "gradient norm":       0.000044368152
}
