{
   "temperature":     298.150000000000,
   "unit": "hartree",
   "energy":     -15.463914012250,
   "free energy":     -15.410213051224,
   "G(T)":       0.053700961026,
   "ZPVE":       0.081355936987,
   "number of imags":0,
   "point group": "ci",
   "gradient norm":       0.000037907946
}
