{
   "temperature":     298.150000000000,
   "unit": "hartree",
   "energy":     -64.713217659773,
   "free energy":     -64.479950311588,
   "G(T)":       0.233267348185,
   "ZPVE":       0.288646775315,
   "number of imags":0,
   "point group": "c1",
   "gradient norm":       0.000112343716
}
