{
   "temperature":     298.150000000000,
   "unit": "hartree",
   "energy":     -64.700192933079,
   "free energy":     -64.467415004479,
   "G(T)":       0.232777928599,
   "ZPVE":       0.288587797931,
   "number of imags":0,
   "point group": "c1",
   "gradient norm":       0.000062183734
}
