{
   "temperature":     298.150000000000,
   "unit": "hartree",
   "energy":     -65.042368637618,
   "free energy":     -64.789760138728,
   "G(T)":       0.252608498889,
   "ZPVE":       0.313147070085,
   "number of imags":0,
   "point group": "c1",
   "gradient norm":       0.000085020891
}
