{
    "partname": "prescreening",
    "runtime": 7.498253359459341,
    "results": {
        "CONF1": {
            "xtb_gsolv": {
                "gsolv": -0.002082683533000562,
                "energy_xtb_gas": -22.632424808629,
                "energy_xtb_solv": -22.634507492162
            },
            "sp": {
                "energy": -2843.81055474767
            },
            "gtot": -2843.812637431203,
            "bmw": 1.0
        }
    },
    "settings": {
        "threshold": 4.0,
        "func": "pbe-d4",
        "basis": "def2-sv(p)",
        "prog": "orca",
        "gfnv": "gfn2",
        "run": true,
        "template": false
    },
    "nconf_in": 1,
    "nconf_out": 1
}