{
    "partname": "prescreening",
    "runtime": 4.040061185136437,
    "results": {
        "CONF2": {
            "xtb_gsolv": {
                "gsolv": -0.005489209006999118,
                "energy_xtb_gas": -11.391827574262,
                "energy_xtb_solv": -11.397316783269
            },
            "sp": {
                "energy": -154.661139847966
            },
            "gtot": -154.66662905697302,
            "bmw": 0.5681626577738336
        },
        "CONF1": {
            "xtb_gsolv": {
                "gsolv": -0.00484010423699921,
                "energy_xtb_gas": -11.394286371029,
                "energy_xtb_solv": -11.399126475266
            },
            "sp": {
                "energy": -154.661529907649
            },
            "gtot": -154.666370011886,
            "bmw": 0.43183734222616643
        }
    },
    "settings": {
        "threshold": 4.0,
        "func": "pbe-d4",
        "basis": "def2-sv(p)",
        "prog": "orca",
        "gfnv": "gfn2",
        "run": true,
        "template": false
    },
    "nconf_in": 2,
    "nconf_out": 2
}