{
    "partname": "screening",
    "runtime": 26.869755744934082,
    "results": {
        "CONF2": {
            "gsolv": {
                "gsolv": -0.006996098700000175,
                "energy_gas": -154.999628683149,
                "energy_solv": -155.006624781849
            },
            "gtot": -155.006624781849,
            "bmw": 0.4285922837562241
        },
        "CONF1": {
            "gsolv": {
                "gsolv": -0.00721702380400302,
                "energy_gas": -154.99967930239,
                "energy_solv": -155.006896326194
            },
            "gtot": -155.006896326194,
            "bmw": 0.571407716243776
        }
    },
    "settings": {
        "threshold": 3.5,
        "func": "r2scan-3c",
        "basis": "def2-tzvp",
        "prog": "orca",
        "sm": "smd",
        "gfnv": "gfn2",
        "run": true,
        "implicit": false,
        "template": false
    },
    "nconf_in": 2,
    "nconf_out": 2
}