{
    "partname": "refinement",
    "runtime": 71.3705089460127,
    "results": {
        "CONF1": {
            "gsolv": {
                "gsolv": -0.008012068451023424,
                "energy_gas": -155.045748977542,
                "energy_solv": -155.053761045993
            },
            "gtot": -155.053761045993,
            "bmw": 0.5459652356439209
        },
        "CONF2": {
            "gsolv": {
                "gsolv": -0.007704584720983121,
                "energy_gas": -155.045882371216,
                "energy_solv": -155.053586955937
            },
            "gtot": -155.053586955937,
            "bmw": 0.45403476435607903
        }
    },
    "settings": {
        "threshold": 0.95,
        "func": "wb97x-v",
        "basis": "def2-tzvp",
        "prog": "orca",
        "sm": "smd",
        "gfnv": "gfn2",
        "run": true,
        "implicit": false,
        "template": false
    },
    "nconf_in": 2,
    "nconf_out": 2
}