{
   "temperature":     298.150000000000,
   "unit": "hartree",
   "energy":     -65.045238368239,
   "free energy":     -64.791349971196,
   "G(T)":       0.253888397043,
   "ZPVE":       0.313283036241,
   "number of imags":0,
   "point group": "c1",
   "gradient norm":       0.000082015774
}
