{
   "temperature":     298.150000000000,
   "unit": "hartree",
   "energy":     -64.704788136326,
   "free energy":     -64.471796355492,
   "G(T)":       0.232991780835,
   "ZPVE":       0.288494087427,
   "number of imags":0,
   "point group": "c1",
   "gradient norm":       0.000083650289
}
