{
   "temperature":     298.150000000000,
   "unit": "hartree",
   "energy":     -64.704170425225,
   "free energy":     -64.472192464709,
   "G(T)":       0.231977960516,
   "ZPVE":       0.288271258133,
   "number of imags":0,
   "point group": "c1",
   "gradient norm":       0.000048826221
}
