{
   "temperature":     298.150000000000,
   "unit": "hartree",
   "energy":     -16.154148395006,
   "free energy":     -16.095527285111,
   "G(T)":       0.058621109894,
   "ZPVE":       0.085479409297,
   "number of imags":0,
   "point group": "c2v",
   "gradient norm":       0.000045209250
}
