{
   "temperature":     298.150000000000,
   "unit": "hartree",
   "energy":     -65.030664540934,
   "free energy":     -64.778954402642,
   "G(T)":       0.251710138293,
   "ZPVE":       0.313238893098,
   "number of imags":0,
   "point group": "c1",
   "gradient norm":       0.000071781189
}
