{
   "temperature":     298.150000000000,
   "unit": "hartree",
   "energy":     -64.702140659399,
   "free energy":     -64.469701166335,
   "G(T)":       0.232439493065,
   "ZPVE":       0.288580987784,
   "number of imags":0,
   "point group": "c1",
   "gradient norm":       0.000098476136
}
