{
   "temperature":     298.150000000000,
   "unit": "hartree",
   "energy":     -65.042317005333,
   "free energy":     -64.789784481571,
   "G(T)":       0.252532523763,
   "ZPVE":       0.312880522729,
   "number of imags":0,
   "point group": "c2",
   "gradient norm":       0.000102816705
}
