{
   "temperature":     298.150000000000,
   "unit": "hartree",
   "energy":     -65.055673016060,
   "free energy":     -64.802410196898,
   "G(T)":       0.253262819161,
   "ZPVE":       0.312946067175,
   "number of imags":0,
   "point group": "c1",
   "gradient norm":       0.000087299314
}
