{
    "partname": "prescreening",
    "runtime": 5.623522442765534,
    "results": {
        "CONF2": {
            "xtb_gsolv": {
                "gsolv": -0.0031950950679995316,
                "energy_xtb_gas": -14.94727953262,
                "energy_xtb_solv": -14.950474627688
            },
            "sp": {
                "energy": -3111.734542840509
            },
            "gtot": -3111.737737935577,
            "bmw": 0.5720517409344559
        },
        "CONF1": {
            "xtb_gsolv": {
                "gsolv": -0.0014405436219995238,
                "energy_xtb_gas": -14.950284684432,
                "energy_xtb_solv": -14.951725228054
            },
            "sp": {
                "energy": -3111.736023364189
            },
            "gtot": -3111.7374639078107,
            "bmw": 0.42794825906554407
        }
    },
    "settings": {
        "threshold": 4.0,
        "func": "pbe-d4",
        "basis": "def2-sv(p)",
        "prog": "orca",
        "gfnv": "gfn2",
        "run": true,
        "template": false
    },
    "nconf_in": 2,
    "nconf_out": 2
}