{
    "partname": "screening",
    "runtime": 27.571262039244175,
    "results": {
        "CONF1": {
            "gsolv": {
                "gsolv": -0.0044782423219658085,
                "energy_gas": -3112.911385481754,
                "energy_solv": -3112.915863724076
            },
            "gtot": -3112.915863724076,
            "bmw": 0.6512363106128333
        },
        "CONF2": {
            "gsolv": {
                "gsolv": -0.00697549182586954,
                "energy_gas": -3112.908298610256,
                "energy_solv": -3112.915274102082
            },
            "gtot": -3112.915274102082,
            "bmw": 0.3487636893871666
        }
    },
    "settings": {
        "threshold": 3.5,
        "func": "r2scan-3c",
        "basis": "def2-tzvp",
        "prog": "orca",
        "sm": "smd",
        "gfnv": "gfn2",
        "run": true,
        "implicit": false,
        "template": false
    },
    "nconf_in": 2,
    "nconf_out": 2
}