{
    "partname": "refinement",
    "runtime": 110.2109761191532,
    "results": {
        "CONF1": {
            "gsolv": {
                "gsolv": -0.004827308667699981,
                "energy_gas": -3112.689241014459,
                "energy_solv": -3112.694068323127
            },
            "gtot": -3112.694068323127,
            "bmw": 0.5280790920716631
        },
        "CONF2": {
            "gsolv": {
                "gsolv": -0.007104307568170043,
                "energy_gas": -3112.686857856571,
                "energy_solv": -3112.693962164139
            },
            "gtot": -3112.693962164139,
            "bmw": 0.4719209079283369
        }
    },
    "settings": {
        "threshold": 0.95,
        "func": "wb97x-v",
        "basis": "def2-tzvp",
        "prog": "orca",
        "sm": "smd",
        "gfnv": "gfn2",
        "run": true,
        "implicit": false,
        "template": false
    },
    "nconf_in": 2,
    "nconf_out": 2
}