{
   "temperature":     298.150000000000,
   "unit": "hartree",
   "energy":     -17.931874126316,
   "free energy":     -17.816380633065,
   "G(T)":       0.115493493251,
   "ZPVE":       0.143559825700,
   "number of imags":0,
   "point group": "c2",
   "gradient norm":       0.000050437723
}
