{
   "temperature":     298.150000000000,
   "unit": "hartree",
   "energy":     -65.048487100363,
   "free energy":     -64.794311723651,
   "G(T)":       0.254175376712,
   "ZPVE":       0.313350735728,
   "number of imags":0,
   "point group": "c1",
   "gradient norm":       0.000091948871
}
