{
   "temperature":     298.150000000000,
   "unit": "hartree",
   "energy":     -64.695349034248,
   "free energy":     -64.462519152516,
   "G(T)":       0.232829881732,
   "ZPVE":       0.288654306278,
   "number of imags":0,
   "point group": "c1",
   "gradient norm":       0.000066000832
}
