{
   "temperature":     298.150000000000,
   "unit": "hartree",
   "energy":     -65.049960768570,
   "free energy":     -64.797676214609,
   "G(T)":       0.252284553961,
   "ZPVE":       0.312585955301,
   "number of imags":0,
   "point group": "c1",
   "gradient norm":       0.000082428397
}
