{
   "temperature":     298.150000000000,
   "unit": "hartree",
   "energy":     -64.706362978032,
   "free energy":     -64.473638028925,
   "G(T)":       0.232724949106,
   "ZPVE":       0.288425969813,
   "number of imags":0,
   "point group": "c1",
   "gradient norm":       0.000092905700
}
