{
   "temperature":     298.150000000000,
   "unit": "hartree",
   "energy":     -65.054395133568,
   "free energy":     -64.800639087970,
   "G(T)":       0.253756045598,
   "ZPVE":       0.313107835246,
   "number of imags":0,
   "point group": "c1",
   "gradient norm":       0.000093791266
}
