{
   "temperature":     298.150000000000,
   "unit": "hartree",
   "energy":     -64.697059585286,
   "free energy":     -64.464374030318,
   "G(T)":       0.232685554968,
   "ZPVE":       0.288463930712,
   "number of imags":0,
   "point group": "c1",
   "gradient norm":       0.000045589622
}
