{
   "temperature":     298.150000000000,
   "unit": "hartree",
   "energy":     -65.039967479047,
   "free energy":     -64.787484250585,
   "G(T)":       0.252483228462,
   "ZPVE":       0.313056256915,
   "number of imags":0,
   "point group": "c1",
   "gradient norm":       0.000023637517
}
