{
   "temperature":     298.150000000000,
   "unit": "hartree",
   "energy":     -23.544673530740,
   "free energy":     -23.486333306927,
   "G(T)":       0.058340223813,
   "ZPVE":       0.090878530710,
   "number of imags":0,
   "point group": "cs",
   "gradient norm":       0.000040835063
}
