{
   "temperature":     298.150000000000,
   "unit": "hartree",
   "energy":     -65.059657694231,
   "free energy":     -64.806059278719,
   "G(T)":       0.253598415512,
   "ZPVE":       0.312875346283,
   "number of imags":0,
   "point group": "c1",
   "gradient norm":       0.000061582733
}
