{
   "temperature":     298.150000000000,
   "unit": "hartree",
   "energy":     -65.045587755332,
   "free energy":     -64.792170958875,
   "G(T)":       0.253416796456,
   "ZPVE":       0.313001275331,
   "number of imags":0,
   "point group": "c1",
   "gradient norm":       0.000098051890
}
