{
   "temperature":     298.150000000000,
   "unit": "hartree",
   "energy":     -65.065622867316,
   "free energy":     -64.812177453080,
   "G(T)":       0.253445414236,
   "ZPVE":       0.312605714242,
   "number of imags":0,
   "point group": "c1",
   "gradient norm":       0.000080966936
}
