{
   "temperature":     298.150000000000,
   "unit": "hartree",
   "energy":     -14.472033552899,
   "free energy":     -14.441656717071,
   "G(T)":       0.030376835828,
   "ZPVE":       0.058862102352,
   "number of imags":0,
   "point group": "c1",
   "gradient norm":       0.000077831845
}
