{
   "temperature":     298.150000000000,
   "unit": "hartree",
   "energy":     -65.045961205162,
   "free energy":     -64.792917462458,
   "G(T)":       0.253043742703,
   "ZPVE":       0.313031517604,
   "number of imags":0,
   "point group": "c1",
   "gradient norm":       0.000088933424
}
