{
   "temperature":     298.150000000000,
   "unit": "hartree",
   "energy":     -65.049851222800,
   "free energy":     -64.796467529833,
   "G(T)":       0.253383692968,
   "ZPVE":       0.313065001157,
   "number of imags":0,
   "point group": "c1",
   "gradient norm":       0.000031460400
}
