{
   "temperature":     298.150000000000,
   "unit": "hartree",
   "energy":     -65.043321323458,
   "free energy":     -64.790133857871,
   "G(T)":       0.253187465587,
   "ZPVE":       0.313062287641,
   "number of imags":0,
   "point group": "c1",
   "gradient norm":       0.000082803452
}
