{
   "temperature":     298.150000000000,
   "unit": "hartree",
   "energy":     -65.048677366159,
   "free energy":     -64.795149297811,
   "G(T)":       0.253528068348,
   "ZPVE":       0.313214770146,
   "number of imags":0,
   "point group": "c1",
   "gradient norm":       0.000138237351
}
