{
   "temperature":     298.150000000000,
   "unit": "hartree",
   "energy":     -65.048751400149,
   "free energy":     -64.795432194672,
   "G(T)":       0.253319205476,
   "ZPVE":       0.313099763877,
   "number of imags":0,
   "point group": "c1",
   "gradient norm":       0.000087858932
}
