{
   "temperature":     298.150000000000,
   "unit": "hartree",
   "energy":     -65.048840379957,
   "free energy":     -64.795480630269,
   "G(T)":       0.253359749688,
   "ZPVE":       0.313052861099,
   "number of imags":0,
   "point group": "c1",
   "gradient norm":       0.000073094258
}
