{
   "temperature":     298.150000000000,
   "unit": "hartree",
   "energy":     -65.048333829425,
   "free energy":     -64.795153115546,
   "G(T)":       0.253180713879,
   "ZPVE":       0.313028129157,
   "number of imags":0,
   "point group": "c1",
   "gradient norm":       0.000077966325
}
