{
    "partname": "prescreening",
    "runtime": 17.61652268236503,
    "results": {
        "CONF1": {
            "xtb_gsolv": {
                "gsolv": -0.009038598461000191,
                "energy_xtb_gas": -30.748407446214,
                "energy_xtb_solv": -30.757446044675
            },
            "sp": {
                "energy": -512.080799212947
            },
            "gtot": -512.089837811408,
            "bmw": 1.0
        }
    },
    "settings": {
        "threshold": 4.0,
        "func": "pbe-d4",
        "basis": "def2-sv(p)",
        "prog": "orca",
        "gfnv": "gfn2",
        "run": true,
        "template": false
    },
    "nconf_in": 1,
    "nconf_out": 1
}