{
    "partname": "prescreening",
    "runtime": 6.275865552015603,
    "results": {
        "CONF1": {
            "xtb_gsolv": {
                "gsolv": -0.007083561200001753,
                "energy_xtb_gas": -24.071769908597,
                "energy_xtb_solv": -24.078853469797
            },
            "sp": {
                "energy": -451.897715404975
            },
            "gtot": -451.90479896617495,
            "bmw": 0.5862565109554816
        },
        "CONF2": {
            "xtb_gsolv": {
                "gsolv": -0.00972972833999819,
                "energy_xtb_gas": -24.068553031035,
                "energy_xtb_solv": -24.078282759375
            },
            "sp": {
                "energy": -451.894740179175
            },
            "gtot": -451.904469907515,
            "bmw": 0.4137434890445184
        }
    },
    "settings": {
        "threshold": 4.0,
        "func": "pbe-d4",
        "basis": "def2-sv(p)",
        "prog": "orca",
        "gfnv": "gfn2",
        "run": true,
        "template": false
    },
    "nconf_in": 2,
    "nconf_out": 2
}