{
    "partname": "screening",
    "runtime": 35.977095402777195,
    "results": {
        "CONF1": {
            "gsolv": {
                "gsolv": -0.00709879049901474,
                "energy_gas": -452.751282863112,
                "energy_solv": -452.758381653611
            },
            "gtot": -452.758381653611,
            "bmw": 0.8642958310642622
        },
        "CONF2": {
            "gsolv": {
                "gsolv": -0.008748672042997896,
                "energy_gas": -452.747884883988,
                "energy_solv": -452.756633556031
            },
            "gtot": -452.756633556031,
            "bmw": 0.1357041689357377
        }
    },
    "settings": {
        "threshold": 3.5,
        "func": "r2scan-3c",
        "basis": "def2-tzvp",
        "prog": "orca",
        "sm": "smd",
        "gfnv": "gfn2",
        "run": true,
        "implicit": false,
        "template": false
    },
    "nconf_in": 2,
    "nconf_out": 2
}