{
    "partname": "refinement",
    "runtime": 111.79622750356793,
    "results": {
        "CONF2": {
            "gsolv": {
                "gsolv": -0.009816372117995797,
                "energy_gas": -452.814651996321,
                "energy_solv": -452.824468368439
            },
            "gtot": -452.824468368439,
            "bmw": 0.13754568208876147
        },
        "CONF1": {
            "gsolv": {
                "gsolv": -0.008456315705984707,
                "energy_gas": -452.817745409969,
                "energy_solv": -452.826201725675
            },
            "gtot": -452.826201725675,
            "bmw": 0.8624543179112385
        }
    },
    "settings": {
        "threshold": 0.95,
        "func": "wb97x-v",
        "basis": "def2-tzvp",
        "prog": "orca",
        "sm": "smd",
        "gfnv": "gfn2",
        "run": true,
        "implicit": false,
        "template": false
    },
    "nconf_in": 2,
    "nconf_out": 2
}