{
    "partname": "prescreening",
    "runtime": 18.98625475168228,
    "results": {
        "CONF1": {
            "xtb_gsolv": {
                "gsolv": -0.0024789043230057928,
                "energy_xtb_gas": -32.073805568293,
                "energy_xtb_solv": -32.076284472616
            },
            "sp": {
                "energy": -2068.838906988288
            },
            "gtot": -2068.841385892611,
            "bmw": 1.0
        }
    },
    "settings": {
        "threshold": 4.0,
        "func": "pbe-d4",
        "basis": "def2-sv(p)",
        "prog": "orca",
        "gfnv": "gfn2",
        "run": true,
        "template": false
    },
    "nconf_in": 1,
    "nconf_out": 1
}