{
   "temperature":     298.150000000000,
   "unit": "hartree",
   "energy":     -19.192165640282,
   "free energy":     -19.135982766471,
   "G(T)":       0.056182873811,
   "ZPVE":       0.087376160497,
   "number of imags":0,
   "point group": "c2v",
   "gradient norm":       0.000028761182
}
