{
   "temperature":     298.150000000000,
   "unit": "hartree",
   "energy":     -64.694940775768,
   "free energy":     -64.463173075589,
   "G(T)":       0.231767700180,
   "ZPVE":       0.288378685637,
   "number of imags":0,
   "point group": "c1",
   "gradient norm":       0.000042232417
}
