{
   "temperature":     298.150000000000,
   "unit": "hartree",
   "energy":     -65.051602824837,
   "free energy":     -64.798378939673,
   "G(T)":       0.253223885163,
   "ZPVE":       0.313041381672,
   "number of imags":0,
   "point group": "c1",
   "gradient norm":       0.000091234144
}
