{
   "temperature":     298.150000000000,
   "unit": "hartree",
   "energy":     -65.049639748439,
   "free energy":     -64.796766239579,
   "G(T)":       0.252873508860,
   "ZPVE":       0.313008322118,
   "number of imags":0,
   "point group": "c1",
   "gradient norm":       0.000074187852
}
