{
   "temperature":     298.150000000000,
   "unit": "hartree",
   "energy":     -28.678635918274,
   "free energy":     -28.638342497808,
   "G(T)":       0.040293420466,
   "ZPVE":       0.073095058901,
   "number of imags":0,
   "point group": "cs",
   "gradient norm":       0.000071921038
}
