{
   "temperature":     298.150000000000,
   "unit": "hartree",
   "energy":     -25.392926036772,
   "free energy":     -25.250802581057,
   "G(T)":       0.142123455716,
   "ZPVE":       0.179457887761,
   "number of imags":0,
   "point group": "cs",
   "gradient norm":       0.000021218489
}
