{
   "temperature":     298.150000000000,
   "unit": "hartree",
   "energy":     -64.705370750892,
   "free energy":     -64.473387927642,
   "G(T)":       0.231982823251,
   "ZPVE":       0.288246856497,
   "number of imags":0,
   "point group": "c1",
   "gradient norm":       0.000132217604
}
