{
   "temperature":     298.150000000000,
   "unit": "hartree",
   "energy":     -65.051022311637,
   "free energy":     -64.798451543312,
   "G(T)":       0.252570768326,
   "ZPVE":       0.312515612492,
   "number of imags":0,
   "point group": "c1",
   "gradient norm":       0.000027209855
}
