{
   "temperature":     298.150000000000,
   "unit": "hartree",
   "energy":     -65.047335113170,
   "free energy":     -64.793822642099,
   "G(T)":       0.253512471071,
   "ZPVE":       0.313192130149,
   "number of imags":0,
   "point group": "c1",
   "gradient norm":       0.000054896548
}
