{
   "temperature":     298.150000000000,
   "unit": "hartree",
   "energy":     -65.048524404845,
   "free energy":     -64.795189904563,
   "G(T)":       0.253334500282,
   "ZPVE":       0.313029315873,
   "number of imags":0,
   "point group": "c1",
   "gradient norm":       0.000043206998
}
