{
   "temperature":     298.150000000000,
   "unit": "hartree",
   "energy":     -65.051427012373,
   "free energy":     -64.798676805160,
   "G(T)":       0.252750207213,
   "ZPVE":       0.312707879938,
   "number of imags":0,
   "point group": "c1",
   "gradient norm":       0.000064880640
}
