{
    "partname": "prescreening",
    "runtime": 55.7864694269374,
    "results": {
        "CONF1": {
            "xtb_gsolv": {
                "gsolv": 0.00019003962399821717,
                "energy_xtb_gas": -25.39165111057,
                "energy_xtb_solv": -25.391461070946
            },
            "sp": {
                "energy": -349.377551957131
            },
            "gtot": -349.377361917507,
            "bmw": 1.0
        }
    },
    "settings": {
        "threshold": 4.0,
        "func": "pbe-d4",
        "basis": "def2-sv(p)",
        "prog": "orca",
        "gfnv": "gfn2",
        "run": true,
        "template": false
    },
    "nconf_in": 1,
    "nconf_out": 1
}