{
   "temperature":     298.150000000000,
   "unit": "hartree",
   "energy":     -65.041456352753,
   "free energy":     -64.789177182715,
   "G(T)":       0.252279170038,
   "ZPVE":       0.312911103744,
   "number of imags":0,
   "point group": "c1",
   "gradient norm":       0.000104849728
}
