{
   "temperature":     298.150000000000,
   "unit": "hartree",
   "energy":     -64.698454969317,
   "free energy":     -64.466450640503,
   "G(T)":       0.232004328814,
   "ZPVE":       0.288433764423,
   "number of imags":0,
   "point group": "c1",
   "gradient norm":       0.000073797365
}
