{
   "temperature":     298.150000000000,
   "unit": "hartree",
   "energy":     -10.579245800464,
   "free energy":     -10.533112497691,
   "G(T)":       0.046133302773,
   "ZPVE":       0.072940523945,
   "number of imags":0,
   "point group": "c1",
   "gradient norm":       0.000029623310
}
