{
    "partname": "prescreening",
    "runtime": 6.159291325137019,
    "results": {
        "CONF1": {
            "xtb_gsolv": {
                "gsolv": -0.003325002697000201,
                "energy_xtb_gas": -18.852703042166,
                "energy_xtb_solv": -18.856028044863
            },
            "sp": {
                "energy": -269.963144188236
            },
            "gtot": -269.966469190933,
            "bmw": 1.0
        }
    },
    "settings": {
        "threshold": 4.0,
        "func": "pbe-d4",
        "basis": "def2-sv(p)",
        "prog": "orca",
        "gfnv": "gfn2",
        "run": true,
        "template": false
    },
    "nconf_in": 1,
    "nconf_out": 1
}