{
   "temperature":     298.150000000000,
   "unit": "hartree",
   "energy":     -64.689993747345,
   "free energy":     -64.457415104069,
   "G(T)":       0.232578643276,
   "ZPVE":       0.288579096568,
   "number of imags":0,
   "point group": "c1",
   "gradient norm":       0.000069668542
}
