{
   "temperature":     298.150000000000,
   "unit": "hartree",
   "energy":     -65.041595909849,
   "free energy":     -64.789363666841,
   "G(T)":       0.252232243008,
   "ZPVE":       0.312907528587,
   "number of imags":0,
   "point group": "c1",
   "gradient norm":       0.000042942388
}
