{
   "temperature":     298.150000000000,
   "unit": "hartree",
   "energy":     -64.701383662710,
   "free energy":     -64.468676944918,
   "G(T)":       0.232706717791,
   "ZPVE":       0.288505951272,
   "number of imags":0,
   "point group": "c1",
   "gradient norm":       0.000062369679
}
