{
   "temperature":     298.150000000000,
   "unit": "hartree",
   "energy":     -13.523954023997,
   "free energy":     -13.469092028621,
   "G(T)":       0.054861995377,
   "ZPVE":       0.082325640410,
   "number of imags":0,
   "point group": "cs",
   "gradient norm":       0.000043932133
}
