{
   "temperature":     298.150000000000,
   "unit": "hartree",
   "energy":     -65.048212620334,
   "free energy":     -64.796026712943,
   "G(T)":       0.252185907391,
   "ZPVE":       0.312680756882,
   "number of imags":0,
   "point group": "c1",
   "gradient norm":       0.000022328627
}
