{
   "temperature":     298.150000000000,
   "unit": "hartree",
   "energy":     -15.463636969929,
   "free energy":     -15.409987373571,
   "G(T)":       0.053649596357,
   "ZPVE":       0.081275199166,
   "number of imags":0,
   "point group": "c1",
   "gradient norm":       0.000086616583
}
