{
   "temperature":     298.150000000000,
   "unit": "hartree",
   "energy":     -65.062564942562,
   "free energy":     -64.809191685031,
   "G(T)":       0.253373257531,
   "ZPVE":       0.312641724515,
   "number of imags":0,
   "point group": "c1",
   "gradient norm":       0.000067884367
}
