{
   "temperature":     298.150000000000,
   "unit": "hartree",
   "energy":     -65.064553767321,
   "free energy":     -64.810873390795,
   "G(T)":       0.253680376526,
   "ZPVE":       0.312851664975,
   "number of imags":0,
   "point group": "c1",
   "gradient norm":       0.000068933381
}
