{
   "temperature":     298.150000000000,
   "unit": "hartree",
   "energy":     -65.051509684838,
   "free energy":     -64.798373436855,
   "G(T)":       0.253136247983,
   "ZPVE":       0.313022741190,
   "number of imags":0,
   "point group": "c1",
   "gradient norm":       0.000077695139
}
