{
   "temperature":     298.150000000000,
   "unit": "hartree",
   "energy":     -65.055897674354,
   "free energy":     -64.803071703963,
   "G(T)":       0.252825970391,
   "ZPVE":       0.312623507826,
   "number of imags":0,
   "point group": "c1",
   "gradient norm":       0.000053776899
}
