{
   "temperature":     298.150000000000,
   "unit": "hartree",
   "energy":     -65.038113637832,
   "free energy":     -64.785166286594,
   "G(T)":       0.252947351238,
   "ZPVE":       0.313293048428,
   "number of imags":0,
   "point group": "c1",
   "gradient norm":       0.000114957214
}
