{
   "temperature":     298.150000000000,
   "unit": "hartree",
   "energy":     -65.042300814517,
   "free energy":     -64.789539487743,
   "G(T)":       0.252761326775,
   "ZPVE":       0.313090980570,
   "number of imags":0,
   "point group": "c1",
   "gradient norm":       0.000037338683
}
