{
   "temperature":     298.150000000000,
   "unit": "hartree",
   "energy":     -65.041757465258,
   "free energy":     -64.788891438844,
   "G(T)":       0.252866026415,
   "ZPVE":       0.313267891021,
   "number of imags":0,
   "point group": "c1",
   "gradient norm":       0.000079267643
}
