{
   "temperature":     298.150000000000,
   "unit": "hartree",
   "energy":     -65.043130931732,
   "free energy":     -64.789952529247,
   "G(T)":       0.253178402485,
   "ZPVE":       0.313180867430,
   "number of imags":0,
   "point group": "c1",
   "gradient norm":       0.000072887833
}
