{
   "temperature":     298.150000000000,
   "unit": "hartree",
   "energy":     -64.693716160697,
   "free energy":     -64.460723416802,
   "G(T)":       0.232992743895,
   "ZPVE":       0.288837580713,
   "number of imags":0,
   "point group": "c1",
   "gradient norm":       0.000096559146
}
