{
   "temperature":     298.150000000000,
   "unit": "hartree",
   "energy":     -65.057100178139,
   "free energy":     -64.803353346651,
   "G(T)":       0.253746831487,
   "ZPVE":       0.313078799715,
   "number of imags":0,
   "point group": "c1",
   "gradient norm":       0.000099449085
}
