{
    "partname": "prescreening",
    "runtime": 13.745476703159511,
    "results": {
        "CONF1": {
            "xtb_gsolv": {
                "gsolv": -0.002366954702999635,
                "energy_xtb_gas": -19.187984855486,
                "energy_xtb_solv": -19.190351810189
            },
            "sp": {
                "energy": -528.820957527412
            },
            "gtot": -528.823324482115,
            "bmw": 1.0
        }
    },
    "settings": {
        "threshold": 4.0,
        "func": "pbe-d4",
        "basis": "def2-sv(p)",
        "prog": "orca",
        "gfnv": "gfn2",
        "run": true,
        "template": false
    },
    "nconf_in": 1,
    "nconf_out": 1
}