{
   "temperature":     298.150000000000,
   "unit": "hartree",
   "energy":     -64.693667943532,
   "free energy":     -64.461182247032,
   "G(T)":       0.232485696500,
   "ZPVE":       0.288664093120,
   "number of imags":0,
   "point group": "c1",
   "gradient norm":       0.000085155935
}
