{
    "partname": "prescreening",
    "runtime": 23.92253712937236,
    "results": {
        "CONF2": {
            "xtb_gsolv": {
                "gsolv": -0.009461225366997894,
                "energy_xtb_gas": -25.472988572154,
                "energy_xtb_solv": -25.482449797521
            },
            "sp": {
                "energy": -364.429133900544
            },
            "gtot": -364.438595125911,
            "bmw": 0.16534170946645957
        },
        "CONF1": {
            "xtb_gsolv": {
                "gsolv": -0.009530811250002102,
                "energy_xtb_gas": -25.475194542026,
                "energy_xtb_solv": -25.484725353276
            },
            "sp": {
                "energy": -364.430581463444
            },
            "gtot": -364.440112274694,
            "bmw": 0.8245605611211873
        },
        "CONF3": {
            "xtb_gsolv": {
                "gsolv": -0.009199846263999945,
                "energy_xtb_gas": -25.471876854554,
                "energy_xtb_solv": -25.481076700818
            },
            "sp": {
                "energy": -364.426755621517
            },
            "gtot": -364.43595546778096,
            "bmw": 0.010097729412353066
        }
    },
    "settings": {
        "threshold": 4.0,
        "func": "pbe-d4",
        "basis": "def2-sv(p)",
        "prog": "orca",
        "gfnv": "gfn2",
        "run": true,
        "template": false
    },
    "nconf_in": 3,
    "nconf_out": 3
}