{
    "partname": "screening",
    "runtime": 99.69732191693038,
    "results": {
        "CONF3": {
            "gsolv": {
                "gsolv": -0.014026667812004234,
                "energy_gas": -365.149720755325,
                "energy_solv": -365.163747423137
            },
            "gtot": -365.163747423137,
            "bmw": 0.0017107988784565644
        },
        "CONF1": {
            "gsolv": {
                "gsolv": -0.014905646183990484,
                "energy_gas": -365.154636851639,
                "energy_solv": -365.169542497823
            },
            "gtot": -365.169542497823,
            "bmw": 0.7920430742435823
        },
        "CONF2": {
            "gsolv": {
                "gsolv": -0.01483922143398786,
                "energy_gas": -365.153432834108,
                "energy_solv": -365.168272055542
            },
            "gtot": -365.168272055542,
            "bmw": 0.20624612687796112
        }
    },
    "settings": {
        "threshold": 3.5,
        "func": "r2scan-3c",
        "basis": "def2-tzvp",
        "prog": "orca",
        "sm": "smd",
        "gfnv": "gfn2",
        "run": true,
        "implicit": false,
        "template": false
    },
    "nconf_in": 3,
    "nconf_out": 3
}