{
    "partname": "refinement",
    "runtime": 391.746700624004,
    "results": {
        "CONF1": {
            "gsolv": {
                "gsolv": -0.016265115552982934,
                "energy_gas": -365.276439787529,
                "energy_solv": -365.292704903082
            },
            "gtot": -365.292704903082,
            "bmw": 0.33677956996146147
        },
        "CONF3": {
            "gsolv": {
                "gsolv": -0.016215312200017706,
                "energy_gas": -365.276482982413,
                "energy_solv": -365.292698294613
            },
            "gtot": -365.292698294613,
            "bmw": 0.3344306344282508
        },
        "CONF2": {
            "gsolv": {
                "gsolv": -0.016227663402958115,
                "energy_gas": -365.276454569832,
                "energy_solv": -365.292682233235
            },
            "gtot": -365.292682233235,
            "bmw": 0.32878979561028776
        }
    },
    "settings": {
        "threshold": 0.95,
        "func": "wb97x-v",
        "basis": "def2-tzvp",
        "prog": "orca",
        "sm": "smd",
        "gfnv": "gfn2",
        "run": true,
        "implicit": false,
        "template": false
    },
    "nconf_in": 3,
    "nconf_out": 3
}