{
   "temperature":     298.150000000000,
   "unit": "hartree",
   "energy":     -13.504547512764,
   "free energy":     -13.449876123238,
   "G(T)":       0.054671389526,
   "ZPVE":       0.081833883220,
   "number of imags":0,
   "point group": "c1",
   "gradient norm":       0.000046470488
}
