{
   "temperature":     298.150000000000,
   "unit": "hartree",
   "energy":     -65.048839578265,
   "free energy":     -64.795499916434,
   "G(T)":       0.253339661831,
   "ZPVE":       0.313048562334,
   "number of imags":0,
   "point group": "c1",
   "gradient norm":       0.000104214954
}
