{
   "temperature":     298.150000000000,
   "unit": "hartree",
   "energy":     -64.719164777631,
   "free energy":     -64.486305818055,
   "G(T)":       0.232858959576,
   "ZPVE":       0.287973016975,
   "number of imags":0,
   "point group": "c1",
   "gradient norm":       0.000054586885
}
