{
   "temperature":     298.150000000000,
   "unit": "hartree",
   "energy":     -15.463075801671,
   "free energy":     -15.408842388133,
   "G(T)":       0.054233413538,
   "ZPVE":       0.081244500929,
   "number of imags":0,
   "point group": "c2",
   "gradient norm":       0.000053623943
}
