{
   "temperature":     298.150000000000,
   "unit": "hartree",
   "energy":     -64.705560451446,
   "free energy":     -64.473437136734,
   "G(T)":       0.232123314712,
   "ZPVE":       0.288260985413,
   "number of imags":0,
   "point group": "c1",
   "gradient norm":       0.000099652381
}
