{
   "temperature":     298.150000000000,
   "unit": "hartree",
   "energy":     -36.158260681854,
   "free energy":     -36.037155737426,
   "G(T)":       0.121104944428,
   "ZPVE":       0.155583260539,
   "number of imags":0,
   "point group": "c1",
   "gradient norm":       0.000120402512
}
