{
   "temperature":     298.150000000000,
   "unit": "hartree",
   "energy":     -65.051227798296,
   "free energy":     -64.798355576735,
   "G(T)":       0.252872221561,
   "ZPVE":       0.312914942592,
   "number of imags":0,
   "point group": "c1",
   "gradient norm":       0.000087185001
}
