{
   "temperature":     298.150000000000,
   "unit": "hartree",
   "energy":     -65.051713900194,
   "free energy":     -64.798960330090,
   "G(T)":       0.252753570104,
   "ZPVE":       0.312861791072,
   "number of imags":0,
   "point group": "c1",
   "gradient norm":       0.000027114303
}
