{
   "temperature":     298.150000000000,
   "unit": "hartree",
   "energy":     -65.043321347435,
   "free energy":     -64.790414403749,
   "G(T)":       0.252906943686,
   "ZPVE":       0.313046135600,
   "number of imags":0,
   "point group": "c1",
   "gradient norm":       0.000163200407
}
