{
   "temperature":     298.150000000000,
   "unit": "hartree",
   "energy":     -46.014002581481,
   "free energy":     -45.910327829749,
   "G(T)":       0.103674751733,
   "ZPVE":       0.143185636082,
   "number of imags":0,
   "point group": "c2h",
   "gradient norm":       0.000038472014
}
