{
   "temperature":     298.150000000000,
   "unit": "hartree",
   "energy":     -25.840445026160,
   "free energy":     -25.674813830331,
   "G(T)":       0.165631195829,
   "ZPVE":       0.197776727666,
   "number of imags":0,
   "point group": "cs",
   "gradient norm":       0.000015561549
}
