{
    "partname": "prescreening",
    "runtime": 5.540926259942353,
    "results": {
        "CONF1": {
            "xtb_gsolv": {
                "gsolv": 0.0009966921730004685,
                "energy_xtb_gas": -15.87963923605,
                "energy_xtb_solv": -15.878642543877
            },
            "sp": {
                "energy": -231.724099511249
            },
            "gtot": -231.723102819076,
            "bmw": 1.0
        }
    },
    "settings": {
        "threshold": 4.0,
        "func": "pbe-d4",
        "basis": "def2-sv(p)",
        "prog": "orca",
        "gfnv": "gfn2",
        "run": true,
        "template": false
    },
    "nconf_in": 1,
    "nconf_out": 1
}