{
   "temperature":     298.150000000000,
   "unit": "hartree",
   "energy":     -26.299275694759,
   "free energy":     -26.177399210099,
   "G(T)":       0.121876484661,
   "ZPVE":       0.155522048088,
   "number of imags":0,
   "point group": "cs",
   "gradient norm":       0.000024968119
}
