{
   "temperature":     298.150000000000,
   "unit": "hartree",
   "energy":     -18.710010627895,
   "free energy":     -18.658681248008,
   "G(T)":       0.051329379887,
   "ZPVE":       0.080909306921,
   "number of imags":0,
   "point group": "c2v",
   "gradient norm":       0.000023653305
}
