{
   "temperature":     298.150000000000,
   "unit": "hartree",
   "energy":     -28.203673629330,
   "free energy":     -28.164968419248,
   "G(T)":       0.038705210082,
   "ZPVE":       0.072653810999,
   "number of imags":0,
   "point group": "cs",
   "gradient norm":       0.000070706226
}
