{
   "temperature":     298.150000000000,
   "unit": "hartree",
   "energy":     -16.997352791675,
   "free energy":     -16.928329602898,
   "G(T)":       0.069023188777,
   "ZPVE":       0.098998164153,
   "number of imags":0,
   "point group": "cs",
   "gradient norm":       0.000054301716
}
