{
   "temperature":     298.150000000000,
   "unit": "hartree",
   "energy":     -17.797963800613,
   "free energy":     -17.750476439687,
   "G(T)":       0.047487360927,
   "ZPVE":       0.076444836615,
   "number of imags":0,
   "point group": "cs",
   "gradient norm":       0.000034545604
}
