{
   "temperature":     298.150000000000,
   "unit": "hartree",
   "energy":     -15.460535367990,
   "free energy":     -15.407326801050,
   "G(T)":       0.053208566940,
   "ZPVE":       0.080966646686,
   "number of imags":0,
   "point group": "c1",
   "gradient norm":       0.000040750178
}
