{
   "temperature":     298.150000000000,
   "unit": "hartree",
   "energy":     -65.055847277090,
   "free energy":     -64.802275675273,
   "G(T)":       0.253571601817,
   "ZPVE":       0.312811620510,
   "number of imags":0,
   "point group": "c2",
   "gradient norm":       0.000039363678
}
