{
   "temperature":     298.150000000000,
   "unit": "hartree",
   "energy":     -13.809857596391,
   "free energy":     -13.747633604133,
   "G(T)":       0.062223992258,
   "ZPVE":       0.092389519849,
   "number of imags":0,
   "point group": "cs",
   "gradient norm":       0.000045673284
}
