{
   "temperature":     298.150000000000,
   "unit": "hartree",
   "energy":     -65.042994717292,
   "free energy":     -64.790580153387,
   "G(T)":       0.252414563905,
   "ZPVE":       0.313090446552,
   "number of imags":0,
   "point group": "c1",
   "gradient norm":       0.000054273838
}
