{
    "partname": "prescreening",
    "runtime": 7.299612985923886,
    "results": {
        "CONF1": {
            "xtb_gsolv": {
                "gsolv": -0.0035707020130004707,
                "energy_xtb_gas": -22.493824601181,
                "energy_xtb_solv": -22.497395303194
            },
            "sp": {
                "energy": -326.183497666348
            },
            "gtot": -326.187068368361,
            "bmw": 0.8738203787088674
        },
        "CONF2": {
            "xtb_gsolv": {
                "gsolv": -0.003555591732997243,
                "energy_xtb_gas": -22.492206070173,
                "energy_xtb_solv": -22.495761661906
            },
            "sp": {
                "energy": -326.181685622009
            },
            "gtot": -326.185241213742,
            "bmw": 0.12617962129113264
        }
    },
    "settings": {
        "threshold": 4.0,
        "func": "pbe-d4",
        "basis": "def2-sv(p)",
        "prog": "orca",
        "gfnv": "gfn2",
        "run": true,
        "template": false
    },
    "nconf_in": 2,
    "nconf_out": 2
}