{
    "partname": "screening",
    "runtime": 47.02019681967795,
    "results": {
        "CONF2": {
            "gsolv": {
                "gsolv": -0.00733423317302595,
                "energy_gas": -326.820078998883,
                "energy_solv": -326.827413232056
            },
            "gtot": -326.827413232056,
            "bmw": 0.1122670073500187
        },
        "CONF1": {
            "gsolv": {
                "gsolv": -0.007518348424980559,
                "energy_gas": -326.821847258364,
                "energy_solv": -326.829365606789
            },
            "gtot": -326.829365606789,
            "bmw": 0.8877329926499813
        }
    },
    "settings": {
        "threshold": 3.5,
        "func": "r2scan-3c",
        "basis": "def2-tzvp",
        "prog": "orca",
        "sm": "smd",
        "gfnv": "gfn2",
        "run": true,
        "implicit": false,
        "template": false
    },
    "nconf_in": 2,
    "nconf_out": 2
}