{
    "partname": "refinement",
    "runtime": 279.35639345645905,
    "results": {
        "CONF1": {
            "gsolv": {
                "gsolv": -0.00770288898996796,
                "energy_gas": -326.930885637608,
                "energy_solv": -326.938588526598
            },
            "gtot": -326.938588526598,
            "bmw": 0.875141055970358
        },
        "CONF2": {
            "gsolv": {
                "gsolv": -0.007564338975043938,
                "energy_gas": -326.92918567254,
                "energy_solv": -326.936750011515
            },
            "gtot": -326.936750011515,
            "bmw": 0.12485894402964205
        }
    },
    "settings": {
        "threshold": 0.95,
        "func": "wb97x-v",
        "basis": "def2-tzvp",
        "prog": "orca",
        "sm": "smd",
        "gfnv": "gfn2",
        "run": true,
        "implicit": false,
        "template": false
    },
    "nconf_in": 2,
    "nconf_out": 2
}