{
   "temperature":     298.150000000000,
   "unit": "hartree",
   "energy":     -65.050078976511,
   "free energy":     -64.797340411336,
   "G(T)":       0.252738565175,
   "ZPVE":       0.312891145846,
   "number of imags":0,
   "point group": "c1",
   "gradient norm":       0.000080638986
}
