{
   "temperature":     298.150000000000,
   "unit": "hartree",
   "energy":     -65.027429445882,
   "free energy":     -64.779111335484,
   "G(T)":       0.248318110399,
   "ZPVE":       0.312790560274,
   "number of imags":0,
   "point group": "c1",
   "gradient norm":       0.000184514485
}
