{
   "temperature":     298.150000000000,
   "unit": "hartree",
   "energy":     -65.044578180857,
   "free energy":     -64.792310362583,
   "G(T)":       0.252267818274,
   "ZPVE":       0.312904641645,
   "number of imags":0,
   "point group": "c1",
   "gradient norm":       0.000030581287
}
