{
    "partname": "prescreening",
    "runtime": 5.308623258955777,
    "results": {
        "CONF1": {
            "xtb_gsolv": {
                "gsolv": -0.003384919744998882,
                "energy_xtb_gas": -15.789253726086,
                "energy_xtb_solv": -15.792638645831
            },
            "sp": {
                "energy": -277.745714915466
            },
            "gtot": -277.749099835211,
            "bmw": 1.0
        }
    },
    "settings": {
        "threshold": 4.0,
        "func": "pbe-d4",
        "basis": "def2-sv(p)",
        "prog": "orca",
        "gfnv": "gfn2",
        "run": true,
        "template": false
    },
    "nconf_in": 1,
    "nconf_out": 1
}