{
   "temperature":     298.150000000000,
   "unit": "hartree",
   "energy":     -13.523829048363,
   "free energy":     -13.469049091148,
   "G(T)":       0.054779957216,
   "ZPVE":       0.082419744191,
   "number of imags":0,
   "point group": "c1",
   "gradient norm":       0.000040199396
}
