{
   "temperature":     298.150000000000,
   "unit": "hartree",
   "energy":     -65.052275622460,
   "free energy":     -64.799108021769,
   "G(T)":       0.253167600691,
   "ZPVE":       0.312923022351,
   "number of imags":0,
   "point group": "c1",
   "gradient norm":       0.000058282380
}
