{
   "temperature":     298.150000000000,
   "unit": "hartree",
   "energy":     -65.058984125880,
   "free energy":     -64.805723085091,
   "G(T)":       0.253261040790,
   "ZPVE":       0.312618400067,
   "number of imags":0,
   "point group": "c1",
   "gradient norm":       0.000057482911
}
