{
   "temperature":     298.150000000000,
   "unit": "hartree",
   "energy":     -25.486538859510,
   "free energy":     -25.355854045330,
   "G(T)":       0.130684814180,
   "ZPVE":       0.163530115538,
   "number of imags":0,
   "point group": "c1",
   "gradient norm":       0.000148188166
}
