{
    "partname": "prescreening",
    "runtime": 7.486105606891215,
    "results": {
        "CONF1": {
            "xtb_gsolv": {
                "gsolv": -0.0015435954630014237,
                "energy_xtb_gas": -11.377948941117,
                "energy_xtb_solv": -11.37949253658
            },
            "sp": {
                "energy": -538.873834951036
            },
            "gtot": -538.875378546499,
            "bmw": 1.0
        }
    },
    "settings": {
        "threshold": 4.0,
        "func": "pbe-d4",
        "basis": "def2-sv(p)",
        "prog": "orca",
        "gfnv": "gfn2",
        "run": true,
        "template": false
    },
    "nconf_in": 1,
    "nconf_out": 1
}