{
    "partname": "prescreening",
    "runtime": 4.536245611961931,
    "results": {
        "CONF1": {
            "xtb_gsolv": {
                "gsolv": 0.0017693452920006791,
                "energy_xtb_gas": -9.448189921734,
                "energy_xtb_solv": -9.446420576442
            },
            "sp": {
                "energy": -117.593342511679
            },
            "gtot": -117.591573166387,
            "bmw": 1.0
        }
    },
    "settings": {
        "threshold": 4.0,
        "func": "pbe-d4",
        "basis": "def2-sv(p)",
        "prog": "orca",
        "gfnv": "gfn2",
        "run": true,
        "template": false
    },
    "nconf_in": 1,
    "nconf_out": 1
}