{
   "temperature":     298.150000000000,
   "unit": "hartree",
   "energy":     -65.049761375717,
   "free energy":     -64.797076299116,
   "G(T)":       0.252685076601,
   "ZPVE":       0.312690418961,
   "number of imags":0,
   "point group": "c1",
   "gradient norm":       0.000080692937
}
