{
    "partname": "prescreening",
    "runtime": 26.35424336604774,
    "results": {
        "CONF1": {
            "xtb_gsolv": {
                "gsolv": -0.004280060209996606,
                "energy_xtb_gas": -17.731774196639,
                "energy_xtb_solv": -17.736054256849
            },
            "sp": {
                "energy": -233.096703338907
            },
            "gtot": -233.10098339911698,
            "bmw": 1.0
        }
    },
    "settings": {
        "threshold": 4.0,
        "func": "pbe-d4",
        "basis": "def2-sv(p)",
        "prog": "orca",
        "gfnv": "gfn2",
        "run": true,
        "template": false
    },
    "nconf_in": 1,
    "nconf_out": 1
}