{
   "temperature":     298.150000000000,
   "unit": "hartree",
   "energy":     -65.046513282685,
   "free energy":     -64.794004754710,
   "G(T)":       0.252508527975,
   "ZPVE":       0.312918630693,
   "number of imags":0,
   "point group": "c1",
   "gradient norm":       0.000058649259
}
