{
   "temperature":     298.150000000000,
   "unit": "hartree",
   "energy":     -65.041571390693,
   "free energy":     -64.788327813284,
   "G(T)":       0.253243577408,
   "ZPVE":       0.313347710025,
   "number of imags":0,
   "point group": "c1",
   "gradient norm":       0.000037372405
}
