{
   "temperature":     298.150000000000,
   "unit": "hartree",
   "energy":     -65.055635685485,
   "free energy":     -64.802099699594,
   "G(T)":       0.253535985891,
   "ZPVE":       0.312815074855,
   "number of imags":0,
   "point group": "c1",
   "gradient norm":       0.000040427723
}
