{
   "temperature":     298.150000000000,
   "unit": "hartree",
   "energy":     -10.758638851926,
   "free energy":     -10.693156720739,
   "G(T)":       0.065482131187,
   "ZPVE":       0.090974418843,
   "number of imags":0,
   "point group": "cs",
   "gradient norm":       0.000016732472
}
