{
   "temperature":     298.150000000000,
   "unit": "hartree",
   "energy":     -65.057520949074,
   "free energy":     -64.804379246006,
   "G(T)":       0.253141703067,
   "ZPVE":       0.312769442469,
   "number of imags":0,
   "point group": "c1",
   "gradient norm":       0.000058483212
}
