{
   "temperature":     298.150000000000,
   "unit": "hartree",
   "energy":     -64.693626390700,
   "free energy":     -64.461316994869,
   "G(T)":       0.232309395831,
   "ZPVE":       0.288629295114,
   "number of imags":0,
   "point group": "c1",
   "gradient norm":       0.000085309690
}
