{
   "temperature":     298.150000000000,
   "unit": "hartree",
   "energy":      -4.259394010942,
   "free energy":      -4.264847861088,
   "G(T)":      -0.005453850147,
   "ZPVE":       0.014055940777,
   "number of imags":0,
   "point group": "c2v",
   "gradient norm":       0.000000807494
}
