{
   "temperature":     298.150000000000,
   "unit": "hartree",
   "energy":     -22.946925913115,
   "free energy":     -22.895220578954,
   "G(T)":       0.051705334161,
   "ZPVE":       0.081547667355,
   "number of imags":0,
   "point group": "d2h",
   "gradient norm":       0.000018976594
}
