{
   "temperature":     298.150000000000,
   "unit": "hartree",
   "energy":     -65.047133379947,
   "free energy":     -64.794592078183,
   "G(T)":       0.252541301764,
   "ZPVE":       0.312847676829,
   "number of imags":0,
   "point group": "c1",
   "gradient norm":       0.000023603907
}
