{
   "temperature":     298.150000000000,
   "unit": "hartree",
   "energy":     -65.053001126509,
   "free energy":     -64.800014922806,
   "G(T)":       0.252986203703,
   "ZPVE":       0.312786368498,
   "number of imags":0,
   "point group": "c1",
   "gradient norm":       0.000066791731
}
