{
   "temperature":     298.150000000000,
   "unit": "hartree",
   "energy":     -64.704564221971,
   "free energy":     -64.471433663294,
   "G(T)":       0.233130558677,
   "ZPVE":       0.288637257658,
   "number of imags":0,
   "point group": "c1",
   "gradient norm":       0.000090445620
}
