{
   "temperature":     298.150000000000,
   "unit": "hartree",
   "energy":     -65.049379101570,
   "free energy":     -64.796940310393,
   "G(T)":       0.252438791177,
   "ZPVE":       0.312759694023,
   "number of imags":0,
   "point group": "c1",
   "gradient norm":       0.000062259761
}
