{
   "temperature":     298.150000000000,
   "unit": "hartree",
   "energy":     -47.582724735766,
   "free energy":     -47.520914332117,
   "G(T)":       0.061810403648,
   "ZPVE":       0.103591025807,
   "number of imags":0,
   "point group": "c2",
   "gradient norm":       0.000036649357
}
