{
   "temperature":     298.150000000000,
   "unit": "hartree",
   "energy":     -65.061425679945,
   "free energy":     -64.807939480362,
   "G(T)":       0.253486199583,
   "ZPVE":       0.312752811767,
   "number of imags":0,
   "point group": "c1",
   "gradient norm":       0.000066923674
}
