{
   "temperature":     298.150000000000,
   "unit": "hartree",
   "energy":     -65.045462048501,
   "free energy":     -64.793122974585,
   "G(T)":       0.252339073916,
   "ZPVE":       0.312781759006,
   "number of imags":0,
   "point group": "c1",
   "gradient norm":       0.000082252509
}
