{
   "temperature":     298.150000000000,
   "unit": "hartree",
   "energy":     -64.699626720478,
   "free energy":     -64.467015442593,
   "G(T)":       0.232611277885,
   "ZPVE":       0.288377502512,
   "number of imags":0,
   "point group": "c1",
   "gradient norm":       0.000057712413
}
