{
   "temperature":     298.150000000000,
   "unit": "hartree",
   "energy":     -19.465796838458,
   "free energy":     -19.450544640485,
   "G(T)":       0.015252197974,
   "ZPVE":       0.045137992687,
   "number of imags":0,
   "point group": "c3v",
   "gradient norm":       0.000011651601
}
