{
   "temperature":     298.150000000000,
   "unit": "hartree",
   "energy":     -65.055913228491,
   "free energy":     -64.802311830449,
   "G(T)":       0.253601398042,
   "ZPVE":       0.312868534194,
   "number of imags":0,
   "point group": "c1",
   "gradient norm":       0.000067476030
}
