{
   "temperature":     298.150000000000,
   "unit": "hartree",
   "energy":     -64.703783214312,
   "free energy":     -64.470971650380,
   "G(T)":       0.232811563932,
   "ZPVE":       0.288231938552,
   "number of imags":0,
   "point group": "c1",
   "gradient norm":       0.000061705122
}
