{
   "temperature":     298.150000000000,
   "unit": "hartree",
   "energy":     -65.040701575023,
   "free energy":     -64.787908792656,
   "G(T)":       0.252792782367,
   "ZPVE":       0.313248987914,
   "number of imags":0,
   "point group": "c1",
   "gradient norm":       0.000063352702
}
