{
   "temperature":     298.150000000000,
   "unit": "hartree",
   "energy":     -14.370994655451,
   "free energy":     -14.366596616508,
   "G(T)":       0.004398038943,
   "ZPVE":       0.032209245905,
   "number of imags":0,
   "point group": "c2v",
   "gradient norm":       0.000035443348
}
