{
   "temperature":     298.150000000000,
   "unit": "hartree",
   "energy":     -65.045788301128,
   "free energy":     -64.792891796679,
   "G(T)":       0.252896504449,
   "ZPVE":       0.313036448718,
   "number of imags":0,
   "point group": "c1",
   "gradient norm":       0.000025185389
}
