{
   "temperature":     298.150000000000,
   "unit": "hartree",
   "energy":     -64.693628670559,
   "free energy":     -64.461315557549,
   "G(T)":       0.232313113010,
   "ZPVE":       0.288629598192,
   "number of imags":0,
   "point group": "c1",
   "gradient norm":       0.000069446771
}
