{
    "partname": "prescreening",
    "runtime": 15.309226331301033,
    "results": {
        "CONF1": {
            "xtb_gsolv": {
                "gsolv": -0.00026614296399785076,
                "energy_xtb_gas": -31.813159316086,
                "energy_xtb_solv": -31.81342545905
            },
            "sp": {
                "energy": -463.486568968601
            },
            "gtot": -463.486835111565,
            "bmw": 1.0
        }
    },
    "settings": {
        "threshold": 4.0,
        "func": "pbe-d4",
        "basis": "def2-sv(p)",
        "prog": "orca",
        "gfnv": "gfn2",
        "run": true,
        "template": false
    },
    "nconf_in": 1,
    "nconf_out": 1
}