{
   "temperature":     298.150000000000,
   "unit": "hartree",
   "energy":     -65.054371129933,
   "free energy":     -64.801485654052,
   "G(T)":       0.252885475881,
   "ZPVE":       0.312712001364,
   "number of imags":0,
   "point group": "c1",
   "gradient norm":       0.000053848322
}
