{
    "partname": "prescreening",
    "runtime": 28.501945799216628,
    "results": {
        "CONF1": {
            "xtb_gsolv": {
                "gsolv": -0.018383829943001473,
                "energy_xtb_gas": -28.829752802824,
                "energy_xtb_solv": -28.848136632767
            },
            "sp": {
                "energy": -513.071096362141
            },
            "gtot": -513.089480192084,
            "bmw": 1.0
        }
    },
    "settings": {
        "threshold": 4.0,
        "func": "pbe-d4",
        "basis": "def2-sv(p)",
        "prog": "orca",
        "gfnv": "gfn2",
        "run": true,
        "template": false
    },
    "nconf_in": 1,
    "nconf_out": 1
}