{
   "temperature":     298.150000000000,
   "unit": "hartree",
   "energy":     -64.698843946597,
   "free energy":     -64.466307189340,
   "G(T)":       0.232536757257,
   "ZPVE":       0.288737348484,
   "number of imags":0,
   "point group": "c1",
   "gradient norm":       0.000068540491
}
