{
   "temperature":     298.150000000000,
   "unit": "hartree",
   "energy":     -32.104122478847,
   "free energy":     -32.118430369801,
   "G(T)":      -0.014307890954,
   "ZPVE":       0.020758924969,
   "number of imags":0,
   "point group": "c1",
   "gradient norm":       0.000038461468
}
