{
   "temperature":     298.150000000000,
   "unit": "hartree",
   "energy":     -65.059454417050,
   "free energy":     -64.806154219174,
   "G(T)":       0.253300197876,
   "ZPVE":       0.312815059674,
   "number of imags":0,
   "point group": "c1",
   "gradient norm":       0.000077094087
}
