{
   "temperature":     298.150000000000,
   "unit": "hartree",
   "energy":     -65.061443085467,
   "free energy":     -64.807852959788,
   "G(T)":       0.253590125679,
   "ZPVE":       0.312734694951,
   "number of imags":0,
   "point group": "c1",
   "gradient norm":       0.000068792868
}
