{
   "temperature":     298.150000000000,
   "unit": "hartree",
   "energy":     -65.049383568804,
   "free energy":     -64.795671089782,
   "G(T)":       0.253712479022,
   "ZPVE":       0.313259119465,
   "number of imags":0,
   "point group": "c1",
   "gradient norm":       0.000098359997
}
