{
   "temperature":     298.150000000000,
   "unit": "hartree",
   "energy":     -27.934049291191,
   "free energy":     -27.896100136158,
   "G(T)":       0.037949155034,
   "ZPVE":       0.072612815594,
   "number of imags":0,
   "point group": "cs",
   "gradient norm":       0.000044670926
}
