{
   "temperature":     298.150000000000,
   "unit": "hartree",
   "energy":     -65.050486067923,
   "free energy":     -64.797841141804,
   "G(T)":       0.252644926120,
   "ZPVE":       0.312820916859,
   "number of imags":0,
   "point group": "c1",
   "gradient norm":       0.000058227235
}
