{
   "temperature":     298.150000000000,
   "unit": "hartree",
   "energy":     -26.299275087890,
   "free energy":     -26.177396562008,
   "G(T)":       0.121878525882,
   "ZPVE":       0.155523671684,
   "number of imags":0,
   "point group": "cs",
   "gradient norm":       0.000037223212
}
