{
   "temperature":     298.150000000000,
   "unit": "hartree",
   "energy":     -65.059235540525,
   "free energy":     -64.805925113180,
   "G(T)":       0.253310427346,
   "ZPVE":       0.312777505012,
   "number of imags":0,
   "point group": "c1",
   "gradient norm":       0.000073288025
}
