{
   "temperature":     298.150000000000,
   "unit": "hartree",
   "energy":     -65.054808577712,
   "free energy":     -64.801893276620,
   "G(T)":       0.252915301092,
   "ZPVE":       0.312810709928,
   "number of imags":0,
   "point group": "c1",
   "gradient norm":       0.000054121878
}
