{
   "temperature":     298.150000000000,
   "unit": "hartree",
   "energy":     -64.699112002784,
   "free energy":     -64.466693570939,
   "G(T)":       0.232418431845,
   "ZPVE":       0.288687834872,
   "number of imags":0,
   "point group": "c1",
   "gradient norm":       0.000082177879
}
