{
   "temperature":     298.150000000000,
   "unit": "hartree",
   "energy":     -65.051187368051,
   "free energy":     -64.798114608627,
   "G(T)":       0.253072759424,
   "ZPVE":       0.312805246528,
   "number of imags":0,
   "point group": "c1",
   "gradient norm":       0.000056183863
}
