{
   "temperature":     298.150000000000,
   "unit": "hartree",
   "energy":     -65.057259250990,
   "free energy":     -64.803789195716,
   "G(T)":       0.253470055274,
   "ZPVE":       0.312850681859,
   "number of imags":0,
   "point group": "c1",
   "gradient norm":       0.000066167307
}
