{
    "partname": "prescreening",
    "runtime": 12.525446246378124,
    "results": {
        "CONF1": {
            "xtb_gsolv": {
                "gsolv": -0.00025999130400222725,
                "energy_xtb_gas": -30.798759879002,
                "energy_xtb_solv": -30.799019870306
            },
            "sp": {
                "energy": -462.305472586037
            },
            "gtot": -462.305732577341,
            "bmw": 1.0
        }
    },
    "settings": {
        "threshold": 4.0,
        "func": "pbe-d4",
        "basis": "def2-sv(p)",
        "prog": "orca",
        "gfnv": "gfn2",
        "run": true,
        "template": false
    },
    "nconf_in": 1,
    "nconf_out": 1
}