{
   "temperature":     298.150000000000,
   "unit": "hartree",
   "energy":     -65.053069279737,
   "free energy":     -64.799913827142,
   "G(T)":       0.253155452595,
   "ZPVE":       0.312928749260,
   "number of imags":0,
   "point group": "c1",
   "gradient norm":       0.000011193018
}
