{
   "temperature":     298.150000000000,
   "unit": "hartree",
   "energy":     -65.049091319810,
   "free energy":     -64.796282102541,
   "G(T)":       0.252809217268,
   "ZPVE":       0.312844471658,
   "number of imags":0,
   "point group": "c1",
   "gradient norm":       0.000042778755
}
