{
   "temperature":     298.150000000000,
   "unit": "hartree",
   "energy":      -9.442689297046,
   "free energy":      -9.389706664436,
   "G(T)":       0.052982632609,
   "ZPVE":       0.078099278378,
   "number of imags":0,
   "point group": "cs",
   "gradient norm":       0.000036127541
}
