{
    "partname": "prescreening",
    "runtime": 6.910909978672862,
    "results": {
        "CONF3": {
            "xtb_gsolv": {
                "gsolv": -0.002505418318001773,
                "energy_xtb_gas": -20.128146729275,
                "energy_xtb_solv": -20.130652147593
            },
            "sp": {
                "energy": -287.124305666375
            },
            "gtot": -287.126811084693,
            "bmw": 1.0269210902437237e-05
        },
        "CONF4": {
            "xtb_gsolv": {
                "gsolv": -0.002558607552000325,
                "energy_xtb_gas": -20.124891873688,
                "energy_xtb_solv": -20.12745048124
            },
            "sp": {
                "energy": -287.122086122005
            },
            "gtot": -287.12464472955696,
            "bmw": 1.0353392679346764e-06
        },
        "CONF2": {
            "xtb_gsolv": {
                "gsolv": -0.0022435382119994074,
                "energy_xtb_gas": -20.132958121793,
                "energy_xtb_solv": -20.135201660005
            },
            "sp": {
                "energy": -287.135267611904
            },
            "gtot": -287.137511150116,
            "bmw": 0.8574849063527802
        },
        "CONF1": {
            "xtb_gsolv": {
                "gsolv": -0.0025845305990017664,
                "energy_xtb_gas": -20.134298973607,
                "energy_xtb_solv": -20.136883504206
            },
            "sp": {
                "energy": -287.13323215425
            },
            "gtot": -287.135816684849,
            "bmw": 0.14250378909704942
        }
    },
    "settings": {
        "threshold": 4.0,
        "func": "pbe-d4",
        "basis": "def2-sv(p)",
        "prog": "orca",
        "gfnv": "gfn2",
        "run": true,
        "template": false
    },
    "nconf_in": 4,
    "nconf_out": 2
}