{
    "partname": "screening",
    "runtime": 44.24876538850367,
    "results": {
        "CONF2": {
            "gsolv": {
                "gsolv": -0.011282605267012968,
                "energy_gas": -287.716470170592,
                "energy_solv": -287.727752775859
            },
            "gtot": -287.727752775859,
            "bmw": 0.29937062301048667
        },
        "CONF1": {
            "gsolv": {
                "gsolv": -0.013060067726996749,
                "energy_gas": -287.715495544488,
                "energy_solv": -287.728555612215
            },
            "gtot": -287.728555612215,
            "bmw": 0.7006293769895132
        }
    },
    "settings": {
        "threshold": 3.5,
        "func": "r2scan-3c",
        "basis": "def2-tzvp",
        "prog": "orca",
        "sm": "smd",
        "gfnv": "gfn2",
        "run": true,
        "implicit": false,
        "template": false
    },
    "nconf_in": 2,
    "nconf_out": 2
}