{
    "partname": "refinement",
    "runtime": 204.51854072976857,
    "results": {
        "CONF1": {
            "gsolv": {
                "gsolv": -0.014782416042976365,
                "energy_gas": -287.812087350481,
                "energy_solv": -287.826869766524
            },
            "gtot": -287.826869766524,
            "bmw": 0.576557279338758
        },
        "CONF2": {
            "gsolv": {
                "gsolv": -0.013131057091982257,
                "energy_gas": -287.813447281025,
                "energy_solv": -287.826578338117
            },
            "gtot": -287.826578338117,
            "bmw": 0.42344272066124194
        }
    },
    "settings": {
        "threshold": 0.95,
        "func": "wb97x-v",
        "basis": "def2-tzvp",
        "prog": "orca",
        "sm": "smd",
        "gfnv": "gfn2",
        "run": true,
        "implicit": false,
        "template": false
    },
    "nconf_in": 2,
    "nconf_out": 2
}