{
   "temperature":     298.150000000000,
   "unit": "hartree",
   "energy":     -65.054818592021,
   "free energy":     -64.801405878817,
   "G(T)":       0.253412713203,
   "ZPVE":       0.312806414015,
   "number of imags":0,
   "point group": "c1",
   "gradient norm":       0.000046526467
}
