{
   "temperature":     298.150000000000,
   "unit": "hartree",
   "energy":     -36.159439738807,
   "free energy":     -36.038754987296,
   "G(T)":       0.120684751511,
   "ZPVE":       0.155511357602,
   "number of imags":0,
   "point group": "c1",
   "gradient norm":       0.000059225965
}
