{
   "temperature":     298.150000000000,
   "unit": "hartree",
   "energy":     -65.049121416473,
   "free energy":     -64.795903571733,
   "G(T)":       0.253217844739,
   "ZPVE":       0.313051018829,
   "number of imags":0,
   "point group": "c1",
   "gradient norm":       0.000160267676
}
