{
   "temperature":     298.150000000000,
   "unit": "hartree",
   "energy":     -49.076957597807,
   "free energy":     -48.913104698892,
   "G(T)":       0.163852898914,
   "ZPVE":       0.204175435665,
   "number of imags":0,
   "point group": "c2v",
   "gradient norm":       0.000049401652
}
