{
   "temperature":     298.150000000000,
   "unit": "hartree",
   "energy":     -65.060117684013,
   "free energy":     -64.806838932715,
   "G(T)":       0.253278751298,
   "ZPVE":       0.312497648706,
   "number of imags":0,
   "point group": "c1",
   "gradient norm":       0.000069967867
}
