{
    "partname": "prescreening",
    "runtime": 22.559891219250858,
    "results": {
        "CONF3": {
            "xtb_gsolv": {
                "gsolv": 0.001368627582998272,
                "energy_xtb_gas": -17.924658511239,
                "energy_xtb_solv": -17.923289883656
            },
            "sp": {
                "energy": -234.062703607391
            },
            "gtot": -234.061334979808,
            "bmw": 0.00010987776030394917
        },
        "CONF2": {
            "xtb_gsolv": {
                "gsolv": 0.0013708629759996427,
                "energy_xtb_gas": -17.924834916083,
                "energy_xtb_solv": -17.923464053107
            },
            "sp": {
                "energy": -234.062785133546
            },
            "gtot": -234.06141427057,
            "bmw": 0.0001195036098773851
        },
        "CONF1": {
            "xtb_gsolv": {
                "gsolv": 0.0013768248610013245,
                "energy_xtb_gas": -17.931437101105,
                "energy_xtb_solv": -17.930060276244
            },
            "sp": {
                "energy": -234.07131890166
            },
            "gtot": -234.06994207679898,
            "bmw": 0.9997706186298186
        }
    },
    "settings": {
        "threshold": 4.0,
        "func": "pbe-d4",
        "basis": "def2-sv(p)",
        "prog": "orca",
        "gfnv": "gfn2",
        "run": true,
        "template": false
    },
    "nconf_in": 3,
    "nconf_out": 1
}