{
   "temperature":     298.150000000000,
   "unit": "hartree",
   "energy":     -65.063787797778,
   "free energy":     -64.810316061654,
   "G(T)":       0.253471736124,
   "ZPVE":       0.312646706962,
   "number of imags":0,
   "point group": "c1",
   "gradient norm":       0.000081597502
}
