{
    "partname": "refinement",
    "runtime": 1660.082740015001,
    "results": {
        "CONF454": {
            "gsolv": {
                "gsolv": -0.01898278588987523,
                "energy_gas": -1981.628374116266,
                "energy_solv": -1981.647356902156
            },
            "gtot": -1981.647356902156,
            "bmw": 0.11035190837592673
        },
        "CONF388": {
            "gsolv": {
                "gsolv": -0.018793183721072637,
                "energy_gas": -1981.629107253574,
                "energy_solv": -1981.647900437295
            },
            "gtot": -1981.647900437295,
            "bmw": 0.1962405291260474
        },
        "CONF376": {
            "gsolv": {
                "gsolv": -0.018453115594866176,
                "energy_gas": -1981.628349847067,
                "energy_solv": -1981.646802962662
            },
            "gtot": -1981.646802962662,
            "bmw": 0.06137412562032102
        },
        "CONF396": {
            "gsolv": {
                "gsolv": -0.019037886759861067,
                "energy_gas": -1981.62895996636,
                "energy_solv": -1981.64799785312
            },
            "gtot": -1981.64799785312,
            "bmw": 0.21756893406420832
        },
        "CONF437": {
            "gsolv": {
                "gsolv": -0.019567830051983037,
                "energy_gas": -1981.629038522701,
                "energy_solv": -1981.648606352753
            },
            "gtot": -1981.648606352753,
            "bmw": 0.41446450281349667
        }
    },
    "settings": {
        "threshold": 0.95,
        "func": "wb97x-v",
        "basis": "def2-tzvp",
        "prog": "orca",
        "sm": "smd",
        "gfnv": "gfn2",
        "run": true,
        "implicit": false,
        "template": false
    },
    "nconf_in": 5,
    "nconf_out": 5
}