{
   "temperature":     298.150000000000,
   "unit": "hartree",
   "energy":     -64.699985599564,
   "free energy":     -64.467163173598,
   "G(T)":       0.232822425966,
   "ZPVE":       0.288579214898,
   "number of imags":0,
   "point group": "c1",
   "gradient norm":       0.000073074619
}
