{
   "temperature":     298.150000000000,
   "unit": "hartree",
   "energy":     -27.123899745439,
   "free energy":     -26.989850331608,
   "G(T)":       0.134049413832,
   "ZPVE":       0.170276124950,
   "number of imags":0,
   "point group": "c1",
   "gradient norm":       0.000138210148
}
