{
   "temperature":     298.150000000000,
   "unit": "hartree",
   "energy":     -65.044195815761,
   "free energy":     -64.792072624954,
   "G(T)":       0.252123190807,
   "ZPVE":       0.312874079940,
   "number of imags":0,
   "point group": "c1",
   "gradient norm":       0.000061781255
}
