{
   "temperature":     298.150000000000,
   "unit": "hartree",
   "energy":     -64.696572437461,
   "free energy":     -64.464078062540,
   "G(T)":       0.232494374921,
   "ZPVE":       0.288362633834,
   "number of imags":0,
   "point group": "c1",
   "gradient norm":       0.000046095709
}
