{
   "temperature":     298.150000000000,
   "unit": "hartree",
   "energy":     -65.058018542643,
   "free energy":     -64.804988794431,
   "G(T)":       0.253029748213,
   "ZPVE":       0.312681554772,
   "number of imags":0,
   "point group": "c1",
   "gradient norm":       0.000073140356
}
