{
   "temperature":     298.150000000000,
   "unit": "hartree",
   "energy":     -65.050210427596,
   "free energy":     -64.797721267908,
   "G(T)":       0.252489159688,
   "ZPVE":       0.312710289830,
   "number of imags":0,
   "point group": "c1",
   "gradient norm":       0.000026747854
}
