{
   "temperature":     298.150000000000,
   "unit": "hartree",
   "energy":     -19.051546654147,
   "free energy":     -18.959901069154,
   "G(T)":       0.091645584993,
   "ZPVE":       0.124540823789,
   "number of imags":0,
   "point group": "c1",
   "gradient norm":       0.000135087217
}
