{
   "temperature":     298.150000000000,
   "unit": "hartree",
   "energy":     -65.053605605823,
   "free energy":     -64.800916846046,
   "G(T)":       0.252688759777,
   "ZPVE":       0.312681430460,
   "number of imags":0,
   "point group": "c1",
   "gradient norm":       0.000090078119
}
