{
   "temperature":     298.150000000000,
   "unit": "hartree",
   "energy":     -65.048882308693,
   "free energy":     -64.795310427027,
   "G(T)":       0.253571881666,
   "ZPVE":       0.313027775565,
   "number of imags":0,
   "point group": "c1",
   "gradient norm":       0.000029773712
}
