{
   "temperature":     298.150000000000,
   "unit": "hartree",
   "energy":     -65.048515703152,
   "free energy":     -64.795136394364,
   "G(T)":       0.253379308788,
   "ZPVE":       0.313031868724,
   "number of imags":0,
   "point group": "c1",
   "gradient norm":       0.000045312591
}
