{
   "temperature":     298.150000000000,
   "unit": "hartree",
   "energy":     -65.064495254480,
   "free energy":     -64.810473463652,
   "G(T)":       0.254021790828,
   "ZPVE":       0.312738598272,
   "number of imags":0,
   "point group": "c1",
   "gradient norm":       0.000132430157
}
