{
   "temperature":     298.150000000000,
   "unit": "hartree",
   "energy":     -65.050133420413,
   "free energy":     -64.796818659753,
   "G(T)":       0.253314760660,
   "ZPVE":       0.313020450292,
   "number of imags":0,
   "point group": "c1",
   "gradient norm":       0.000141925727
}
