{
   "temperature":     298.150000000000,
   "unit": "hartree",
   "energy":     -65.053906132906,
   "free energy":     -64.800055119752,
   "G(T)":       0.253851013153,
   "ZPVE":       0.312984265802,
   "number of imags":0,
   "point group": "c1",
   "gradient norm":       0.000034952662
}
