{
   "temperature":     298.150000000000,
   "unit": "hartree",
   "energy":     -17.797227282272,
   "free energy":     -17.749914628087,
   "G(T)":       0.047312654185,
   "ZPVE":       0.076796853978,
   "number of imags":0,
   "point group": "cs",
   "gradient norm":       0.000028094449
}
