{
   "temperature":     298.150000000000,
   "unit": "hartree",
   "energy":     -15.424039062021,
   "free energy":     -15.397700117449,
   "G(T)":       0.026338944572,
   "ZPVE":       0.055236863415,
   "number of imags":0,
   "point group": "cs",
   "gradient norm":       0.000025613238
}
