{
   "temperature":     298.150000000000,
   "unit": "hartree",
   "energy":     -65.049266429263,
   "free energy":     -64.795498831458,
   "G(T)":       0.253767597806,
   "ZPVE":       0.313024965496,
   "number of imags":0,
   "point group": "c1",
   "gradient norm":       0.000048174432
}
