{
   "temperature":     298.150000000000,
   "unit": "hartree",
   "energy":     -65.048718094774,
   "free energy":     -64.795739426022,
   "G(T)":       0.252978668752,
   "ZPVE":       0.312926103035,
   "number of imags":0,
   "point group": "c1",
   "gradient norm":       0.000117005802
}
