{
   "temperature":     298.150000000000,
   "unit": "hartree",
   "energy":     -65.050575148977,
   "free energy":     -64.797762825352,
   "G(T)":       0.252812323625,
   "ZPVE":       0.312841451640,
   "number of imags":0,
   "point group": "c1",
   "gradient norm":       0.000033244080
}
