{
   "temperature":     298.150000000000,
   "unit": "hartree",
   "energy":     -65.052222613734,
   "free energy":     -64.798356596149,
   "G(T)":       0.253866017585,
   "ZPVE":       0.313219827474,
   "number of imags":0,
   "point group": "c1",
   "gradient norm":       0.000090880620
}
