{
    "partname": "prescreening",
    "runtime": 12.07626985758543,
    "results": {
        "CONF1": {
            "xtb_gsolv": {
                "gsolv": -0.0011568155969996496,
                "energy_xtb_gas": -23.103681098322,
                "energy_xtb_solv": -23.104837913919
            },
            "sp": {
                "energy": -730.224164422554
            },
            "gtot": -730.2253212381511,
            "bmw": 1.0
        }
    },
    "settings": {
        "threshold": 4.0,
        "func": "pbe-d4",
        "basis": "def2-sv(p)",
        "prog": "orca",
        "gfnv": "gfn2",
        "run": true,
        "template": false
    },
    "nconf_in": 1,
    "nconf_out": 1
}