{
   "temperature":     298.150000000000,
   "unit": "hartree",
   "energy":     -65.054551103522,
   "free energy":     -64.801689257669,
   "G(T)":       0.252861845854,
   "ZPVE":       0.312701925829,
   "number of imags":0,
   "point group": "c1",
   "gradient norm":       0.000082774472
}
