{
   "temperature":     298.150000000000,
   "unit": "hartree",
   "energy":     -12.433176735490,
   "free energy":     -12.430185083411,
   "G(T)":       0.002991652079,
   "ZPVE":       0.028773267181,
   "number of imags":0,
   "point group": "cs",
   "gradient norm":       0.000026727081
}
