{
   "temperature":     298.150000000000,
   "unit": "hartree",
   "energy":     -64.697042023377,
   "free energy":     -64.464373270779,
   "G(T)":       0.232668752598,
   "ZPVE":       0.288458613454,
   "number of imags":0,
   "point group": "c1",
   "gradient norm":       0.000045923122
}
