{
   "temperature":     298.150000000000,
   "unit": "hartree",
   "energy":     -64.697325451217,
   "free energy":     -64.464461262591,
   "G(T)":       0.232864188627,
   "ZPVE":       0.288616633159,
   "number of imags":0,
   "point group": "c1",
   "gradient norm":       0.000046124108
}
