{
    "partname": "prescreening",
    "runtime": 14.890706631354988,
    "results": {
        "CONF1": {
            "xtb_gsolv": {
                "gsolv": -0.001728790339001307,
                "energy_xtb_gas": -23.490201908242,
                "energy_xtb_solv": -23.491930698581
            },
            "sp": {
                "energy": -1916.69310778307
            },
            "gtot": -1916.694836573409,
            "bmw": 0.19259789847454306
        },
        "CONF2": {
            "xtb_gsolv": {
                "gsolv": -0.003190071670999828,
                "energy_xtb_gas": -23.488596148987,
                "energy_xtb_solv": -23.491786220658
            },
            "sp": {
                "energy": -1916.69299972221
            },
            "gtot": -1916.696189793881,
            "bmw": 0.807402101525457
        }
    },
    "settings": {
        "threshold": 4.0,
        "func": "pbe-d4",
        "basis": "def2-sv(p)",
        "prog": "orca",
        "gfnv": "gfn2",
        "run": true,
        "template": false
    },
    "nconf_in": 2,
    "nconf_out": 2
}