{
    "partname": "screening",
    "runtime": 102.21216319780797,
    "results": {
        "CONF1": {
            "gsolv": {
                "gsolv": -0.004161103624937823,
                "energy_gas": -1918.09370229755,
                "energy_solv": -1918.097863401175
            },
            "gtot": -1918.097863401175,
            "bmw": 0.1971871244697437
        },
        "CONF2": {
            "gsolv": {
                "gsolv": -0.0060345646429595945,
                "energy_gas": -1918.09315444084,
                "energy_solv": -1918.099189005483
            },
            "gtot": -1918.099189005483,
            "bmw": 0.8028128755302564
        }
    },
    "settings": {
        "threshold": 3.5,
        "func": "r2scan-3c",
        "basis": "def2-tzvp",
        "prog": "orca",
        "sm": "smd",
        "gfnv": "gfn2",
        "run": true,
        "implicit": false,
        "template": false
    },
    "nconf_in": 2,
    "nconf_out": 2
}