{
    "partname": "refinement",
    "runtime": 210.0797430127859,
    "results": {
        "CONF1": {
            "gsolv": {
                "gsolv": -0.004316884770105389,
                "energy_gas": -1917.993504765519,
                "energy_solv": -1917.997821650289
            },
            "gtot": -1917.997821650289,
            "bmw": 0.1255629932447307
        },
        "CONF2": {
            "gsolv": {
                "gsolv": -0.005752963738814287,
                "energy_gas": -1917.993901132665,
                "energy_solv": -1917.999654096404
            },
            "gtot": -1917.999654096404,
            "bmw": 0.8744370067552694
        }
    },
    "settings": {
        "threshold": 0.95,
        "func": "wb97x-v",
        "basis": "def2-tzvp",
        "prog": "orca",
        "sm": "smd",
        "gfnv": "gfn2",
        "run": true,
        "implicit": false,
        "template": false
    },
    "nconf_in": 2,
    "nconf_out": 2
}