{
    "partname": "prescreening",
    "runtime": 3.3851825073361397,
    "results": {
        "CONF1": {
            "xtb_gsolv": {
                "gsolv": -0.0016637014239986314,
                "energy_xtb_gas": -8.210273345019,
                "energy_xtb_solv": -8.211937046443
            },
            "sp": {
                "energy": -499.655761172494
            },
            "gtot": -499.657424873918,
            "bmw": 1.0
        }
    },
    "settings": {
        "threshold": 4.0,
        "func": "pbe-d4",
        "basis": "def2-sv(p)",
        "prog": "orca",
        "gfnv": "gfn2",
        "run": true,
        "template": false
    },
    "nconf_in": 1,
    "nconf_out": 1
}