{
   "temperature":     298.150000000000,
   "unit": "hartree",
   "energy":     -22.499209082902,
   "free energy":     -22.390448165871,
   "G(T)":       0.108760917031,
   "ZPVE":       0.140503675720,
   "number of imags":0,
   "point group": "cs",
   "gradient norm":       0.000199226900
}
