{
   "temperature":     298.150000000000,
   "unit": "hartree",
   "energy":     -65.042339232140,
   "free energy":     -64.788776135802,
   "G(T)":       0.253563096339,
   "ZPVE":       0.313426357548,
   "number of imags":0,
   "point group": "c1",
   "gradient norm":       0.000104406038
}
