{
   "temperature":     298.150000000000,
   "unit": "hartree",
   "energy":     -65.052350365233,
   "free energy":     -64.798716922120,
   "G(T)":       0.253633443113,
   "ZPVE":       0.312867222192,
   "number of imags":0,
   "point group": "c1",
   "gradient norm":       0.000040668042
}
