{
   "temperature":     298.150000000000,
   "unit": "hartree",
   "energy":     -65.052727287341,
   "free energy":     -64.799155263203,
   "G(T)":       0.253572024138,
   "ZPVE":       0.313026566347,
   "number of imags":0,
   "point group": "c1",
   "gradient norm":       0.000079458801
}
