{
   "temperature":     298.150000000000,
   "unit": "hartree",
   "energy":     -65.061177371014,
   "free energy":     -64.807610800539,
   "G(T)":       0.253566570475,
   "ZPVE":       0.312869832403,
   "number of imags":0,
   "point group": "c1",
   "gradient norm":       0.000059939058
}
