{
   "temperature":     298.150000000000,
   "unit": "hartree",
   "energy":     -65.047768428214,
   "free energy":     -64.794291723067,
   "G(T)":       0.253476705147,
   "ZPVE":       0.313055418780,
   "number of imags":0,
   "point group": "c1",
   "gradient norm":       0.000045194929
}
