{
   "temperature":     298.150000000000,
   "unit": "hartree",
   "energy":     -65.057277745038,
   "free energy":     -64.803766587217,
   "G(T)":       0.253511157821,
   "ZPVE":       0.312832390942,
   "number of imags":0,
   "point group": "c1",
   "gradient norm":       0.000184479141
}
