{
   "temperature":     298.150000000000,
   "unit": "hartree",
   "energy":     -62.187521363930,
   "free energy":     -62.130941051105,
   "G(T)":       0.056580312825,
   "ZPVE":       0.104474623031,
   "number of imags":0,
   "point group": "c2v",
   "gradient norm":       0.000024658596
}
