{
   "temperature":     298.150000000000,
   "unit": "hartree",
   "energy":     -25.393274940860,
   "free energy":     -25.252652562042,
   "G(T)":       0.140622378818,
   "ZPVE":       0.178854403139,
   "number of imags":0,
   "point group": "c1",
   "gradient norm":       0.000052153863
}
