{
   "temperature":     298.150000000000,
   "unit": "hartree",
   "energy":     -19.880632667745,
   "free energy":     -19.766227340730,
   "G(T)":       0.114405327015,
   "ZPVE":       0.143019400680,
   "number of imags":0,
   "point group": "cs",
   "gradient norm":       0.000034091124
}
