{
   "temperature":     298.150000000000,
   "unit": "hartree",
   "energy":     -64.691484527496,
   "free energy":     -64.459133013670,
   "G(T)":       0.232351513826,
   "ZPVE":       0.288357475543,
   "number of imags":0,
   "point group": "c1",
   "gradient norm":       0.000070114498
}
