{
   "temperature":     298.150000000000,
   "unit": "hartree",
   "energy":     -64.718165772104,
   "free energy":     -64.484856209695,
   "G(T)":       0.233309562409,
   "ZPVE":       0.288213359096,
   "number of imags":0,
   "point group": "c1",
   "gradient norm":       0.000043864838
}
