{
   "temperature":     298.150000000000,
   "unit": "hartree",
   "energy":     -36.159560426075,
   "free energy":     -36.038942057701,
   "G(T)":       0.120618368375,
   "ZPVE":       0.155403472703,
   "number of imags":0,
   "point group": "c1",
   "gradient norm":       0.000156727803
}
