{
   "temperature":     298.150000000000,
   "unit": "hartree",
   "energy":     -23.493744789474,
   "free energy":     -23.490932694999,
   "G(T)":       0.002812094476,
   "ZPVE":       0.036003961428,
   "number of imags":0,
   "point group": "c2h",
   "gradient norm":       0.000010769273
}
