{
   "temperature":     298.150000000000,
   "unit": "hartree",
   "energy":     -65.048197422605,
   "free energy":     -64.794390551823,
   "G(T)":       0.253806870782,
   "ZPVE":       0.313303171075,
   "number of imags":0,
   "point group": "c1",
   "gradient norm":       0.000094476645
}
