{
   "temperature":     298.150000000000,
   "unit": "hartree",
   "energy":     -65.048768818019,
   "free energy":     -64.795780639516,
   "G(T)":       0.252988178503,
   "ZPVE":       0.312934288812,
   "number of imags":0,
   "point group": "c1",
   "gradient norm":       0.000146782362
}
