{
   "temperature":     298.150000000000,
   "unit": "hartree",
   "energy":     -65.039958096786,
   "free energy":     -64.787475804133,
   "G(T)":       0.252482292653,
   "ZPVE":       0.312979395548,
   "number of imags":0,
   "point group": "c1",
   "gradient norm":       0.000052138672
}
