{
   "temperature":     298.150000000000,
   "unit": "hartree",
   "energy":     -65.054008729651,
   "free energy":     -64.800825245804,
   "G(T)":       0.253183483847,
   "ZPVE":       0.312822691870,
   "number of imags":0,
   "point group": "c1",
   "gradient norm":       0.000157104220
}
