{
   "temperature":     298.150000000000,
   "unit": "hartree",
   "energy":     -65.042272500331,
   "free energy":     -64.789783713937,
   "G(T)":       0.252488786394,
   "ZPVE":       0.313058122870,
   "number of imags":0,
   "point group": "c1",
   "gradient norm":       0.000029888149
}
