{
   "temperature":     298.150000000000,
   "unit": "hartree",
   "energy":     -27.123898922105,
   "free energy":     -26.989830441298,
   "G(T)":       0.134068480807,
   "ZPVE":       0.170275646684,
   "number of imags":0,
   "point group": "c1",
   "gradient norm":       0.000025787508
}
