{
   "temperature":     298.150000000000,
   "unit": "hartree",
   "energy":     -64.694998345870,
   "free energy":     -64.462233626057,
   "G(T)":       0.232764719813,
   "ZPVE":       0.288653113051,
   "number of imags":0,
   "point group": "c1",
   "gradient norm":       0.000076562214
}
