{
   "temperature":     298.150000000000,
   "unit": "hartree",
   "energy":     -65.049125217310,
   "free energy":     -64.796095712672,
   "G(T)":       0.253029504638,
   "ZPVE":       0.312832699724,
   "number of imags":0,
   "point group": "c1",
   "gradient norm":       0.000187112992
}
