{
   "temperature":     298.150000000000,
   "unit": "hartree",
   "energy":     -65.038103944108,
   "free energy":     -64.785134019895,
   "G(T)":       0.252969924213,
   "ZPVE":       0.313295903143,
   "number of imags":0,
   "point group": "c1",
   "gradient norm":       0.000181537867
}
