{
   "temperature":     298.150000000000,
   "unit": "hartree",
   "energy":     -65.053811654149,
   "free energy":     -64.800575476268,
   "G(T)":       0.253236177881,
   "ZPVE":       0.312971684210,
   "number of imags":0,
   "point group": "c1",
   "gradient norm":       0.000147310998
}
