{
   "temperature":     298.150000000000,
   "unit": "hartree",
   "energy":     -65.046651765127,
   "free energy":     -64.794561825619,
   "G(T)":       0.252089939509,
   "ZPVE":       0.312726832998,
   "number of imags":0,
   "point group": "c1",
   "gradient norm":       0.000030049293
}
