{
   "temperature":     298.150000000000,
   "unit": "hartree",
   "energy":     -36.154848449031,
   "free energy":     -36.034933155608,
   "G(T)":       0.119915293423,
   "ZPVE":       0.155048801487,
   "number of imags":0,
   "point group": "c1",
   "gradient norm":       0.000075706792
}
