{
   "temperature":     298.150000000000,
   "unit": "hartree",
   "energy":     -36.159985915956,
   "free energy":     -36.039296081982,
   "G(T)":       0.120689833973,
   "ZPVE":       0.155508561943,
   "number of imags":0,
   "point group": "c1",
   "gradient norm":       0.000090309771
}
