{
   "temperature":     298.150000000000,
   "unit": "hartree",
   "energy":     -65.056424287381,
   "free energy":     -64.803019845071,
   "G(T)":       0.253404442310,
   "ZPVE":       0.312937464977,
   "number of imags":0,
   "point group": "c1",
   "gradient norm":       0.000078838518
}
