{
   "temperature":     298.150000000000,
   "unit": "hartree",
   "energy":     -65.046485721714,
   "free energy":     -64.793431875290,
   "G(T)":       0.253053846423,
   "ZPVE":       0.312910336669,
   "number of imags":0,
   "point group": "c1",
   "gradient norm":       0.000079094996
}
