{
   "temperature":     298.150000000000,
   "unit": "hartree",
   "energy":     -64.704851348303,
   "free energy":     -64.472406500715,
   "G(T)":       0.232444847588,
   "ZPVE":       0.288172109433,
   "number of imags":0,
   "point group": "c1",
   "gradient norm":       0.000066174067
}
