{
   "temperature":     298.150000000000,
   "unit": "hartree",
   "energy":     -65.055802216591,
   "free energy":     -64.802225617144,
   "G(T)":       0.253576599447,
   "ZPVE":       0.312819242749,
   "number of imags":0,
   "point group": "c2",
   "gradient norm":       0.000062920741
}
