{
   "temperature":     298.150000000000,
   "unit": "hartree",
   "energy":     -65.051971957303,
   "free energy":     -64.799221183464,
   "G(T)":       0.252750773839,
   "ZPVE":       0.312875397658,
   "number of imags":0,
   "point group": "c1",
   "gradient norm":       0.000101418485
}
