{
   "temperature":     298.150000000000,
   "unit": "hartree",
   "energy":     -65.049722541751,
   "free energy":     -64.797223212872,
   "G(T)":       0.252499328880,
   "ZPVE":       0.312792271159,
   "number of imags":0,
   "point group": "c1",
   "gradient norm":       0.000030907725
}
