{
   "temperature":     298.150000000000,
   "unit": "hartree",
   "energy":     -65.052251114007,
   "free energy":     -64.799252463088,
   "G(T)":       0.252998650919,
   "ZPVE":       0.312892521253,
   "number of imags":0,
   "point group": "c1",
   "gradient norm":       0.000196933030
}
