{
   "temperature":     298.150000000000,
   "unit": "hartree",
   "energy":     -13.523828882925,
   "free energy":     -13.469067105407,
   "G(T)":       0.054761777518,
   "ZPVE":       0.082414795513,
   "number of imags":0,
   "point group": "c1",
   "gradient norm":       0.000036513861
}
