{
   "temperature":     298.150000000000,
   "unit": "hartree",
   "energy":     -65.046717666863,
   "free energy":     -64.793733925019,
   "G(T)":       0.252983741843,
   "ZPVE":       0.312984748030,
   "number of imags":0,
   "point group": "c1",
   "gradient norm":       0.000198751506
}
