{
   "temperature":     298.150000000000,
   "unit": "hartree",
   "energy":     -65.048426920183,
   "free energy":     -64.795905705394,
   "G(T)":       0.252521214789,
   "ZPVE":       0.312853717340,
   "number of imags":0,
   "point group": "c1",
   "gradient norm":       0.000029150333
}
