{
   "temperature":     298.150000000000,
   "unit": "hartree",
   "energy":     -64.692522823126,
   "free energy":     -64.461236432350,
   "G(T)":       0.231286390776,
   "ZPVE":       0.288193374921,
   "number of imags":0,
   "point group": "c1",
   "gradient norm":       0.000057395435
}
