{
    "partname": "prescreening",
    "runtime": 4.3322961227968335,
    "results": {
        "CONF1": {
            "xtb_gsolv": {
                "gsolv": -0.002447870821999487,
                "energy_xtb_gas": -14.366732961335,
                "energy_xtb_solv": -14.369180832157
            },
            "sp": {
                "energy": -996.941175886427
            },
            "gtot": -996.943623757249,
            "bmw": 1.0
        }
    },
    "settings": {
        "threshold": 4.0,
        "func": "pbe-d4",
        "basis": "def2-sv(p)",
        "prog": "orca",
        "gfnv": "gfn2",
        "run": true,
        "template": false
    },
    "nconf_in": 1,
    "nconf_out": 1
}