{
   "temperature":     298.150000000000,
   "unit": "hartree",
   "energy":     -13.486155028108,
   "free energy":     -13.445305559972,
   "G(T)":       0.040849468136,
   "ZPVE":       0.069159494679,
   "number of imags":0,
   "point group": "c1",
   "gradient norm":       0.000082067833
}
