{
   "temperature":     298.150000000000,
   "unit": "hartree",
   "energy":     -19.458710524155,
   "free energy":     -19.444585383476,
   "G(T)":       0.014125140678,
   "ZPVE":       0.045761837079,
   "number of imags":0,
   "point group": "c1",
   "gradient norm":       0.000075490626
}
