{
   "temperature":     298.150000000000,
   "unit": "hartree",
   "energy":     -65.052875402829,
   "free energy":     -64.799633097471,
   "G(T)":       0.253242305358,
   "ZPVE":       0.312792028063,
   "number of imags":0,
   "point group": "c1",
   "gradient norm":       0.000087883450
}
