{
   "temperature":     298.150000000000,
   "unit": "hartree",
   "energy":     -18.710010967548,
   "free energy":     -18.658665033335,
   "G(T)":       0.051345934213,
   "ZPVE":       0.080916752343,
   "number of imags":0,
   "point group": "c2v",
   "gradient norm":       0.000027856435
}
