{
   "temperature":     298.150000000000,
   "unit": "hartree",
   "energy":     -64.707683669898,
   "free energy":     -64.475386556538,
   "G(T)":       0.232297113360,
   "ZPVE":       0.288350393092,
   "number of imags":0,
   "point group": "c1",
   "gradient norm":       0.000092318128
}
