{
   "temperature":     298.150000000000,
   "unit": "hartree",
   "energy":     -65.053118508698,
   "free energy":     -64.800201363223,
   "G(T)":       0.252917145475,
   "ZPVE":       0.312924562397,
   "number of imags":0,
   "point group": "c1",
   "gradient norm":       0.000077299633
}
