{
    "partname": "prescreening",
    "runtime": 19.13440345041454,
    "results": {
        "CONF1": {
            "xtb_gsolv": {
                "gsolv": 0.004958504016002507,
                "energy_xtb_gas": -46.363575246497,
                "energy_xtb_solv": -46.358616742481
            },
            "sp": {
                "energy": -949.377794041694
            },
            "gtot": -949.3728355376779,
            "bmw": 1.0
        }
    },
    "settings": {
        "threshold": 4.0,
        "func": "pbe-d4",
        "basis": "def2-sv(p)",
        "prog": "orca",
        "gfnv": "gfn2",
        "run": true,
        "template": false
    },
    "nconf_in": 1,
    "nconf_out": 1
}