{
   "temperature":     298.150000000000,
   "unit": "hartree",
   "energy":     -65.051411555404,
   "free energy":     -64.797978986788,
   "G(T)":       0.253432568616,
   "ZPVE":       0.312982088858,
   "number of imags":0,
   "point group": "c1",
   "gradient norm":       0.000026250040
}
