{
   "temperature":     298.150000000000,
   "unit": "hartree",
   "energy":     -64.697482494128,
   "free energy":     -64.464570031427,
   "G(T)":       0.232912462701,
   "ZPVE":       0.288523954662,
   "number of imags":0,
   "point group": "c1",
   "gradient norm":       0.000101809557
}
