{
   "temperature":     298.150000000000,
   "unit": "hartree",
   "energy":     -36.155285120705,
   "free energy":     -36.035455983973,
   "G(T)":       0.119829136732,
   "ZPVE":       0.155020326709,
   "number of imags":0,
   "point group": "c1",
   "gradient norm":       0.000041949311
}
