{
   "temperature":     298.150000000000,
   "unit": "hartree",
   "energy":     -65.059780447006,
   "free energy":     -64.806457218547,
   "G(T)":       0.253323228459,
   "ZPVE":       0.312836338208,
   "number of imags":0,
   "point group": "c1",
   "gradient norm":       0.000077286849
}
