{
   "temperature":     298.150000000000,
   "unit": "hartree",
   "energy":     -65.049373741618,
   "free energy":     -64.795528021270,
   "G(T)":       0.253845720348,
   "ZPVE":       0.313147561238,
   "number of imags":0,
   "point group": "c1",
   "gradient norm":       0.000111999461
}
