{
   "temperature":     298.150000000000,
   "unit": "hartree",
   "energy":     -65.051879009627,
   "free energy":     -64.799092290821,
   "G(T)":       0.252786718806,
   "ZPVE":       0.312778946305,
   "number of imags":0,
   "point group": "c1",
   "gradient norm":       0.000066798585
}
