{
   "temperature":     298.150000000000,
   "unit": "hartree",
   "energy":     -15.420488667002,
   "free energy":     -15.393535818426,
   "G(T)":       0.026952848576,
   "ZPVE":       0.055575932592,
   "number of imags":0,
   "point group": "c2h",
   "gradient norm":       0.000059909693
}
