{
   "temperature":     298.150000000000,
   "unit": "hartree",
   "energy":     -14.482801485527,
   "free energy":     -14.459141556137,
   "G(T)":       0.023659929390,
   "ZPVE":       0.054647049495,
   "number of imags":0,
   "point group": "c2",
   "gradient norm":       0.000181055276
}
