{
   "temperature":     298.150000000000,
   "unit": "hartree",
   "energy":     -65.053007320378,
   "free energy":     -64.799827732792,
   "G(T)":       0.253179587586,
   "ZPVE":       0.312815147855,
   "number of imags":0,
   "point group": "c1",
   "gradient norm":       0.000046904830
}
