{
   "temperature":     298.150000000000,
   "unit": "hartree",
   "energy":     -65.054334920644,
   "free energy":     -64.800941722062,
   "G(T)":       0.253393198581,
   "ZPVE":       0.312790951619,
   "number of imags":0,
   "point group": "c1",
   "gradient norm":       0.000072802533
}
