{
   "temperature":     298.150000000000,
   "unit": "hartree",
   "energy":     -64.708615147891,
   "free energy":     -64.476079582244,
   "G(T)":       0.232535565647,
   "ZPVE":       0.288387041955,
   "number of imags":0,
   "point group": "c1",
   "gradient norm":       0.000103915732
}
