{
   "temperature":     298.150000000000,
   "unit": "hartree",
   "energy":     -20.409108801371,
   "free energy":     -20.343015801146,
   "G(T)":       0.066093000224,
   "ZPVE":       0.095991970060,
   "number of imags":0,
   "point group": "c2v",
   "gradient norm":       0.000069160432
}
