{
   "temperature":     298.150000000000,
   "unit": "hartree",
   "energy":     -65.059379009134,
   "free energy":     -64.806040052882,
   "G(T)":       0.253338956252,
   "ZPVE":       0.312802926272,
   "number of imags":0,
   "point group": "c1",
   "gradient norm":       0.000051570738
}
