{
   "temperature":     298.150000000000,
   "unit": "hartree",
   "energy":     -36.159474221151,
   "free energy":     -36.038635175180,
   "G(T)":       0.120839045972,
   "ZPVE":       0.155410348035,
   "number of imags":0,
   "point group": "c1",
   "gradient norm":       0.000118353257
}
