{
   "temperature":     298.150000000000,
   "unit": "hartree",
   "energy":     -65.057600113610,
   "free energy":     -64.804137179036,
   "G(T)":       0.253462934573,
   "ZPVE":       0.312786248846,
   "number of imags":0,
   "point group": "c1",
   "gradient norm":       0.000035955245
}
