{
   "temperature":     298.150000000000,
   "unit": "hartree",
   "energy":     -23.497235576546,
   "free energy":     -23.494961751912,
   "G(T)":       0.002273824635,
   "ZPVE":       0.035708087578,
   "number of imags":0,
   "point group": "cs",
   "gradient norm":       0.000121276706
}
