{
   "temperature":     298.150000000000,
   "unit": "hartree",
   "energy":     -65.063089775332,
   "free energy":     -64.809635017692,
   "G(T)":       0.253454757639,
   "ZPVE":       0.312740164721,
   "number of imags":0,
   "point group": "c1",
   "gradient norm":       0.000061494498
}
