{
   "temperature":     298.150000000000,
   "unit": "hartree",
   "energy":     -65.055035551878,
   "free energy":     -64.801485582236,
   "G(T)":       0.253549969642,
   "ZPVE":       0.313009637493,
   "number of imags":0,
   "point group": "c1",
   "gradient norm":       0.000104029608
}
