{
   "temperature":     298.150000000000,
   "unit": "hartree",
   "energy":     -65.047446214280,
   "free energy":     -64.794348624484,
   "G(T)":       0.253097589796,
   "ZPVE":       0.312978402926,
   "number of imags":0,
   "point group": "c1",
   "gradient norm":       0.000046728324
}
