{
   "temperature":     298.150000000000,
   "unit": "hartree",
   "energy":     -37.912332515436,
   "free energy":     -37.784326050906,
   "G(T)":       0.128006464530,
   "ZPVE":       0.162459533909,
   "number of imags":0,
   "point group": "d2h",
   "gradient norm":       0.000028458984
}
