{
   "temperature":     298.150000000000,
   "unit": "hartree",
   "energy":     -55.821433564746,
   "free energy":     -55.746457901211,
   "G(T)":       0.074975663535,
   "ZPVE":       0.120844121669,
   "number of imags":0,
   "point group": "c1",
   "gradient norm":       0.000156396992
}
