{
   "temperature":     298.150000000000,
   "unit": "hartree",
   "energy":     -25.486539201050,
   "free energy":     -25.355846941481,
   "G(T)":       0.130692259569,
   "ZPVE":       0.163533646813,
   "number of imags":0,
   "point group": "c1",
   "gradient norm":       0.000028048608
}
