{
   "temperature":     298.150000000000,
   "unit": "hartree",
   "energy":     -65.042314976189,
   "free energy":     -64.789632087804,
   "G(T)":       0.252682888385,
   "ZPVE":       0.312979397588,
   "number of imags":0,
   "point group": "c1",
   "gradient norm":       0.000044325402
}
