{
   "temperature":     298.150000000000,
   "unit": "hartree",
   "energy":     -65.060550323014,
   "free energy":     -64.807156272929,
   "G(T)":       0.253394050085,
   "ZPVE":       0.312696510821,
   "number of imags":0,
   "point group": "c1",
   "gradient norm":       0.000082845702
}
