{
   "temperature":     298.150000000000,
   "unit": "hartree",
   "energy":     -65.063027839832,
   "free energy":     -64.809167572855,
   "G(T)":       0.253860266976,
   "ZPVE":       0.312907110593,
   "number of imags":0,
   "point group": "c1",
   "gradient norm":       0.000093140910
}
