{
   "temperature":     298.150000000000,
   "unit": "hartree",
   "energy":     -65.046730552766,
   "free energy":     -64.792752742441,
   "G(T)":       0.253977810324,
   "ZPVE":       0.313382779939,
   "number of imags":0,
   "point group": "c1",
   "gradient norm":       0.000047792216
}
