{
   "temperature":     298.150000000000,
   "unit": "hartree",
   "energy":     -64.697892466906,
   "free energy":     -64.466416152646,
   "G(T)":       0.231476314260,
   "ZPVE":       0.288201264365,
   "number of imags":0,
   "point group": "c1",
   "gradient norm":       0.000042629287
}
