{
   "temperature":     298.150000000000,
   "unit": "hartree",
   "energy":     -65.042689930230,
   "free energy":     -64.790213034182,
   "G(T)":       0.252476896047,
   "ZPVE":       0.313081559859,
   "number of imags":0,
   "point group": "c1",
   "gradient norm":       0.000092682518
}
