{
   "temperature":     298.150000000000,
   "unit": "hartree",
   "energy":     -64.698497914400,
   "free energy":     -64.465274921573,
   "G(T)":       0.233222992826,
   "ZPVE":       0.288663875118,
   "number of imags":0,
   "point group": "c1",
   "gradient norm":       0.000074171526
}
