{
   "temperature":     298.150000000000,
   "unit": "hartree",
   "energy":     -65.053006869515,
   "free energy":     -64.799826841316,
   "G(T)":       0.253180028199,
   "ZPVE":       0.312817123775,
   "number of imags":0,
   "point group": "c1",
   "gradient norm":       0.000046917178
}
