{
    "partname": "prescreening",
    "runtime": 13.280518029816449,
    "results": {
        "CONF1": {
            "xtb_gsolv": {
                "gsolv": -0.0034257865169990964,
                "energy_xtb_gas": -20.201917025878,
                "energy_xtb_solv": -20.205342812395
            },
            "sp": {
                "energy": -707.025560750024
            },
            "gtot": -707.0289865365411,
            "bmw": 1.0
        }
    },
    "settings": {
        "threshold": 4.0,
        "func": "pbe-d4",
        "basis": "def2-sv(p)",
        "prog": "orca",
        "gfnv": "gfn2",
        "run": true,
        "template": false
    },
    "nconf_in": 1,
    "nconf_out": 1
}