{
    "partname": "prescreening",
    "runtime": 26.01134726498276,
    "results": {
        "CONF1": {
            "xtb_gsolv": {
                "gsolv": -0.01379015871600231,
                "energy_xtb_gas": -24.473910630099,
                "energy_xtb_solv": -24.487700788815
            },
            "sp": {
                "energy": -398.882540849903
            },
            "gtot": -398.89633100861903,
            "bmw": 1.0
        }
    },
    "settings": {
        "threshold": 4.0,
        "func": "pbe-d4",
        "basis": "def2-sv(p)",
        "prog": "orca",
        "gfnv": "gfn2",
        "run": true,
        "template": false
    },
    "nconf_in": 1,
    "nconf_out": 1
}