{
   "temperature":     298.150000000000,
   "unit": "hartree",
   "energy":     -65.050017662706,
   "free energy":     -64.796004180684,
   "G(T)":       0.254013482022,
   "ZPVE":       0.313116591018,
   "number of imags":0,
   "point group": "c1",
   "gradient norm":       0.000096627829
}
