{
   "temperature":     298.150000000000,
   "unit": "hartree",
   "energy":     -65.049698399830,
   "free energy":     -64.796274870248,
   "G(T)":       0.253423529582,
   "ZPVE":       0.313091400554,
   "number of imags":0,
   "point group": "c1",
   "gradient norm":       0.000007477489
}
