{
    "partname": "prescreening",
    "runtime": 5.153048213105649,
    "results": {
        "CONF1": {
            "xtb_gsolv": {
                "gsolv": -0.0025941138130001207,
                "energy_xtb_gas": -19.461388933834,
                "energy_xtb_solv": -19.463983047647
            },
            "sp": {
                "energy": -1457.423272990967
            },
            "gtot": -1457.42586710478,
            "bmw": 1.0
        }
    },
    "settings": {
        "threshold": 4.0,
        "func": "pbe-d4",
        "basis": "def2-sv(p)",
        "prog": "orca",
        "gfnv": "gfn2",
        "run": true,
        "template": false
    },
    "nconf_in": 1,
    "nconf_out": 1
}