{
   "temperature":     298.150000000000,
   "unit": "hartree",
   "energy":     -65.047633962920,
   "free energy":     -64.794734090918,
   "G(T)":       0.252899872002,
   "ZPVE":       0.312786764568,
   "number of imags":0,
   "point group": "c1",
   "gradient norm":       0.000050261524
}
