{
   "temperature":     298.150000000000,
   "unit": "hartree",
   "energy":     -17.626432954862,
   "free energy":     -17.572229618605,
   "G(T)":       0.054203336258,
   "ZPVE":       0.086178771218,
   "number of imags":0,
   "point group": "c1",
   "gradient norm":       0.000035875321
}
