{
   "temperature":     298.150000000000,
   "unit": "hartree",
   "energy":     -65.048608555692,
   "free energy":     -64.795427755703,
   "G(T)":       0.253180799989,
   "ZPVE":       0.313121650214,
   "number of imags":0,
   "point group": "c1",
   "gradient norm":       0.000119458855
}
