{
   "temperature":     298.150000000000,
   "unit": "hartree",
   "energy":     -65.049248866816,
   "free energy":     -64.796878441780,
   "G(T)":       0.252370425036,
   "ZPVE":       0.312734984858,
   "number of imags":0,
   "point group": "c1",
   "gradient norm":       0.000076932793
}
