{
   "temperature":     298.150000000000,
   "unit": "hartree",
   "energy":     -14.020989684196,
   "free energy":     -13.966248297000,
   "G(T)":       0.054741387195,
   "ZPVE":       0.080439858646,
   "number of imags":0,
   "point group": "c2v",
   "gradient norm":       0.000007549994
}
