{
   "temperature":     298.150000000000,
   "unit": "hartree",
   "energy":     -65.048670015996,
   "free energy":     -64.795368941683,
   "G(T)":       0.253301074312,
   "ZPVE":       0.312966521148,
   "number of imags":0,
   "point group": "c1",
   "gradient norm":       0.000075576477
}
