{
   "temperature":     298.150000000000,
   "unit": "hartree",
   "energy":     -15.880456359897,
   "free energy":     -15.808247506395,
   "G(T)":       0.072208853502,
   "ZPVE":       0.097412314289,
   "number of imags":0,
   "point group": "d6h",
   "gradient norm":       0.000006362599
}
