{
   "temperature":     298.150000000000,
   "unit": "hartree",
   "energy":     -65.027386615246,
   "free energy":     -64.778929683642,
   "G(T)":       0.248456931604,
   "ZPVE":       0.313104872947,
   "number of imags":0,
   "point group": "c1",
   "gradient norm":       0.000043854543
}
