{
   "temperature":     298.150000000000,
   "unit": "hartree",
   "energy":     -65.048314225877,
   "free energy":     -64.795746811083,
   "G(T)":       0.252567414795,
   "ZPVE":       0.312743615376,
   "number of imags":0,
   "point group": "c1",
   "gradient norm":       0.000078466822
}
