{
   "temperature":     298.150000000000,
   "unit": "hartree",
   "energy":     -65.049966840232,
   "free energy":     -64.797691371889,
   "G(T)":       0.252275468343,
   "ZPVE":       0.312589671748,
   "number of imags":0,
   "point group": "c1",
   "gradient norm":       0.000081696335
}
