{
   "temperature":     298.150000000000,
   "unit": "hartree",
   "energy":     -65.066380841791,
   "free energy":     -64.812673870719,
   "G(T)":       0.253706971072,
   "ZPVE":       0.312767644904,
   "number of imags":0,
   "point group": "c1",
   "gradient norm":       0.000083423703
}
