{
   "temperature":     298.150000000000,
   "unit": "hartree",
   "energy":     -65.052411915634,
   "free energy":     -64.799029118070,
   "G(T)":       0.253382797564,
   "ZPVE":       0.312998897532,
   "number of imags":0,
   "point group": "c1",
   "gradient norm":       0.000069068157
}
