{
   "temperature":     298.150000000000,
   "unit": "hartree",
   "energy":     -65.046481628181,
   "free energy":     -64.793972099590,
   "G(T)":       0.252509528591,
   "ZPVE":       0.312890142624,
   "number of imags":0,
   "point group": "c1",
   "gradient norm":       0.000077635304
}
