{
   "temperature":     298.150000000000,
   "unit": "hartree",
   "energy":     -22.222340357738,
   "free energy":     -22.106052458715,
   "G(T)":       0.116287899023,
   "ZPVE":       0.151678769915,
   "number of imags":0,
   "point group": "c2",
   "gradient norm":       0.000044033204
}
