{
   "temperature":     298.150000000000,
   "unit": "hartree",
   "energy":     -65.045065337884,
   "free energy":     -64.792283393228,
   "G(T)":       0.252781944656,
   "ZPVE":       0.312924534688,
   "number of imags":0,
   "point group": "c1",
   "gradient norm":       0.000081018707
}
