{
    "partname": "prescreening",
    "runtime": 19.483681108802557,
    "results": {
        "CONF3": {
            "xtb_gsolv": {
                "gsolv": -0.016681702684998356,
                "energy_xtb_gas": -44.49265143121,
                "energy_xtb_solv": -44.509333133895
            },
            "sp": {
                "energy": -1069.338719805054
            },
            "gtot": -1069.355401507739,
            "bmw": 0.09504593722826551
        },
        "CONF2": {
            "xtb_gsolv": {
                "gsolv": -0.01655104895299786,
                "energy_xtb_gas": -44.492848212806,
                "energy_xtb_solv": -44.509399261759
            },
            "sp": {
                "energy": -1069.340092119717
            },
            "gtot": -1069.35664316867,
            "bmw": 0.35404466295644477
        },
        "CONF4": {
            "xtb_gsolv": {
                "gsolv": -0.016975881726004616,
                "energy_xtb_gas": -44.492108331534,
                "energy_xtb_solv": -44.50908421326
            },
            "sp": {
                "energy": -1069.338025521478
            },
            "gtot": -1069.355001403204,
            "bmw": 0.06221544480558284
        },
        "CONF1": {
            "xtb_gsolv": {
                "gsolv": -0.01661957416099824,
                "energy_xtb_gas": -44.493184161651,
                "energy_xtb_solv": -44.509803735812
            },
            "sp": {
                "energy": -1069.340327917562
            },
            "gtot": -1069.356947491723,
            "bmw": 0.48869395500970675
        }
    },
    "settings": {
        "threshold": 4.0,
        "func": "pbe-d4",
        "basis": "def2-sv(p)",
        "prog": "orca",
        "gfnv": "gfn2",
        "run": true,
        "template": false
    },
    "nconf_in": 4,
    "nconf_out": 4
}