{
    "partname": "screening",
    "runtime": 155.5073693273589,
    "results": {
        "CONF4": {
            "gsolv": {
                "gsolv": -0.01494400674505414,
                "energy_gas": -1070.812208075635,
                "energy_solv": -1070.82715208238
            },
            "gtot": -1070.82715208238,
            "bmw": 0.012300404036355753
        },
        "CONF2": {
            "gsolv": {
                "gsolv": -0.015985714419912256,
                "energy_gas": -1070.814902073981,
                "energy_solv": -1070.830887788401
            },
            "gtot": -1070.830887788401,
            "bmw": 0.6430210705742797
        },
        "CONF1": {
            "gsolv": {
                "gsolv": -0.01545128348493563,
                "energy_gas": -1070.81478168707,
                "energy_solv": -1070.830232970555
            },
            "gtot": -1070.830232970555,
            "bmw": 0.32138813836877916
        },
        "CONF3": {
            "gsolv": {
                "gsolv": -0.01467246847801107,
                "energy_gas": -1070.813082388946,
                "energy_solv": -1070.827754857424
            },
            "gtot": -1070.827754857424,
            "bmw": 0.02329038702058525
        }
    },
    "settings": {
        "threshold": 3.5,
        "func": "r2scan-3c",
        "basis": "def2-tzvp",
        "prog": "orca",
        "sm": "smd",
        "gfnv": "gfn2",
        "run": true,
        "implicit": false,
        "template": false
    },
    "nconf_in": 4,
    "nconf_out": 4
}