{
    "partname": "refinement",
    "runtime": 1081.175051568076,
    "results": {
        "CONF4": {
            "gsolv": {
                "gsolv": -0.017674272494105026,
                "energy_gas": -1070.963662218315,
                "energy_solv": -1070.981336490809
            },
            "gtot": -1070.981336490809,
            "bmw": 0.28729551035464757
        },
        "CONF1": {
            "gsolv": {
                "gsolv": -0.017148142791029386,
                "energy_gas": -1070.963914962899,
                "energy_solv": -1070.98106310569
            },
            "gtot": -1070.98106310569,
            "bmw": 0.2150702742296277
        },
        "CONF2": {
            "gsolv": {
                "gsolv": -0.017652126952043545,
                "energy_gas": -1070.963679467935,
                "energy_solv": -1070.981331594887
            },
            "gtot": -1070.981331594887,
            "bmw": 0.28580963870103765
        },
        "CONF3": {
            "gsolv": {
                "gsolv": -0.017108978664964525,
                "energy_gas": -1070.963939769419,
                "energy_solv": -1070.981048748084
            },
            "gtot": -1070.981048748084,
            "bmw": 0.21182457671468713
        }
    },
    "settings": {
        "threshold": 0.95,
        "func": "wb97x-v",
        "basis": "def2-tzvp",
        "prog": "orca",
        "sm": "smd",
        "gfnv": "gfn2",
        "run": true,
        "implicit": false,
        "template": false
    },
    "nconf_in": 4,
    "nconf_out": 4
}