{
   "temperature":     298.150000000000,
   "unit": "hartree",
   "energy":     -65.048167347587,
   "free energy":     -64.795624319954,
   "G(T)":       0.252543027633,
   "ZPVE":       0.312895381494,
   "number of imags":0,
   "point group": "c1",
   "gradient norm":       0.000027997844
}
