{
   "temperature":     298.150000000000,
   "unit": "hartree",
   "energy":     -65.048351273860,
   "free energy":     -64.795079231091,
   "G(T)":       0.253272042769,
   "ZPVE":       0.313171698477,
   "number of imags":0,
   "point group": "c1",
   "gradient norm":       0.000080660717
}
