{
   "temperature":     298.150000000000,
   "unit": "hartree",
   "energy":     -64.700194783990,
   "free energy":     -64.467655114011,
   "G(T)":       0.232539669979,
   "ZPVE":       0.288659721001,
   "number of imags":0,
   "point group": "c1",
   "gradient norm":       0.000114332410
}
