{
   "temperature":     298.150000000000,
   "unit": "hartree",
   "energy":     -25.486538823914,
   "free energy":     -25.355869219489,
   "G(T)":       0.130669604425,
   "ZPVE":       0.163524658586,
   "number of imags":0,
   "point group": "c1",
   "gradient norm":       0.000034741771
}
