{
   "temperature":     298.150000000000,
   "unit": "hartree",
   "energy":     -65.057224832848,
   "free energy":     -64.804043354574,
   "G(T)":       0.253181478273,
   "ZPVE":       0.312638908309,
   "number of imags":0,
   "point group": "c1",
   "gradient norm":       0.000065109476
}
