{
   "temperature":     298.150000000000,
   "unit": "hartree",
   "energy":     -64.696314573518,
   "free energy":     -64.464343612041,
   "G(T)":       0.231970961477,
   "ZPVE":       0.288379161585,
   "number of imags":0,
   "point group": "c1",
   "gradient norm":       0.000092248804
}
