{
   "temperature":     298.150000000000,
   "unit": "hartree",
   "energy":     -65.036717337874,
   "free energy":     -64.784672899819,
   "G(T)":       0.252044438055,
   "ZPVE":       0.312916738990,
   "number of imags":0,
   "point group": "c1",
   "gradient norm":       0.000060393910
}
