{
   "temperature":     298.150000000000,
   "unit": "hartree",
   "energy":     -64.700085425332,
   "free energy":     -64.466968780951,
   "G(T)":       0.233116644382,
   "ZPVE":       0.288627263349,
   "number of imags":0,
   "point group": "c1",
   "gradient norm":       0.000095783314
}
