{
   "temperature":     298.150000000000,
   "unit": "hartree",
   "energy":     -14.632670432307,
   "free energy":     -14.612017581290,
   "G(T)":       0.020652851017,
   "ZPVE":       0.048031872672,
   "number of imags":0,
   "point group": "cs",
   "gradient norm":       0.000030459371
}
