{
   "temperature":     298.150000000000,
   "unit": "hartree",
   "energy":     -65.051187421610,
   "free energy":     -64.798068981426,
   "G(T)":       0.253118440184,
   "ZPVE":       0.312944910732,
   "number of imags":0,
   "point group": "c1",
   "gradient norm":       0.000028692558
}
