{
   "temperature":     298.150000000000,
   "unit": "hartree",
   "energy":     -65.042819047208,
   "free energy":     -64.790867996774,
   "G(T)":       0.251951050434,
   "ZPVE":       0.312853493173,
   "number of imags":0,
   "point group": "c1",
   "gradient norm":       0.000049238172
}
