{
   "temperature":     298.150000000000,
   "unit": "hartree",
   "energy":     -65.043139477417,
   "free energy":     -64.790020255389,
   "G(T)":       0.253119222028,
   "ZPVE":       0.312925286972,
   "number of imags":0,
   "point group": "c1",
   "gradient norm":       0.000027718574
}
