{
   "temperature":     298.150000000000,
   "unit": "hartree",
   "energy":     -64.700311868342,
   "free energy":     -64.467424387957,
   "G(T)":       0.232887480385,
   "ZPVE":       0.288485549356,
   "number of imags":0,
   "point group": "c1",
   "gradient norm":       0.000062113447
}
