{
   "temperature":     298.150000000000,
   "unit": "hartree",
   "energy":     -64.698930642645,
   "free energy":     -64.466835484405,
   "G(T)":       0.232095158240,
   "ZPVE":       0.288469463972,
   "number of imags":0,
   "point group": "c1",
   "gradient norm":       0.000013632353
}
