{
   "temperature":     298.150000000000,
   "unit": "hartree",
   "energy":     -64.706749393488,
   "free energy":     -64.473839287802,
   "G(T)":       0.232910105686,
   "ZPVE":       0.288145115743,
   "number of imags":0,
   "point group": "c1",
   "gradient norm":       0.000082330079
}
