{
   "temperature":     298.150000000000,
   "unit": "hartree",
   "energy":     -65.051533944692,
   "free energy":     -64.798275788963,
   "G(T)":       0.253258155729,
   "ZPVE":       0.313133185287,
   "number of imags":0,
   "point group": "c1",
   "gradient norm":       0.000070914131
}
