{
   "temperature":     298.150000000000,
   "unit": "hartree",
   "energy":     -64.698401531082,
   "free energy":     -64.466355517494,
   "G(T)":       0.232046013589,
   "ZPVE":       0.288449044996,
   "number of imags":0,
   "point group": "c1",
   "gradient norm":       0.000074703850
}
