{
   "temperature":     298.150000000000,
   "unit": "hartree",
   "energy":     -65.063428848638,
   "free energy":     -64.809825333229,
   "G(T)":       0.253603515409,
   "ZPVE":       0.312724372570,
   "number of imags":0,
   "point group": "c1",
   "gradient norm":       0.000047361856
}
