{
   "temperature":     298.150000000000,
   "unit": "hartree",
   "energy":     -65.049749817670,
   "free energy":     -64.795772791138,
   "G(T)":       0.253977026532,
   "ZPVE":       0.313291707255,
   "number of imags":0,
   "point group": "c1",
   "gradient norm":       0.000103383438
}
