{
   "temperature":     298.150000000000,
   "unit": "hartree",
   "energy":     -65.039955349537,
   "free energy":     -64.787499559593,
   "G(T)":       0.252455789943,
   "ZPVE":       0.312974523295,
   "number of imags":0,
   "point group": "c1",
   "gradient norm":       0.000080261083
}
