{
   "temperature":     298.150000000000,
   "unit": "hartree",
   "energy":     -64.700243117081,
   "free energy":     -64.467567024101,
   "G(T)":       0.232676092980,
   "ZPVE":       0.288671525230,
   "number of imags":0,
   "point group": "c1",
   "gradient norm":       0.000070771078
}
