{
   "temperature":     298.150000000000,
   "unit": "hartree",
   "energy":     -65.043049972589,
   "free energy":     -64.789925103423,
   "G(T)":       0.253124869166,
   "ZPVE":       0.313070670706,
   "number of imags":0,
   "point group": "c1",
   "gradient norm":       0.000064799368
}
