{
   "temperature":     298.150000000000,
   "unit": "hartree",
   "energy":     -44.511212660773,
   "free energy":     -44.343136789515,
   "G(T)":       0.168075871258,
   "ZPVE":       0.211205413345,
   "number of imags":0,
   "point group": "c1",
   "gradient norm":       0.000065932532
}
