{
   "temperature":     298.150000000000,
   "unit": "hartree",
   "energy":     -65.042549734946,
   "free energy":     -64.789397829411,
   "G(T)":       0.253151905534,
   "ZPVE":       0.313237472855,
   "number of imags":0,
   "point group": "c1",
   "gradient norm":       0.000075739252
}
