{
   "temperature":     298.150000000000,
   "unit": "hartree",
   "energy":     -65.044630124661,
   "free energy":     -64.791992402770,
   "G(T)":       0.252637721891,
   "ZPVE":       0.313046079138,
   "number of imags":0,
   "point group": "c1",
   "gradient norm":       0.000042076263
}
