{
    "partname": "prescreening",
    "runtime": 20.266738643869758,
    "results": {
        "CONF1": {
            "xtb_gsolv": {
                "gsolv": -0.015948804665995908,
                "energy_xtb_gas": -49.695238478206,
                "energy_xtb_solv": -49.711187282872
            },
            "sp": {
                "energy": -817.729887146692
            },
            "gtot": -817.745835951358,
            "bmw": 1.0
        }
    },
    "settings": {
        "threshold": 4.0,
        "func": "pbe-d4",
        "basis": "def2-sv(p)",
        "prog": "orca",
        "gfnv": "gfn2",
        "run": true,
        "template": false
    },
    "nconf_in": 1,
    "nconf_out": 1
}