{
   "temperature":     298.150000000000,
   "unit": "hartree",
   "energy":     -65.059900123220,
   "free energy":     -64.806675163782,
   "G(T)":       0.253224959438,
   "ZPVE":       0.312643868539,
   "number of imags":0,
   "point group": "c1",
   "gradient norm":       0.000065336621
}
