{
   "temperature":     298.150000000000,
   "unit": "hartree",
   "energy":     -65.050949871195,
   "free energy":     -64.797025487432,
   "G(T)":       0.253924383763,
   "ZPVE":       0.313021488074,
   "number of imags":0,
   "point group": "c1",
   "gradient norm":       0.000031765461
}
