{
   "temperature":     298.150000000000,
   "unit": "hartree",
   "energy":     -65.034031431272,
   "free energy":     -64.781677250395,
   "G(T)":       0.252354180876,
   "ZPVE":       0.313240513420,
   "number of imags":0,
   "point group": "c1",
   "gradient norm":       0.000043505015
}
