{
    "partname": "prescreening",
    "runtime": 4.464278585277498,
    "results": {
        "CONF3": {
            "xtb_gsolv": {
                "gsolv": -0.002025072517000126,
                "energy_xtb_gas": -13.519628003195,
                "energy_xtb_solv": -13.521653075712
            },
            "sp": {
                "energy": -192.703914234752
            },
            "gtot": -192.705939307269,
            "bmw": 0.023078623392339112
        },
        "CONF2": {
            "xtb_gsolv": {
                "gsolv": -0.0019552371519999667,
                "energy_xtb_gas": -13.520059829888,
                "energy_xtb_solv": -13.52201506704
            },
            "sp": {
                "energy": -192.70474069163
            },
            "gtot": -192.706695928782,
            "bmw": 0.05143179785312979
        },
        "CONF1": {
            "xtb_gsolv": {
                "gsolv": -0.0020538871589987906,
                "energy_xtb_gas": -13.520086326313,
                "energy_xtb_solv": -13.522140213472
            },
            "sp": {
                "energy": -192.707370795338
            },
            "gtot": -192.709424682497,
            "bmw": 0.9254895787545312
        }
    },
    "settings": {
        "threshold": 4.0,
        "func": "pbe-d4",
        "basis": "def2-sv(p)",
        "prog": "orca",
        "gfnv": "gfn2",
        "run": true,
        "template": false
    },
    "nconf_in": 3,
    "nconf_out": 3
}