{
    "partname": "screening",
    "runtime": 21.432027937844396,
    "results": {
        "CONF2": {
            "gsolv": {
                "gsolv": -0.005558657367998876,
                "energy_gas": -193.091794108587,
                "energy_solv": -193.097352765955
            },
            "gtot": -193.097352765955,
            "bmw": 0.08241684158693595
        },
        "CONF1": {
            "gsolv": {
                "gsolv": -0.0054805487560258825,
                "energy_gas": -193.094108561184,
                "energy_solv": -193.09958910994
            },
            "gtot": -193.09958910994,
            "bmw": 0.8803654626946039
        },
        "CONF3": {
            "gsolv": {
                "gsolv": -0.005441104854014611,
                "energy_gas": -193.091161029827,
                "energy_solv": -193.096602134681
            },
            "gtot": -193.096602134681,
            "bmw": 0.03721769571845995
        }
    },
    "settings": {
        "threshold": 3.5,
        "func": "r2scan-3c",
        "basis": "def2-tzvp",
        "prog": "orca",
        "sm": "smd",
        "gfnv": "gfn2",
        "run": true,
        "implicit": false,
        "template": false
    },
    "nconf_in": 3,
    "nconf_out": 3
}