{
    "partname": "refinement",
    "runtime": 72.31573859415948,
    "results": {
        "CONF2": {
            "gsolv": {
                "gsolv": -0.006345100206004872,
                "energy_gas": -193.151152008917,
                "energy_solv": -193.157497109123
            },
            "gtot": -193.157497109123,
            "bmw": 0.11477865152348561
        },
        "CONF1": {
            "gsolv": {
                "gsolv": -0.006470972862985036,
                "energy_gas": -193.152909095738,
                "energy_solv": -193.159380068601
            },
            "gtot": -193.159380068601,
            "bmw": 0.843261991490293
        },
        "CONF3": {
            "gsolv": {
                "gsolv": -0.00624302032500168,
                "energy_gas": -193.150303952829,
                "energy_solv": -193.156546973154
            },
            "gtot": -193.156546973154,
            "bmw": 0.041959356986221365
        }
    },
    "settings": {
        "threshold": 0.95,
        "func": "wb97x-v",
        "basis": "def2-tzvp",
        "prog": "orca",
        "sm": "smd",
        "gfnv": "gfn2",
        "run": true,
        "implicit": false,
        "template": false
    },
    "nconf_in": 3,
    "nconf_out": 3
}