{
   "temperature":     298.150000000000,
   "unit": "hartree",
   "energy":     -65.025228939483,
   "free energy":     -64.777012920112,
   "G(T)":       0.248216019371,
   "ZPVE":       0.313146706898,
   "number of imags":0,
   "point group": "c1",
   "gradient norm":       0.000249106155
}
