{
    "partname": "prescreening",
    "runtime": 13.487617907114327,
    "results": {
        "CONF1": {
            "xtb_gsolv": {
                "gsolv": -0.0021169677869998793,
                "energy_xtb_gas": -13.805926740165,
                "energy_xtb_solv": -13.808043707952
            },
            "sp": {
                "energy": -415.909491390068
            },
            "gtot": -415.911608357855,
            "bmw": 1.0
        }
    },
    "settings": {
        "threshold": 4.0,
        "func": "pbe-d4",
        "basis": "def2-sv(p)",
        "prog": "orca",
        "gfnv": "gfn2",
        "run": true,
        "template": false
    },
    "nconf_in": 1,
    "nconf_out": 1
}