{
   "temperature":     298.150000000000,
   "unit": "hartree",
   "energy":     -65.043799883915,
   "free energy":     -64.790949141459,
   "G(T)":       0.252850742456,
   "ZPVE":       0.313135472197,
   "number of imags":0,
   "point group": "c1",
   "gradient norm":       0.000129721980
}
