{
   "temperature":     298.150000000000,
   "unit": "hartree",
   "energy":     -65.055124664358,
   "free energy":     -64.801781774808,
   "G(T)":       0.253342889549,
   "ZPVE":       0.312991057948,
   "number of imags":0,
   "point group": "c1",
   "gradient norm":       0.000120241097
}
