{
   "temperature":     298.150000000000,
   "unit": "hartree",
   "energy":     -36.157724738028,
   "free energy":     -36.036848788210,
   "G(T)":       0.120875949818,
   "ZPVE":       0.155411044059,
   "number of imags":0,
   "point group": "c1",
   "gradient norm":       0.000049482045
}
