{
   "temperature":     298.150000000000,
   "unit": "hartree",
   "energy":     -65.053064332933,
   "free energy":     -64.799721399819,
   "G(T)":       0.253342933114,
   "ZPVE":       0.312825642561,
   "number of imags":0,
   "point group": "c1",
   "gradient norm":       0.000042040218
}
