{
   "temperature":     298.150000000000,
   "unit": "hartree",
   "energy":     -64.695256986156,
   "free energy":     -64.463152171330,
   "G(T)":       0.232104814826,
   "ZPVE":       0.288496806933,
   "number of imags":0,
   "point group": "c1",
   "gradient norm":       0.000062438600
}
