{
   "temperature":     298.150000000000,
   "unit": "hartree",
   "energy":     -65.057141166634,
   "free energy":     -64.803829788182,
   "G(T)":       0.253311378452,
   "ZPVE":       0.312702256044,
   "number of imags":0,
   "point group": "c1",
   "gradient norm":       0.000038543077
}
