{
    "partname": "prescreening",
    "runtime": 6.747603480704129,
    "results": {
        "CONF1": {
            "xtb_gsolv": {
                "gsolv": -0.007499449295998772,
                "energy_xtb_gas": -20.399795566407,
                "energy_xtb_solv": -20.407295015703
            },
            "sp": {
                "energy": -323.801545748779
            },
            "gtot": -323.809045198075,
            "bmw": 1.0
        }
    },
    "settings": {
        "threshold": 4.0,
        "func": "pbe-d4",
        "basis": "def2-sv(p)",
        "prog": "orca",
        "gfnv": "gfn2",
        "run": true,
        "template": false
    },
    "nconf_in": 1,
    "nconf_out": 1
}