{
   "temperature":     298.150000000000,
   "unit": "hartree",
   "energy":     -65.046735896557,
   "free energy":     -64.793854444868,
   "G(T)":       0.252881451689,
   "ZPVE":       0.312972133669,
   "number of imags":0,
   "point group": "c1",
   "gradient norm":       0.000197485322
}
