{
   "temperature":     298.150000000000,
   "unit": "hartree",
   "energy":     -65.049510112254,
   "free energy":     -64.796392390244,
   "G(T)":       0.253117722010,
   "ZPVE":       0.312850101047,
   "number of imags":0,
   "point group": "c1",
   "gradient norm":       0.000067199710
}
