{
   "temperature":     298.150000000000,
   "unit": "hartree",
   "energy":      -9.448234372556,
   "free energy":      -9.390484075811,
   "G(T)":       0.057750296744,
   "ZPVE":       0.080309297345,
   "number of imags":0,
   "point group": "d3h",
   "gradient norm":       0.000001939849
}
