{
   "temperature":     298.150000000000,
   "unit": "hartree",
   "energy":     -22.019330138223,
   "free energy":     -21.902356087074,
   "G(T)":       0.116974051149,
   "ZPVE":       0.148046356601,
   "number of imags":0,
   "point group": "c1",
   "gradient norm":       0.000060953695
}
