{
   "temperature":     298.150000000000,
   "unit": "hartree",
   "energy":     -65.048256842222,
   "free energy":     -64.796231431640,
   "G(T)":       0.252025410582,
   "ZPVE":       0.312506894757,
   "number of imags":0,
   "point group": "c1",
   "gradient norm":       0.000090525251
}
