{
    "partname": "prescreening",
    "runtime": 4.996676871553063,
    "results": {
        "CONF1": {
            "xtb_gsolv": {
                "gsolv": -0.00971566589299755,
                "energy_xtb_gas": -16.9858232093,
                "energy_xtb_solv": -16.995538875193
            },
            "sp": {
                "energy": -247.970290100232
            },
            "gtot": -247.980005766125,
            "bmw": 0.38939268252966475
        },
        "CONF2": {
            "xtb_gsolv": {
                "gsolv": -0.009768276565999656,
                "energy_xtb_gas": -16.985252142836,
                "energy_xtb_solv": -16.995020419402
            },
            "sp": {
                "energy": -247.970662245521
            },
            "gtot": -247.980430522087,
            "bmw": 0.6106073174703351
        }
    },
    "settings": {
        "threshold": 4.0,
        "func": "pbe-d4",
        "basis": "def2-sv(p)",
        "prog": "orca",
        "gfnv": "gfn2",
        "run": true,
        "template": false
    },
    "nconf_in": 2,
    "nconf_out": 2
}