{
    "partname": "screening",
    "runtime": 30.496149861253798,
    "results": {
        "CONF1": {
            "gsolv": {
                "gsolv": -0.013893423669003369,
                "energy_gas": -248.462104766711,
                "energy_solv": -248.47599819038
            },
            "gtot": -248.47599819038,
            "bmw": 0.23441542340326885
        },
        "CONF2": {
            "gsolv": {
                "gsolv": -0.01442296904400564,
                "energy_gas": -248.46269270519,
                "energy_solv": -248.477115674234
            },
            "gtot": -248.477115674234,
            "bmw": 0.7655845765967313
        }
    },
    "settings": {
        "threshold": 3.5,
        "func": "r2scan-3c",
        "basis": "def2-tzvp",
        "prog": "orca",
        "sm": "smd",
        "gfnv": "gfn2",
        "run": true,
        "implicit": false,
        "template": false
    },
    "nconf_in": 2,
    "nconf_out": 2
}