{
    "partname": "refinement",
    "runtime": 117.65254498459399,
    "results": {
        "CONF2": {
            "gsolv": {
                "gsolv": -0.015701473869000893,
                "energy_gas": -248.537212324658,
                "energy_solv": -248.552913798527
            },
            "gtot": -248.552913798527,
            "bmw": 0.7276229451722355
        },
        "CONF1": {
            "gsolv": {
                "gsolv": -0.015131101914022338,
                "energy_gas": -248.536854945732,
                "energy_solv": -248.551986047646
            },
            "gtot": -248.551986047646,
            "bmw": 0.2723770548277646
        }
    },
    "settings": {
        "threshold": 0.95,
        "func": "wb97x-v",
        "basis": "def2-tzvp",
        "prog": "orca",
        "sm": "smd",
        "gfnv": "gfn2",
        "run": true,
        "implicit": false,
        "template": false
    },
    "nconf_in": 2,
    "nconf_out": 2
}