{
   "temperature":     298.150000000000,
   "unit": "hartree",
   "energy":     -65.059732632060,
   "free energy":     -64.806639394319,
   "G(T)":       0.253093237741,
   "ZPVE":       0.312581536370,
   "number of imags":0,
   "point group": "c1",
   "gradient norm":       0.000051269097
}
