{
   "temperature":     298.150000000000,
   "unit": "hartree",
   "energy":     -65.057766123131,
   "free energy":     -64.804212569653,
   "G(T)":       0.253553553477,
   "ZPVE":       0.312832415268,
   "number of imags":0,
   "point group": "c1",
   "gradient norm":       0.000057338177
}
