{
   "temperature":     298.150000000000,
   "unit": "hartree",
   "energy":     -65.059600209735,
   "free energy":     -64.806235506953,
   "G(T)":       0.253364702782,
   "ZPVE":       0.312762038547,
   "number of imags":0,
   "point group": "c1",
   "gradient norm":       0.000074908118
}
