{
   "temperature":     298.150000000000,
   "unit": "hartree",
   "energy":     -64.701710274651,
   "free energy":     -64.469158969789,
   "G(T)":       0.232551304862,
   "ZPVE":       0.288506724017,
   "number of imags":0,
   "point group": "c1",
   "gradient norm":       0.000099836772
}
