{
   "temperature":     298.150000000000,
   "unit": "hartree",
   "energy":     -65.025165614960,
   "free energy":     -64.777489272735,
   "G(T)":       0.247676342225,
   "ZPVE":       0.312882274492,
   "number of imags":0,
   "point group": "c1",
   "gradient norm":       0.000145043958
}
