{
   "temperature":     298.150000000000,
   "unit": "hartree",
   "energy":     -24.034489180035,
   "free energy":     -23.946265504405,
   "G(T)":       0.088223675630,
   "ZPVE":       0.118836527647,
   "number of imags":0,
   "point group": "c2",
   "gradient norm":       0.000044113239
}
