{
   "temperature":     298.150000000000,
   "unit": "hartree",
   "energy":     -65.051708691648,
   "free energy":     -64.798505355589,
   "G(T)":       0.253203336059,
   "ZPVE":       0.312882085076,
   "number of imags":0,
   "point group": "c1",
   "gradient norm":       0.000053806593
}
