{
   "temperature":     298.150000000000,
   "unit": "hartree",
   "energy":     -65.061513038324,
   "free energy":     -64.807920384018,
   "G(T)":       0.253592654305,
   "ZPVE":       0.312774845063,
   "number of imags":0,
   "point group": "c1",
   "gradient norm":       0.000063731423
}
