{
   "temperature":     298.150000000000,
   "unit": "hartree",
   "energy":     -65.059162455727,
   "free energy":     -64.806152576117,
   "G(T)":       0.253009879610,
   "ZPVE":       0.312694316576,
   "number of imags":0,
   "point group": "c1",
   "gradient norm":       0.000051362879
}
