{
   "temperature":     298.150000000000,
   "unit": "hartree",
   "energy":     -65.048739403714,
   "free energy":     -64.795401648561,
   "G(T)":       0.253337755153,
   "ZPVE":       0.312958801266,
   "number of imags":0,
   "point group": "c1",
   "gradient norm":       0.000059964717
}
