{
   "temperature":     298.150000000000,
   "unit": "hartree",
   "energy":     -17.626471240218,
   "free energy":     -17.571941718206,
   "G(T)":       0.054529522012,
   "ZPVE":       0.086218559458,
   "number of imags":0,
   "point group": "cs",
   "gradient norm":       0.000006973703
}
