{
   "temperature":     298.150000000000,
   "unit": "hartree",
   "energy":     -64.696216823486,
   "free energy":     -64.463970018586,
   "G(T)":       0.232246804900,
   "ZPVE":       0.288486922160,
   "number of imags":0,
   "point group": "c1",
   "gradient norm":       0.000059858689
}
