{
   "temperature":     298.150000000000,
   "unit": "hartree",
   "energy":     -19.961003496221,
   "free energy":     -19.889211403469,
   "G(T)":       0.071792092753,
   "ZPVE":       0.100864353309,
   "number of imags":0,
   "point group": "cs",
   "gradient norm":       0.000028348567
}
