{
   "temperature":     298.150000000000,
   "unit": "hartree",
   "energy":     -65.058311256148,
   "free energy":     -64.805383038136,
   "G(T)":       0.252928218012,
   "ZPVE":       0.312699041579,
   "number of imags":0,
   "point group": "c1",
   "gradient norm":       0.000057975593
}
