{
   "temperature":     298.150000000000,
   "unit": "hartree",
   "energy":     -65.037215974593,
   "free energy":     -64.784918506737,
   "G(T)":       0.252297467856,
   "ZPVE":       0.312975326088,
   "number of imags":0,
   "point group": "c1",
   "gradient norm":       0.000080741166
}
