{
   "temperature":     298.150000000000,
   "unit": "hartree",
   "energy":     -64.708577135275,
   "free energy":     -64.476312597227,
   "G(T)":       0.232264538048,
   "ZPVE":       0.288135532051,
   "number of imags":0,
   "point group": "c1",
   "gradient norm":       0.000063071986
}
