{
    "partname": "prescreening",
    "runtime": 5.283251554705203,
    "results": {
        "CONF1": {
            "xtb_gsolv": {
                "gsolv": -0.002041901592999551,
                "energy_xtb_gas": -14.01713393997,
                "energy_xtb_solv": -14.019175841563
            },
            "sp": {
                "energy": -209.705408726779
            },
            "gtot": -209.70745062837202,
            "bmw": 1.0
        }
    },
    "settings": {
        "threshold": 4.0,
        "func": "pbe-d4",
        "basis": "def2-sv(p)",
        "prog": "orca",
        "gfnv": "gfn2",
        "run": true,
        "template": false
    },
    "nconf_in": 1,
    "nconf_out": 1
}