{
    "partname": "prescreening",
    "runtime": 17.87553391419351,
    "results": {
        "CONF1": {
            "xtb_gsolv": {
                "gsolv": -0.0047177847750035085,
                "energy_xtb_gas": -54.09973826137,
                "energy_xtb_solv": -54.104456046145
            },
            "sp": {
                "energy": -2448.391895111115
            },
            "gtot": -2448.39661289589,
            "bmw": 1.0
        }
    },
    "settings": {
        "threshold": 4.0,
        "func": "pbe-d4",
        "basis": "def2-sv(p)",
        "prog": "orca",
        "gfnv": "gfn2",
        "run": true,
        "template": false
    },
    "nconf_in": 1,
    "nconf_out": 1
}