{
   "temperature":     298.150000000000,
   "unit": "hartree",
   "energy":     -64.704772950783,
   "free energy":     -64.472084075960,
   "G(T)":       0.232688874823,
   "ZPVE":       0.288332002008,
   "number of imags":0,
   "point group": "c1",
   "gradient norm":       0.000087193182
}
