{
    "partname": "prescreening",
    "runtime": 12.068134730681777,
    "results": {
        "CONF1": {
            "xtb_gsolv": {
                "gsolv": -0.004345280020999098,
                "energy_xtb_gas": -28.909678278884,
                "energy_xtb_solv": -28.914023558905
            },
            "sp": {
                "energy": -440.289953243223
            },
            "gtot": -440.29429852324404,
            "bmw": 1.0
        }
    },
    "settings": {
        "threshold": 4.0,
        "func": "pbe-d4",
        "basis": "def2-sv(p)",
        "prog": "orca",
        "gfnv": "gfn2",
        "run": true,
        "template": false
    },
    "nconf_in": 1,
    "nconf_out": 1
}