{
   "temperature":     298.150000000000,
   "unit": "hartree",
   "energy":     -15.461631012397,
   "free energy":     -15.407850830068,
   "G(T)":       0.053780182329,
   "ZPVE":       0.081171329614,
   "number of imags":0,
   "point group": "c2",
   "gradient norm":       0.000021480459
}
