{
    "partname": "prescreening",
    "runtime": 40.881461408920586,
    "results": {
        "CONF1": {
            "xtb_gsolv": {
                "gsolv": -0.002204858100000706,
                "energy_xtb_gas": -23.98274018483,
                "energy_xtb_solv": -23.98494504293
            },
            "sp": {
                "energy": -1150.28481217546
            },
            "gtot": -1150.28701703356,
            "bmw": 1.0
        }
    },
    "settings": {
        "threshold": 4.0,
        "func": "pbe-d4",
        "basis": "def2-sv(p)",
        "prog": "orca",
        "gfnv": "gfn2",
        "run": true,
        "template": false
    },
    "nconf_in": 1,
    "nconf_out": 1
}