{
   "temperature":     298.150000000000,
   "unit": "hartree",
   "energy":     -28.034735944969,
   "free energy":     -27.998769898383,
   "G(T)":       0.035966046586,
   "ZPVE":       0.068801689660,
   "number of imags":0,
   "point group": "d3h",
   "gradient norm":       0.000028274402
}
