{
   "temperature":     298.150000000000,
   "unit": "hartree",
   "energy":     -65.049149026519,
   "free energy":     -64.795880311719,
   "G(T)":       0.253268714799,
   "ZPVE":       0.313027988160,
   "number of imags":0,
   "point group": "c1",
   "gradient norm":       0.000058702476
}
