{
   "temperature":     298.150000000000,
   "unit": "hartree",
   "energy":     -65.061366521160,
   "free energy":     -64.807968071971,
   "G(T)":       0.253398449190,
   "ZPVE":       0.312750634520,
   "number of imags":0,
   "point group": "c1",
   "gradient norm":       0.000102789967
}
