{
   "temperature":     298.150000000000,
   "unit": "hartree",
   "energy":     -65.057499864110,
   "free energy":     -64.804124178858,
   "G(T)":       0.253375685252,
   "ZPVE":       0.312873423224,
   "number of imags":0,
   "point group": "c1",
   "gradient norm":       0.000059639662
}
