{
   "temperature":     298.150000000000,
   "unit": "hartree",
   "energy":     -65.051382207819,
   "free energy":     -64.798870671401,
   "G(T)":       0.252511536418,
   "ZPVE":       0.312580356101,
   "number of imags":0,
   "point group": "c1",
   "gradient norm":       0.000065190313
}
