{
   "temperature":     298.150000000000,
   "unit": "hartree",
   "energy":     -65.048943639301,
   "free energy":     -64.795390860255,
   "G(T)":       0.253552779046,
   "ZPVE":       0.313133518149,
   "number of imags":0,
   "point group": "c1",
   "gradient norm":       0.000061397551
}
