{
   "temperature":     298.150000000000,
   "unit": "hartree",
   "energy":     -64.707192531309,
   "free energy":     -64.474414013883,
   "G(T)":       0.232778517426,
   "ZPVE":       0.288287282818,
   "number of imags":0,
   "point group": "c1",
   "gradient norm":       0.000064198613
}
