{
   "temperature":     298.150000000000,
   "unit": "hartree",
   "energy":     -12.250032748779,
   "free energy":     -12.248931246288,
   "G(T)":       0.001101502491,
   "ZPVE":       0.027353285869,
   "number of imags":0,
   "point group": "c2v",
   "gradient norm":       0.000014040099
}
