{
   "temperature":     298.150000000000,
   "unit": "hartree",
   "energy":     -64.673020421530,
   "free energy":     -64.443228676155,
   "G(T)":       0.229791745375,
   "ZPVE":       0.288824065133,
   "number of imags":0,
   "point group": "c1",
   "gradient norm":       0.000045166018
}
