{
   "temperature":     298.150000000000,
   "unit": "hartree",
   "energy":     -22.499536284958,
   "free energy":     -22.392809998561,
   "G(T)":       0.106726286396,
   "ZPVE":       0.139655708158,
   "number of imags":0,
   "point group": "c2v",
   "gradient norm":       0.000057494981
}
