{
   "temperature":     298.150000000000,
   "unit": "hartree",
   "energy":     -65.049475342471,
   "free energy":     -64.796073165754,
   "G(T)":       0.253402176718,
   "ZPVE":       0.312894055765,
   "number of imags":0,
   "point group": "c1",
   "gradient norm":       0.000013046151
}
