{
   "temperature":     298.150000000000,
   "unit": "hartree",
   "energy":     -65.046481741054,
   "free energy":     -64.794137898175,
   "G(T)":       0.252343842880,
   "ZPVE":       0.312895063413,
   "number of imags":0,
   "point group": "c1",
   "gradient norm":       0.000075374917
}
