{
    "partname": "prescreening",
    "runtime": 7.454766998998821,
    "results": {
        "CONF1": {
            "xtb_gsolv": {
                "gsolv": -0.002184721612000118,
                "energy_xtb_gas": -23.982828600038,
                "energy_xtb_solv": -23.98501332165
            },
            "sp": {
                "energy": -1150.284723485946
            },
            "gtot": -1150.2869082075579,
            "bmw": 1.0
        }
    },
    "settings": {
        "threshold": 4.0,
        "func": "pbe-d4",
        "basis": "def2-sv(p)",
        "prog": "orca",
        "gfnv": "gfn2",
        "run": true,
        "template": false
    },
    "nconf_in": 1,
    "nconf_out": 1
}