{
   "temperature":     298.150000000000,
   "unit": "hartree",
   "energy":     -65.048890098182,
   "free energy":     -64.795643744750,
   "G(T)":       0.253246353432,
   "ZPVE":       0.312959075902,
   "number of imags":0,
   "point group": "c1",
   "gradient norm":       0.000101053631
}
