{
   "temperature":     298.150000000000,
   "unit": "hartree",
   "energy":     -65.049332038710,
   "free energy":     -64.795760284809,
   "G(T)":       0.253571753901,
   "ZPVE":       0.313165328119,
   "number of imags":0,
   "point group": "c1",
   "gradient norm":       0.000087749764
}
