{
   "temperature":     298.150000000000,
   "unit": "hartree",
   "energy":     -64.700257548226,
   "free energy":     -64.467931502467,
   "G(T)":       0.232326045759,
   "ZPVE":       0.288261531590,
   "number of imags":0,
   "point group": "c1",
   "gradient norm":       0.000089750962
}
