{
   "temperature":     298.150000000000,
   "unit": "hartree",
   "energy":     -65.059341599384,
   "free energy":     -64.806328698668,
   "G(T)":       0.253012900716,
   "ZPVE":       0.312646896793,
   "number of imags":0,
   "point group": "c1",
   "gradient norm":       0.000101352814
}
