{
   "temperature":     298.150000000000,
   "unit": "hartree",
   "energy":     -64.695234396351,
   "free energy":     -64.463129237131,
   "G(T)":       0.232105159220,
   "ZPVE":       0.288499610022,
   "number of imags":0,
   "point group": "c1",
   "gradient norm":       0.000088260594
}
