{
   "temperature":     298.150000000000,
   "unit": "hartree",
   "energy":     -65.050094013762,
   "free energy":     -64.797485595393,
   "G(T)":       0.252608418370,
   "ZPVE":       0.312858764410,
   "number of imags":0,
   "point group": "c1",
   "gradient norm":       0.000028429689
}
