{
   "temperature":     298.150000000000,
   "unit": "hartree",
   "energy":     -64.694473121264,
   "free energy":     -64.463450517754,
   "G(T)":       0.231022603510,
   "ZPVE":       0.288111974404,
   "number of imags":0,
   "point group": "c1",
   "gradient norm":       0.000078424208
}
