{
   "temperature":     298.150000000000,
   "unit": "hartree",
   "energy":     -22.499209216114,
   "free energy":     -22.390444661716,
   "G(T)":       0.108764554398,
   "ZPVE":       0.140505803462,
   "number of imags":0,
   "point group": "cs",
   "gradient norm":       0.000049720861
}
