{
    "partname": "prescreening",
    "runtime": 17.463544770143926,
    "results": {
        "CONF1": {
            "xtb_gsolv": {
                "gsolv": -0.020374338801001812,
                "energy_xtb_gas": -24.012300943253,
                "energy_xtb_solv": -24.032675282054
            },
            "sp": {
                "energy": -704.850895810683
            },
            "gtot": -704.8712701494841,
            "bmw": 1.0
        }
    },
    "settings": {
        "threshold": 4.0,
        "func": "pbe-d4",
        "basis": "def2-sv(p)",
        "prog": "orca",
        "gfnv": "gfn2",
        "run": true,
        "template": false
    },
    "nconf_in": 1,
    "nconf_out": 1
}