{
   "temperature":     298.150000000000,
   "unit": "hartree",
   "energy":     -65.062679704938,
   "free energy":     -64.809642120735,
   "G(T)":       0.253037584203,
   "ZPVE":       0.312565956536,
   "number of imags":0,
   "point group": "c1",
   "gradient norm":       0.000073643952
}
