{
    "partname": "prescreening",
    "runtime": 8.04591672681272,
    "results": {
        "CONF2": {
            "xtb_gsolv": {
                "gsolv": 0.002906930218998127,
                "energy_xtb_gas": -32.105163198403,
                "energy_xtb_solv": -32.102256268184
            },
            "sp": {
                "energy": -1754.641387506082
            },
            "gtot": -1754.638480575863,
            "bmw": 0.18654822389596498
        },
        "CONF1": {
            "xtb_gsolv": {
                "gsolv": 0.0031046072549969495,
                "energy_xtb_gas": -32.105412980558,
                "energy_xtb_solv": -32.102308373303
            },
            "sp": {
                "energy": -1754.642975585211
            },
            "gtot": -1754.639870977956,
            "bmw": 0.8134517761040351
        }
    },
    "settings": {
        "threshold": 4.0,
        "func": "pbe-d4",
        "basis": "def2-sv(p)",
        "prog": "orca",
        "gfnv": "gfn2",
        "run": true,
        "template": false
    },
    "nconf_in": 2,
    "nconf_out": 2
}