{
    "partname": "screening",
    "runtime": 34.18362326361239,
    "results": {
        "CONF2": {
            "gsolv": {
                "gsolv": 0.004657294948856361,
                "energy_gas": -1756.245152568188,
                "energy_solv": -1756.240495273239
            },
            "gtot": -1756.240495273239,
            "bmw": 0.2303541060804005
        },
        "CONF1": {
            "gsolv": {
                "gsolv": 0.004663112331854791,
                "energy_gas": -1756.246297366578,
                "energy_solv": -1756.241634254246
            },
            "gtot": -1756.241634254246,
            "bmw": 0.7696458939195994
        }
    },
    "settings": {
        "threshold": 3.5,
        "func": "r2scan-3c",
        "basis": "def2-tzvp",
        "prog": "orca",
        "sm": "smd",
        "gfnv": "gfn2",
        "run": true,
        "implicit": false,
        "template": false
    },
    "nconf_in": 2,
    "nconf_out": 2
}