{
    "partname": "refinement",
    "runtime": 172.654194152914,
    "results": {
        "CONF2": {
            "gsolv": {
                "gsolv": 0.004634578021978086,
                "energy_gas": -1756.195354821607,
                "energy_solv": -1756.190720243585
            },
            "gtot": -1756.190720243585,
            "bmw": 0.517344872645662
        },
        "CONF1": {
            "gsolv": {
                "gsolv": 0.004669137000064438,
                "energy_gas": -1756.195323847299,
                "energy_solv": -1756.190654710299
            },
            "gtot": -1756.190654710299,
            "bmw": 0.48265512735433796
        }
    },
    "settings": {
        "threshold": 0.95,
        "func": "wb97x-v",
        "basis": "def2-tzvp",
        "prog": "orca",
        "sm": "smd",
        "gfnv": "gfn2",
        "run": true,
        "implicit": false,
        "template": false
    },
    "nconf_in": 2,
    "nconf_out": 2
}