{
   "temperature":     298.150000000000,
   "unit": "hartree",
   "energy":     -65.051387837326,
   "free energy":     -64.797996148550,
   "G(T)":       0.253391688776,
   "ZPVE":       0.312983081361,
   "number of imags":0,
   "point group": "c1",
   "gradient norm":       0.000077093534
}
