{
   "temperature":     298.150000000000,
   "unit": "hartree",
   "energy":     -65.055435258710,
   "free energy":     -64.802392004726,
   "G(T)":       0.253043253984,
   "ZPVE":       0.312765512075,
   "number of imags":0,
   "point group": "c1",
   "gradient norm":       0.000042150894
}
