{
   "temperature":     298.150000000000,
   "unit": "hartree",
   "energy":     -65.035168431048,
   "free energy":     -64.782634387965,
   "G(T)":       0.252534043084,
   "ZPVE":       0.313239410948,
   "number of imags":0,
   "point group": "c1",
   "gradient norm":       0.000052466424
}
