{
   "temperature":     298.150000000000,
   "unit": "hartree",
   "energy":     -15.459764345230,
   "free energy":     -15.406262542748,
   "G(T)":       0.053501802482,
   "ZPVE":       0.080783394049,
   "number of imags":0,
   "point group": "c2",
   "gradient norm":       0.000058652379
}
