{
   "temperature":     298.150000000000,
   "unit": "hartree",
   "energy":     -65.065565420201,
   "free energy":     -64.812084393546,
   "G(T)":       0.253481026655,
   "ZPVE":       0.312619719221,
   "number of imags":0,
   "point group": "c1",
   "gradient norm":       0.000077126209
}
