{
   "temperature":     298.150000000000,
   "unit": "hartree",
   "energy":     -36.154832152699,
   "free energy":     -36.035473457262,
   "G(T)":       0.119358695438,
   "ZPVE":       0.154846159962,
   "number of imags":0,
   "point group": "c1",
   "gradient norm":       0.000084694133
}
