{
   "temperature":     298.150000000000,
   "unit": "hartree",
   "energy":     -65.060790512129,
   "free energy":     -64.807524128427,
   "G(T)":       0.253266383702,
   "ZPVE":       0.312651879566,
   "number of imags":0,
   "point group": "c1",
   "gradient norm":       0.000052717231
}
