{
   "temperature":     298.150000000000,
   "unit": "hartree",
   "energy":     -22.499536405962,
   "free energy":     -22.392570046551,
   "G(T)":       0.106966359411,
   "ZPVE":       0.139687564780,
   "number of imags":0,
   "point group": "c2v",
   "gradient norm":       0.000017098552
}
