{
   "temperature":     298.150000000000,
   "unit": "hartree",
   "energy":     -11.553427618452,
   "free energy":     -11.496601174959,
   "G(T)":       0.056826443493,
   "ZPVE":       0.082748064182,
   "number of imags":0,
   "point group": "c2h",
   "gradient norm":       0.000061896483
}
