{
   "temperature":     298.150000000000,
   "unit": "hartree",
   "energy":     -65.054044845756,
   "free energy":     -64.800893244941,
   "G(T)":       0.253151600815,
   "ZPVE":       0.312806846907,
   "number of imags":0,
   "point group": "c1",
   "gradient norm":       0.000103460662
}
