{
   "temperature":     298.150000000000,
   "unit": "hartree",
   "energy":     -20.209591280512,
   "free energy":     -20.163407927651,
   "G(T)":       0.046183352861,
   "ZPVE":       0.076098727342,
   "number of imags":0,
   "point group": "cs",
   "gradient norm":       0.000177072977
}
