{
   "temperature":     298.150000000000,
   "unit": "hartree",
   "energy":     -65.046515588125,
   "free energy":     -64.792655610958,
   "G(T)":       0.253859977168,
   "ZPVE":       0.313282210058,
   "number of imags":0,
   "point group": "c1",
   "gradient norm":       0.000088033003
}
