{
    "partname": "prescreening",
    "runtime": 22.36730261426419,
    "results": {
        "CONF1": {
            "xtb_gsolv": {
                "gsolv": -0.004805360778000534,
                "energy_xtb_gas": -55.814814444358,
                "energy_xtb_solv": -55.819619805136
            },
            "sp": {
                "energy": -3602.300627005992
            },
            "gtot": -3602.3054323667698,
            "bmw": 1.0
        }
    },
    "settings": {
        "threshold": 4.0,
        "func": "pbe-d4",
        "basis": "def2-sv(p)",
        "prog": "orca",
        "gfnv": "gfn2",
        "run": true,
        "template": false
    },
    "nconf_in": 1,
    "nconf_out": 1
}