{
   "temperature":     298.150000000000,
   "unit": "hartree",
   "energy":     -65.051051516883,
   "free energy":     -64.798285089420,
   "G(T)":       0.252766427463,
   "ZPVE":       0.312829124115,
   "number of imags":0,
   "point group": "c1",
   "gradient norm":       0.000032647704
}
