{
   "temperature":     298.150000000000,
   "unit": "hartree",
   "energy":     -22.491261807715,
   "free energy":     -22.381600013040,
   "G(T)":       0.109661794675,
   "ZPVE":       0.140794952807,
   "number of imags":0,
   "point group": "c1",
   "gradient norm":       0.000046188602
}
