{
   "temperature":     298.150000000000,
   "unit": "hartree",
   "energy":     -65.050274260950,
   "free energy":     -64.796865446055,
   "G(T)":       0.253408814896,
   "ZPVE":       0.312869415234,
   "number of imags":0,
   "point group": "c1",
   "gradient norm":       0.000032906025
}
