{
   "temperature":     298.150000000000,
   "unit": "hartree",
   "energy":     -29.556774915598,
   "free energy":     -29.443547941078,
   "G(T)":       0.113226974520,
   "ZPVE":       0.146131559388,
   "number of imags":0,
   "point group": "cs",
   "gradient norm":       0.000029529346
}
