{
   "temperature":     298.150000000000,
   "unit": "hartree",
   "energy":     -65.040063255353,
   "free energy":     -64.787031319349,
   "G(T)":       0.253031936004,
   "ZPVE":       0.313100556394,
   "number of imags":0,
   "point group": "c1",
   "gradient norm":       0.000016113086
}
