{
   "temperature":     298.150000000000,
   "unit": "hartree",
   "energy":     -64.695525758477,
   "free energy":     -64.462953247884,
   "G(T)":       0.232572510592,
   "ZPVE":       0.288834571320,
   "number of imags":0,
   "point group": "c1",
   "gradient norm":       0.000178601917
}
