{
   "temperature":     298.150000000000,
   "unit": "hartree",
   "energy":     -65.048734173389,
   "free energy":     -64.795390538409,
   "G(T)":       0.253343634980,
   "ZPVE":       0.312962738313,
   "number of imags":0,
   "point group": "c1",
   "gradient norm":       0.000065708195
}
