{
   "temperature":     298.150000000000,
   "unit": "hartree",
   "energy":     -65.052303153539,
   "free energy":     -64.799463473086,
   "G(T)":       0.252839680453,
   "ZPVE":       0.312750752588,
   "number of imags":0,
   "point group": "c1",
   "gradient norm":       0.000051021894
}
