{
   "temperature":     298.150000000000,
   "unit": "hartree",
   "energy":     -23.986827112794,
   "free energy":     -23.939324983226,
   "G(T)":       0.047502129568,
   "ZPVE":       0.078475287167,
   "number of imags":0,
   "point group": "d2h",
   "gradient norm":       0.000021698614
}
