{
   "temperature":     298.150000000000,
   "unit": "hartree",
   "energy":     -64.708270361368,
   "free energy":     -64.475925705364,
   "G(T)":       0.232344656004,
   "ZPVE":       0.288090026010,
   "number of imags":0,
   "point group": "c1",
   "gradient norm":       0.000060207612
}
