{
   "temperature":     298.150000000000,
   "unit": "hartree",
   "energy":     -27.610878062752,
   "free energy":     -27.614909974649,
   "G(T)":      -0.004031911896,
   "ZPVE":       0.030294984820,
   "number of imags":0,
   "point group": "c1",
   "gradient norm":       0.000076163679
}
