{
   "temperature":     298.150000000000,
   "unit": "hartree",
   "energy":     -65.048897335462,
   "free energy":     -64.795667817583,
   "G(T)":       0.253229517878,
   "ZPVE":       0.312954114055,
   "number of imags":0,
   "point group": "c1",
   "gradient norm":       0.000100001273
}
