{
   "temperature":     298.150000000000,
   "unit": "hartree",
   "energy":     -64.696307663097,
   "free energy":     -64.464138167842,
   "G(T)":       0.232169495255,
   "ZPVE":       0.288466651108,
   "number of imags":0,
   "point group": "c1",
   "gradient norm":       0.000051389765
}
