{
   "temperature":     298.150000000000,
   "unit": "hartree",
   "energy":     -64.702929745836,
   "free energy":     -64.471354387717,
   "G(T)":       0.231575358119,
   "ZPVE":       0.288056369337,
   "number of imags":0,
   "point group": "c1",
   "gradient norm":       0.000069056725
}
