{
   "temperature":     298.150000000000,
   "unit": "hartree",
   "energy":     -65.046441651768,
   "free energy":     -64.794204127553,
   "G(T)":       0.252237524215,
   "ZPVE":       0.312849493137,
   "number of imags":0,
   "point group": "c1",
   "gradient norm":       0.000064883964
}
