{
   "temperature":     298.150000000000,
   "unit": "hartree",
   "energy":     -65.048758486148,
   "free energy":     -64.795782134320,
   "G(T)":       0.252976351828,
   "ZPVE":       0.312924080061,
   "number of imags":0,
   "point group": "c1",
   "gradient norm":       0.000068177240
}
