{
   "temperature":     298.150000000000,
   "unit": "hartree",
   "energy":     -65.048691370436,
   "free energy":     -64.795666870406,
   "G(T)":       0.253024500030,
   "ZPVE":       0.312942648051,
   "number of imags":0,
   "point group": "c1",
   "gradient norm":       0.000053804373
}
