{
   "temperature":     298.150000000000,
   "unit": "hartree",
   "energy":     -65.046892416625,
   "free energy":     -64.793947494391,
   "G(T)":       0.252944922234,
   "ZPVE":       0.312953314231,
   "number of imags":0,
   "point group": "c1",
   "gradient norm":       0.000156147446
}
