{
   "temperature":     298.150000000000,
   "unit": "hartree",
   "energy":     -20.207156630462,
   "free energy":     -20.161017810931,
   "G(T)":       0.046138819531,
   "ZPVE":       0.076086919671,
   "number of imags":0,
   "point group": "cs",
   "gradient norm":       0.000046132689
}
