{
   "temperature":     298.150000000000,
   "unit": "hartree",
   "energy":     -64.708239108147,
   "free energy":     -64.475738187122,
   "G(T)":       0.232500921025,
   "ZPVE":       0.288071974751,
   "number of imags":0,
   "point group": "c1",
   "gradient norm":       0.000053062729
}
