{
   "temperature":     298.150000000000,
   "unit": "hartree",
   "energy":     -65.047704283533,
   "free energy":     -64.794615751622,
   "G(T)":       0.253088531911,
   "ZPVE":       0.313014937619,
   "number of imags":0,
   "point group": "c1",
   "gradient norm":       0.000007130860
}
