{
   "temperature":     298.150000000000,
   "unit": "hartree",
   "energy":     -65.053669326765,
   "free energy":     -64.799923909408,
   "G(T)":       0.253745417357,
   "ZPVE":       0.312957783140,
   "number of imags":0,
   "point group": "c1",
   "gradient norm":       0.000061236839
}
