{
   "temperature":     298.150000000000,
   "unit": "hartree",
   "energy":     -65.050142565933,
   "free energy":     -64.796798420479,
   "G(T)":       0.253344145455,
   "ZPVE":       0.313107887182,
   "number of imags":0,
   "point group": "c1",
   "gradient norm":       0.000062746297
}
