{
    "partname": "prescreening",
    "runtime": 7.191530790645629,
    "results": {
        "CONF1": {
            "xtb_gsolv": {
                "gsolv": -0.02293825772200009,
                "energy_xtb_gas": -18.685258457427,
                "energy_xtb_solv": -18.708196715149
            },
            "sp": {
                "energy": -627.602389423006
            },
            "gtot": -627.625327680728,
            "bmw": 0.9894340047562066
        },
        "CONF2": {
            "xtb_gsolv": {
                "gsolv": -0.023045514631998998,
                "energy_xtb_gas": -18.683858126146,
                "energy_xtb_solv": -18.706903640778
            },
            "sp": {
                "energy": -627.597996051121
            },
            "gtot": -627.621041565753,
            "bmw": 0.010565995243793353
        }
    },
    "settings": {
        "threshold": 4.0,
        "func": "pbe-d4",
        "basis": "def2-sv(p)",
        "prog": "orca",
        "gfnv": "gfn2",
        "run": true,
        "template": false
    },
    "nconf_in": 2,
    "nconf_out": 2
}