{
    "partname": "screening",
    "runtime": 104.89994668588042,
    "results": {
        "CONF2": {
            "gsolv": {
                "gsolv": -0.020525464214983913,
                "energy_gas": -628.34334114462,
                "energy_solv": -628.363866608835
            },
            "gtot": -628.363866608835,
            "bmw": 0.016920915496775185
        },
        "CONF1": {
            "gsolv": {
                "gsolv": -0.02115704720699796,
                "energy_gas": -628.346544967534,
                "energy_solv": -628.367702014741
            },
            "gtot": -628.367702014741,
            "bmw": 0.9830790845032249
        }
    },
    "settings": {
        "threshold": 3.5,
        "func": "r2scan-3c",
        "basis": "def2-tzvp",
        "prog": "orca",
        "sm": "smd",
        "gfnv": "gfn2",
        "run": true,
        "implicit": false,
        "template": false
    },
    "nconf_in": 2,
    "nconf_out": 2
}