{
    "partname": "refinement",
    "runtime": 133.9056806578301,
    "results": {
        "CONF2": {
            "gsolv": {
                "gsolv": -0.022485151077944465,
                "energy_gas": -628.412203143602,
                "energy_solv": -628.43468829468
            },
            "gtot": -628.43468829468,
            "bmw": 0.469728019330001
        },
        "CONF1": {
            "gsolv": {
                "gsolv": -0.02254387569098526,
                "energy_gas": -628.412258888245,
                "energy_solv": -628.434802763936
            },
            "gtot": -628.434802763936,
            "bmw": 0.530271980669999
        }
    },
    "settings": {
        "threshold": 0.95,
        "func": "wb97x-v",
        "basis": "def2-tzvp",
        "prog": "orca",
        "sm": "smd",
        "gfnv": "gfn2",
        "run": true,
        "implicit": false,
        "template": false
    },
    "nconf_in": 2,
    "nconf_out": 2
}