{
   "temperature":     298.150000000000,
   "unit": "hartree",
   "energy":     -65.059356541242,
   "free energy":     -64.806012806534,
   "G(T)":       0.253343734708,
   "ZPVE":       0.312806156765,
   "number of imags":0,
   "point group": "c1",
   "gradient norm":       0.000074871022
}
