{
    "partname": "prescreening",
    "runtime": 16.83897015452385,
    "results": {
        "CONF1": {
            "xtb_gsolv": {
                "gsolv": -0.001568136395000863,
                "energy_xtb_gas": -37.908950486582,
                "energy_xtb_solv": -37.910518622977
            },
            "sp": {
                "energy": -611.279591795327
            },
            "gtot": -611.281159931722,
            "bmw": 1.0
        }
    },
    "settings": {
        "threshold": 4.0,
        "func": "pbe-d4",
        "basis": "def2-sv(p)",
        "prog": "orca",
        "gfnv": "gfn2",
        "run": true,
        "template": false
    },
    "nconf_in": 1,
    "nconf_out": 1
}