{
   "temperature":     298.150000000000,
   "unit": "hartree",
   "energy":     -15.464241515576,
   "free energy":     -15.410407338777,
   "G(T)":       0.053834176799,
   "ZPVE":       0.081402966112,
   "number of imags":0,
   "point group": "c1",
   "gradient norm":       0.000058970292
}
