{
   "temperature":     298.150000000000,
   "unit": "hartree",
   "energy":     -65.047839542573,
   "free energy":     -64.793974948371,
   "G(T)":       0.253864594201,
   "ZPVE":       0.313188652693,
   "number of imags":0,
   "point group": "c1",
   "gradient norm":       0.000102748382
}
