{
   "temperature":     298.150000000000,
   "unit": "hartree",
   "energy":     -64.695187782739,
   "free energy":     -64.462682473825,
   "G(T)":       0.232505308913,
   "ZPVE":       0.288483606257,
   "number of imags":0,
   "point group": "c1",
   "gradient norm":       0.000090661985
}
