{
   "temperature":     298.150000000000,
   "unit": "hartree",
   "energy":     -65.059923035503,
   "free energy":     -64.806313419210,
   "G(T)":       0.253609616294,
   "ZPVE":       0.312832886998,
   "number of imags":0,
   "point group": "c1",
   "gradient norm":       0.000098208126
}
