{
    "partname": "prescreening",
    "runtime": 7.056160979904234,
    "results": {
        "CONF2": {
            "xtb_gsolv": {
                "gsolv": -0.0016039746659988197,
                "energy_xtb_gas": -14.479383863042,
                "energy_xtb_solv": -14.480987837708
            },
            "sp": {
                "energy": -5225.322574333234
            },
            "gtot": -5225.3241783079,
            "bmw": 0.3574826410468681
        },
        "CONF1": {
            "xtb_gsolv": {
                "gsolv": -0.00028852655700006835,
                "energy_xtb_gas": -14.482975189635,
                "energy_xtb_solv": -14.483263716192
            },
            "sp": {
                "energy": -5225.324443362938
            },
            "gtot": -5225.324731889495,
            "bmw": 0.6425173589531319
        }
    },
    "settings": {
        "threshold": 4.0,
        "func": "pbe-d4",
        "basis": "def2-sv(p)",
        "prog": "orca",
        "gfnv": "gfn2",
        "run": true,
        "template": false
    },
    "nconf_in": 2,
    "nconf_out": 2
}