{
    "partname": "screening",
    "runtime": 23.574432818219066,
    "results": {
        "CONF1": {
            "gsolv": {
                "gsolv": -0.0045691632712987484,
                "energy_gas": -5226.874084585605,
                "energy_solv": -5226.878653748876
            },
            "gtot": -5226.878653748876,
            "bmw": 0.8039398972041906
        },
        "CONF2": {
            "gsolv": {
                "gsolv": -0.007155033074013772,
                "energy_gas": -5226.870166374983,
                "energy_solv": -5226.877321408057
            },
            "gtot": -5226.877321408057,
            "bmw": 0.19606010279580938
        }
    },
    "settings": {
        "threshold": 3.5,
        "func": "r2scan-3c",
        "basis": "def2-tzvp",
        "prog": "orca",
        "sm": "smd",
        "gfnv": "gfn2",
        "run": true,
        "implicit": false,
        "template": false
    },
    "nconf_in": 2,
    "nconf_out": 2
}