{
    "partname": "refinement",
    "runtime": 140.24139703530818,
    "results": {
        "CONF1": {
            "gsolv": {
                "gsolv": -0.0048622066433381406,
                "energy_gas": -5226.462462465622,
                "energy_solv": -5226.467324672265
            },
            "gtot": -5226.467324672265,
            "bmw": 0.7798734892474783
        },
        "CONF2": {
            "gsolv": {
                "gsolv": -0.0071543446256328025,
                "energy_gas": -5226.458976001913,
                "energy_solv": -5226.466130346538
            },
            "gtot": -5226.466130346538,
            "bmw": 0.22012651075252165
        }
    },
    "settings": {
        "threshold": 0.95,
        "func": "wb97x-v",
        "basis": "def2-tzvp",
        "prog": "orca",
        "sm": "smd",
        "gfnv": "gfn2",
        "run": true,
        "implicit": false,
        "template": false
    },
    "nconf_in": 2,
    "nconf_out": 2
}