{
   "temperature":     298.150000000000,
   "unit": "hartree",
   "energy":     -65.053076273743,
   "free energy":     -64.799775607054,
   "G(T)":       0.253300666689,
   "ZPVE":       0.312875223065,
   "number of imags":0,
   "point group": "c1",
   "gradient norm":       0.000043280536
}
