{
   "temperature":     298.150000000000,
   "unit": "hartree",
   "energy":     -47.582724732606,
   "free energy":     -47.520877992740,
   "G(T)":       0.061846739866,
   "ZPVE":       0.103589359213,
   "number of imags":0,
   "point group": "c2",
   "gradient norm":       0.000026476818
}
