{
   "temperature":     298.150000000000,
   "unit": "hartree",
   "energy":     -65.043417746019,
   "free energy":     -64.789537985593,
   "G(T)":       0.253879760427,
   "ZPVE":       0.313066662390,
   "number of imags":0,
   "point group": "c2",
   "gradient norm":       0.000148668352
}
