{
   "temperature":     298.150000000000,
   "unit": "hartree",
   "energy":     -28.915837328533,
   "free energy":     -28.790505369905,
   "G(T)":       0.125331958628,
   "ZPVE":       0.158450020943,
   "number of imags":0,
   "point group": "c1",
   "gradient norm":       0.000059091212
}
