{
   "temperature":     298.150000000000,
   "unit": "hartree",
   "energy":     -64.697763095920,
   "free energy":     -64.465035464902,
   "G(T)":       0.232727631018,
   "ZPVE":       0.288856201409,
   "number of imags":0,
   "point group": "c1",
   "gradient norm":       0.000063264458
}
