{
   "temperature":     298.150000000000,
   "unit": "hartree",
   "energy":     -65.048179004976,
   "free energy":     -64.794368440971,
   "G(T)":       0.253810564005,
   "ZPVE":       0.313306611558,
   "number of imags":0,
   "point group": "c1",
   "gradient norm":       0.000106687180
}
