{
   "temperature":     298.150000000000,
   "unit": "hartree",
   "energy":     -64.700392051494,
   "free energy":     -64.467766627509,
   "G(T)":       0.232625423985,
   "ZPVE":       0.288623060845,
   "number of imags":0,
   "point group": "c1",
   "gradient norm":       0.000105931343
}
