{
   "temperature":     298.150000000000,
   "unit": "hartree",
   "energy":     -15.420514444156,
   "free energy":     -15.393670836420,
   "G(T)":       0.026843607735,
   "ZPVE":       0.055449551537,
   "number of imags":0,
   "point group": "c2",
   "gradient norm":       0.000072990373
}
