{
   "temperature":     298.150000000000,
   "unit": "hartree",
   "energy":     -17.797963683678,
   "free energy":     -17.750482581156,
   "G(T)":       0.047481102522,
   "ZPVE":       0.076444690112,
   "number of imags":0,
   "point group": "cs",
   "gradient norm":       0.000050822024
}
