{
   "temperature":     298.150000000000,
   "unit": "hartree",
   "energy":     -65.047367133065,
   "free energy":     -64.794640554882,
   "G(T)":       0.252726578184,
   "ZPVE":       0.312872871190,
   "number of imags":0,
   "point group": "c1",
   "gradient norm":       0.000196168058
}
