{
   "temperature":     298.150000000000,
   "unit": "hartree",
   "energy":     -65.052272123865,
   "free energy":     -64.799302302276,
   "G(T)":       0.252969821589,
   "ZPVE":       0.312704439694,
   "number of imags":0,
   "point group": "c1",
   "gradient norm":       0.000056164098
}
