{
   "temperature":     298.150000000000,
   "unit": "hartree",
   "energy":     -64.719008497141,
   "free energy":     -64.486076583160,
   "G(T)":       0.232931913981,
   "ZPVE":       0.288008569905,
   "number of imags":0,
   "point group": "c1",
   "gradient norm":       0.000042425894
}
