{
   "temperature":     298.150000000000,
   "unit": "hartree",
   "energy":     -65.051610785908,
   "free energy":     -64.798386415975,
   "G(T)":       0.253224369932,
   "ZPVE":       0.313039935918,
   "number of imags":0,
   "point group": "c1",
   "gradient norm":       0.000079238031
}
