{
   "temperature":     298.150000000000,
   "unit": "hartree",
   "energy":     -36.160720100616,
   "free energy":     -36.040116321733,
   "G(T)":       0.120603778883,
   "ZPVE":       0.155277127141,
   "number of imags":0,
   "point group": "c1",
   "gradient norm":       0.000063993195
}
