{
   "temperature":     298.150000000000,
   "unit": "hartree",
   "energy":     -64.708695773366,
   "free energy":     -64.475973380781,
   "G(T)":       0.232722392585,
   "ZPVE":       0.288504489501,
   "number of imags":0,
   "point group": "c1",
   "gradient norm":       0.000048500898
}
