{
    "partname": "prescreening",
    "runtime": 8.597504595294595,
    "results": {
        "CONF1": {
            "xtb_gsolv": {
                "gsolv": -0.007475215481999697,
                "energy_xtb_gas": -27.176969471481,
                "energy_xtb_solv": -27.184444686963
            },
            "sp": {
                "energy": -805.304227177404
            },
            "gtot": -805.311702392886,
            "bmw": 1.0
        }
    },
    "settings": {
        "threshold": 4.0,
        "func": "pbe-d4",
        "basis": "def2-sv(p)",
        "prog": "orca",
        "gfnv": "gfn2",
        "run": true,
        "template": false
    },
    "nconf_in": 1,
    "nconf_out": 1
}