{
   "temperature":     298.150000000000,
   "unit": "hartree",
   "energy":     -64.707884040308,
   "free energy":     -64.475038020441,
   "G(T)":       0.232846019867,
   "ZPVE":       0.288414999333,
   "number of imags":0,
   "point group": "c1",
   "gradient norm":       0.000058055388
}
