{
   "temperature":     298.150000000000,
   "unit": "hartree",
   "energy":     -65.054257027247,
   "free energy":     -64.800380547421,
   "G(T)":       0.253876479826,
   "ZPVE":       0.313090350357,
   "number of imags":0,
   "point group": "c1",
   "gradient norm":       0.000029441197
}
