{
   "temperature":     298.150000000000,
   "unit": "hartree",
   "energy":     -22.673637564685,
   "free energy":     -22.533328257983,
   "G(T)":       0.140309306702,
   "ZPVE":       0.170700798739,
   "number of imags":0,
   "point group": "cs",
   "gradient norm":       0.000031705621
}
