{
   "temperature":     298.150000000000,
   "unit": "hartree",
   "energy":     -26.306412742541,
   "free energy":     -26.185601454758,
   "G(T)":       0.120811287783,
   "ZPVE":       0.155124472164,
   "number of imags":0,
   "point group": "c1",
   "gradient norm":       0.000051648668
}
