{
    "partname": "prescreening",
    "runtime": 6.9648344069719315,
    "results": {
        "CONF1": {
            "xtb_gsolv": {
                "gsolv": -0.008564722295000493,
                "energy_xtb_gas": -14.622291890483,
                "energy_xtb_solv": -14.630856612778
            },
            "sp": {
                "energy": -244.538978042282
            },
            "gtot": -244.547542764577,
            "bmw": 1.0
        }
    },
    "settings": {
        "threshold": 4.0,
        "func": "pbe-d4",
        "basis": "def2-sv(p)",
        "prog": "orca",
        "gfnv": "gfn2",
        "run": true,
        "template": false
    },
    "nconf_in": 1,
    "nconf_out": 1
}