{
   "temperature":     298.150000000000,
   "unit": "hartree",
   "energy":     -65.051710091970,
   "free energy":     -64.798483642986,
   "G(T)":       0.253226448984,
   "ZPVE":       0.312927891198,
   "number of imags":0,
   "point group": "c1",
   "gradient norm":       0.000107113609
}
